path,true,mode,pred,left_prob,right_prob,correct
D:\GRIP_Dataset\New_model\Chirality_Crops\aug27_final_v2_bbox\val\left\12-43-09\images\left\left__GRIP_2026-08-27_12-43-09__e000001.jpg,left,original,left,1.0,1.6167042747941562e-13,True
D:\GRIP_Dataset\New_model\Chirality_Crops\aug27_final_v2_bbox\val\left\12-43-09\images\left\left__GRIP_2026-08-27_12-43-09__e000001.jpg,left,finger_side,left,0.9999198913574219,8.005990093806759e-05,True
D:\GRIP_Dataset\New_model\Chirality_Crops\aug27_final_v2_bbox\val\left\12-43-09\images\left\left__GRIP_2026-08-27_12-43-09__e000001.jpg,left,cuff_side,left,1.0,7.388813519360049e-12,True
D:\GRIP_Dataset\New_model\Chirality_Crops\aug27_final_v2_bbox\val\left\12-43-09\images\left\left__GRIP_2026-08-27_12-43-09__e000001.jpg,left,centre,left,0.9999995231628418,4.310897736559127e-07,True
D:\GRIP_Dataset\New_model\Chirality_Crops\aug27_final_v2_bbox\val\left\12-43-09\images\left\left__GRIP_2026-08-27_12-43-09__e000001.jpg,left,top_background,left,1.0,1.4191967913357306e-13,True
D:\GRIP_Dataset\New_model\Chirality_Crops\aug27_final_v2_bbox\val\left\12-43-09\images\left\left__GRIP_2026-08-27_12-43-09__e000001.jpg,left,bottom_background,left,1.0,2.042879483198784e-13,True
D:\GRIP_Dataset\New_model\Chirality_Crops\aug27_final_v2_bbox\val\left\12-43-09\images\left\left__GRIP_2026-08-27_12-43-09__e000005.jpg,left,original,left,1.0,1.8261061066060513e-12,True
D:\GRIP_Dataset\New_model\Chirality_Crops\aug27_final_v2_bbox\val\left\12-43-09\images\left\left__GRIP_2026-08-27_12-43-09__e000005.jpg,left,finger_side,left,0.9993683695793152,0.0006316400249488652,True
D:\GRIP_Dataset\New_model\Chirality_Crops\aug27_final_v2_bbox\val\left\12-43-09\images\left\left__GRIP_2026-08-27_12-43-09__e000005.jpg,left,cuff_side,left,1.0,7.14424630565702e-10,True
D:\GRIP_Dataset\New_model\Chirality_Crops\aug27_final_v2_bbox\val\left\12-43-09\images\left\left__GRIP_2026-08-27_12-43-09__e000005.jpg,left,centre,left,0.999994158744812,5.891314231121214e-06,True
D:\GRIP_Dataset\New_model\Chirality_Crops\aug27_final_v2_bbox\val\left\12-43-09\images\left\left__GRIP_2026-08-27_12-43-09__e000005.jpg,left,top_background,left,1.0,1.5133262481689669e-12,True
D:\GRIP_Dataset\New_model\Chirality_Crops\aug27_final_v2_bbox\val\left\12-43-09\images\left\left__GRIP_2026-08-27_12-43-09__e000005.jpg,left,bottom_background,left,1.0,1.945378103399009e-12,True
D:\GRIP_Dataset\New_model\Chirality_Crops\aug27_final_v2_bbox\val\left\12-43-09\images\left\left__GRIP_2026-08-27_12-43-09__e000007.jpg,left,original,left,1.0,1.9996457822912816e-08,True
D:\GRIP_Dataset\New_model\Chirality_Crops\aug27_final_v2_bbox\val\left\12-43-09\images\left\left__GRIP_2026-08-27_12-43-09__e000007.jpg,left,finger_side,left,0.9999855756759644,1.4401348380488344e-05,True
D:\GRIP_Dataset\New_model\Chirality_Crops\aug27_final_v2_bbox\val\left\12-43-09\images\left\left__GRIP_2026-08-27_12-43-09__e000007.jpg,left,cuff_side,left,1.0,2.466479287477341e-08,True
D:\GRIP_Dataset\New_model\Chirality_Crops\aug27_final_v2_bbox\val\left\12-43-09\images\left\left__GRIP_2026-08-27_12-43-09__e000007.jpg,left,centre,left,0.9999973773956299,2.633993517520139e-06,True
D:\GRIP_Dataset\New_model\Chirality_Crops\aug27_final_v2_bbox\val\left\12-43-09\images\left\left__GRIP_2026-08-27_12-43-09__e000007.jpg,left,top_background,left,1.0,1.975176999735595e-08,True
D:\GRIP_Dataset\New_model\Chirality_Crops\aug27_final_v2_bbox\val\left\12-43-09\images\left\left__GRIP_2026-08-27_12-43-09__e000007.jpg,left,bottom_background,left,1.0,1.9996457822912816e-08,True
D:\GRIP_Dataset\New_model\Chirality_Crops\aug27_final_v2_bbox\val\left\12-43-09\images\left\left__GRIP_2026-08-27_12-43-09__e000008.jpg,left,original,left,1.0,1.0720385760750253e-13,True
D:\GRIP_Dataset\New_model\Chirality_Crops\aug27_final_v2_bbox\val\left\12-43-09\images\left\left__GRIP_2026-08-27_12-43-09__e000008.jpg,left,finger_side,left,0.9998772144317627,0.0001227331958943978,True
D:\GRIP_Dataset\New_model\Chirality_Crops\aug27_final_v2_bbox\val\left\12-43-09\images\left\left__GRIP_2026-08-27_12-43-09__e000008.jpg,left,cuff_side,left,1.0,6.033321398035696e-09,True
D:\GRIP_Dataset\New_model\Chirality_Crops\aug27_final_v2_bbox\val\left\12-43-09\images\left\left__GRIP_2026-08-27_12-43-09__e000008.jpg,left,centre,left,0.9999994039535522,5.522372248378815e-07,True
D:\GRIP_Dataset\New_model\Chirality_Crops\aug27_final_v2_bbox\val\left\12-43-09\images\left\left__GRIP_2026-08-27_12-43-09__e000008.jpg,left,top_background,left,1.0,1.0403642194695834e-13,True
D:\GRIP_Dataset\New_model\Chirality_Crops\aug27_final_v2_bbox\val\left\12-43-09\images\left\left__GRIP_2026-08-27_12-43-09__e000008.jpg,left,bottom_background,left,1.0,1.9939153884300335e-14,True
D:\GRIP_Dataset\New_model\Chirality_Crops\aug27_final_v2_bbox\val\left\12-43-09\images\left\left__GRIP_2026-08-27_12-43-09__e000009.jpg,left,original,left,0.9999978542327881,2.1223804651526734e-06,True
D:\GRIP_Dataset\New_model\Chirality_Crops\aug27_final_v2_bbox\val\left\12-43-09\images\left\left__GRIP_2026-08-27_12-43-09__e000009.jpg,left,finger_side,left,0.9999938011169434,6.220406703505432e-06,True
D:\GRIP_Dataset\New_model\Chirality_Crops\aug27_final_v2_bbox\val\left\12-43-09\images\left\left__GRIP_2026-08-27_12-43-09__e000009.jpg,left,cuff_side,left,0.9996912479400635,0.00030879114638082683,True
D:\GRIP_Dataset\New_model\Chirality_Crops\aug27_final_v2_bbox\val\left\12-43-09\images\left\left__GRIP_2026-08-27_12-43-09__e000009.jpg,left,centre,left,0.9999972581863403,2.761715222732164e-06,True
D:\GRIP_Dataset\New_model\Chirality_Crops\aug27_final_v2_bbox\val\left\12-43-09\images\left\left__GRIP_2026-08-27_12-43-09__e000009.jpg,left,top_background,left,0.9999978542327881,2.1223804651526734e-06,True
D:\GRIP_Dataset\New_model\Chirality_Crops\aug27_final_v2_bbox\val\left\12-43-09\images\left\left__GRIP_2026-08-27_12-43-09__e000009.jpg,left,bottom_background,left,0.9999978542327881,2.1223804651526734e-06,True
D:\GRIP_Dataset\New_model\Chirality_Crops\aug27_final_v2_bbox\val\left\12-43-09\images\left\left__GRIP_2026-08-27_12-43-09__e000010.jpg,left,original,left,1.0,3.0448557564177747e-10,True
D:\GRIP_Dataset\New_model\Chirality_Crops\aug27_final_v2_bbox\val\left\12-43-09\images\left\left__GRIP_2026-08-27_12-43-09__e000010.jpg,left,finger_side,left,0.9986045956611633,0.0013954578898847103,True
D:\GRIP_Dataset\New_model\Chirality_Crops\aug27_final_v2_bbox\val\left\12-43-09\images\left\left__GRIP_2026-08-27_12-43-09__e000010.jpg,left,cuff_side,left,1.0,1.9328401726359523e-12,True
D:\GRIP_Dataset\New_model\Chirality_Crops\aug27_final_v2_bbox\val\left\12-43-09\images\left\left__GRIP_2026-08-27_12-43-09__e000010.jpg,left,centre,left,0.9999995231628418,5.147550723449967e-07,True
D:\GRIP_Dataset\New_model\Chirality_Crops\aug27_final_v2_bbox\val\left\12-43-09\images\left\left__GRIP_2026-08-27_12-43-09__e000010.jpg,left,top_background,left,1.0,2.9718211225215896e-10,True
D:\GRIP_Dataset\New_model\Chirality_Crops\aug27_final_v2_bbox\val\left\12-43-09\images\left\left__GRIP_2026-08-27_12-43-09__e000010.jpg,left,bottom_background,left,1.0,3.3015368217093055e-10,True
D:\GRIP_Dataset\New_model\Chirality_Crops\aug27_final_v2_bbox\val\left\12-43-09\images\left\left__GRIP_2026-08-27_12-43-09__e000011.jpg,left,original,left,1.0,1.7337014248468264e-15,True
D:\GRIP_Dataset\New_model\Chirality_Crops\aug27_final_v2_bbox\val\left\12-43-09\images\left\left__GRIP_2026-08-27_12-43-09__e000011.jpg,left,finger_side,left,1.0,1.5511298911974336e-08,True
D:\GRIP_Dataset\New_model\Chirality_Crops\aug27_final_v2_bbox\val\left\12-43-09\images\left\left__GRIP_2026-08-27_12-43-09__e000011.jpg,left,cuff_side,left,1.0,4.350309175393807e-12,True
D:\GRIP_Dataset\New_model\Chirality_Crops\aug27_final_v2_bbox\val\left\12-43-09\images\left\left__GRIP_2026-08-27_12-43-09__e000011.jpg,left,centre,left,0.9999998807907104,6.669318963758997e-08,True
D:\GRIP_Dataset\New_model\Chirality_Crops\aug27_final_v2_bbox\val\left\12-43-09\images\left\left__GRIP_2026-08-27_12-43-09__e000011.jpg,left,top_background,left,1.0,1.7337014248468264e-15,True
D:\GRIP_Dataset\New_model\Chirality_Crops\aug27_final_v2_bbox\val\left\12-43-09\images\left\left__GRIP_2026-08-27_12-43-09__e000011.jpg,left,bottom_background,left,1.0,1.7337014248468264e-15,True
D:\GRIP_Dataset\New_model\Chirality_Crops\aug27_final_v2_bbox\val\left\12-43-09\images\left\left__GRIP_2026-08-27_12-43-09__e000012.jpg,left,original,left,1.0,2.707640426972968e-13,True
D:\GRIP_Dataset\New_model\Chirality_Crops\aug27_final_v2_bbox\val\left\12-43-09\images\left\left__GRIP_2026-08-27_12-43-09__e000012.jpg,left,finger_side,left,0.9999779462814331,2.2023485144018196e-05,True
D:\GRIP_Dataset\New_model\Chirality_Crops\aug27_final_v2_bbox\val\left\12-43-09\images\left\left__GRIP_2026-08-27_12-43-09__e000012.jpg,left,cuff_side,left,1.0,3.6659944524508603e-10,True
D:\GRIP_Dataset\New_model\Chirality_Crops\aug27_final_v2_bbox\val\left\12-43-09\images\left\left__GRIP_2026-08-27_12-43-09__e000012.jpg,left,centre,left,1.0,4.436340361735347e-08,True
D:\GRIP_Dataset\New_model\Chirality_Crops\aug27_final_v2_bbox\val\left\12-43-09\images\left\left__GRIP_2026-08-27_12-43-09__e000012.jpg,left,top_background,left,1.0,2.707640426972968e-13,True
D:\GRIP_Dataset\New_model\Chirality_Crops\aug27_final_v2_bbox\val\left\12-43-09\images\left\left__GRIP_2026-08-27_12-43-09__e000012.jpg,left,bottom_background,left,1.0,2.707640426972968e-13,True
D:\GRIP_Dataset\New_model\Chirality_Crops\aug27_final_v2_bbox\val\left\12-43-09\images\left\left__GRIP_2026-08-27_12-43-09__e000013.jpg,left,original,left,0.9999998807907104,1.5805839836957603e-07,True
D:\GRIP_Dataset\New_model\Chirality_Crops\aug27_final_v2_bbox\val\left\12-43-09\images\left\left__GRIP_2026-08-27_12-43-09__e000013.jpg,left,finger_side,left,0.8817499876022339,0.1182500496506691,True
D:\GRIP_Dataset\New_model\Chirality_Crops\aug27_final_v2_bbox\val\left\12-43-09\images\left\left__GRIP_2026-08-27_12-43-09__e000013.jpg,left,cuff_side,left,1.0,3.2468810973185214e-10,True
D:\GRIP_Dataset\New_model\Chirality_Crops\aug27_final_v2_bbox\val\left\12-43-09\images\left\left__GRIP_2026-08-27_12-43-09__e000013.jpg,left,centre,left,0.9998642206192017,0.00013580836821347475,True
D:\GRIP_Dataset\New_model\Chirality_Crops\aug27_final_v2_bbox\val\left\12-43-09\images\left\left__GRIP_2026-08-27_12-43-09__e000013.jpg,left,top_background,left,0.9999998807907104,1.5805839836957603e-07,True
D:\GRIP_Dataset\New_model\Chirality_Crops\aug27_final_v2_bbox\val\left\12-43-09\images\left\left__GRIP_2026-08-27_12-43-09__e000013.jpg,left,bottom_background,left,0.9999998807907104,1.5805839836957603e-07,True
D:\GRIP_Dataset\New_model\Chirality_Crops\aug27_final_v2_bbox\val\left\12-43-09\images\left\left__GRIP_2026-08-27_12-43-09__e000016.jpg,left,original,left,1.0,1.0798199140404918e-10,True
D:\GRIP_Dataset\New_model\Chirality_Crops\aug27_final_v2_bbox\val\left\12-43-09\images\left\left__GRIP_2026-08-27_12-43-09__e000016.jpg,left,finger_side,left,0.9999959468841553,4.097370947420131e-06,True
D:\GRIP_Dataset\New_model\Chirality_Crops\aug27_final_v2_bbox\val\left\12-43-09\images\left\left__GRIP_2026-08-27_12-43-09__e000016.jpg,left,cuff_side,left,0.9999998807907104,8.965823639073278e-08,True
D:\GRIP_Dataset\New_model\Chirality_Crops\aug27_final_v2_bbox\val\left\12-43-09\images\left\left__GRIP_2026-08-27_12-43-09__e000016.jpg,left,centre,left,0.9999997615814209,2.5743491960383835e-07,True
D:\GRIP_Dataset\New_model\Chirality_Crops\aug27_final_v2_bbox\val\left\12-43-09\images\left\left__GRIP_2026-08-27_12-43-09__e000016.jpg,left,top_background,left,1.0,1.0798199140404918e-10,True
D:\GRIP_Dataset\New_model\Chirality_Crops\aug27_final_v2_bbox\val\left\12-43-09\images\left\left__GRIP_2026-08-27_12-43-09__e000016.jpg,left,bottom_background,left,1.0,1.0798199140404918e-10,True
D:\GRIP_Dataset\New_model\Chirality_Crops\aug27_final_v2_bbox\val\left\12-43-09\images\left\left__GRIP_2026-08-27_12-43-09__e000018.jpg,left,original,left,1.0,2.8388594253137e-10,True
D:\GRIP_Dataset\New_model\Chirality_Crops\aug27_final_v2_bbox\val\left\12-43-09\images\left\left__GRIP_2026-08-27_12-43-09__e000018.jpg,left,finger_side,left,0.9999996423721313,3.8276562008832116e-07,True
D:\GRIP_Dataset\New_model\Chirality_Crops\aug27_final_v2_bbox\val\left\12-43-09\images\left\left__GRIP_2026-08-27_12-43-09__e000018.jpg,left,cuff_side,left,0.9999994039535522,6.423542799893767e-07,True
D:\GRIP_Dataset\New_model\Chirality_Crops\aug27_final_v2_bbox\val\left\12-43-09\images\left\left__GRIP_2026-08-27_12-43-09__e000018.jpg,left,centre,left,0.9999996423721313,3.1340596251538955e-07,True
D:\GRIP_Dataset\New_model\Chirality_Crops\aug27_final_v2_bbox\val\left\12-43-09\images\left\left__GRIP_2026-08-27_12-43-09__e000018.jpg,left,top_background,left,1.0,2.8388594253137e-10,True
D:\GRIP_Dataset\New_model\Chirality_Crops\aug27_final_v2_bbox\val\left\12-43-09\images\left\left__GRIP_2026-08-27_12-43-09__e000018.jpg,left,bottom_background,left,1.0,2.8388594253137e-10,True
D:\GRIP_Dataset\New_model\Chirality_Crops\aug27_final_v2_bbox\val\left\12-43-09\images\left\left__GRIP_2026-08-27_12-43-09__e000020.jpg,left,original,left,1.0,1.522665327158279e-10,True
D:\GRIP_Dataset\New_model\Chirality_Crops\aug27_final_v2_bbox\val\left\12-43-09\images\left\left__GRIP_2026-08-27_12-43-09__e000020.jpg,left,finger_side,left,0.9999055862426758,9.437473636353388e-05,True
D:\GRIP_Dataset\New_model\Chirality_Crops\aug27_final_v2_bbox\val\left\12-43-09\images\left\left__GRIP_2026-08-27_12-43-09__e000020.jpg,left,cuff_side,left,0.9999997615814209,2.3665698734021134e-07,True
D:\GRIP_Dataset\New_model\Chirality_Crops\aug27_final_v2_bbox\val\left\12-43-09\images\left\left__GRIP_2026-08-27_12-43-09__e000020.jpg,left,centre,left,0.9999990463256836,9.871964721241966e-07,True
D:\GRIP_Dataset\New_model\Chirality_Crops\aug27_final_v2_bbox\val\left\12-43-09\images\left\left__GRIP_2026-08-27_12-43-09__e000020.jpg,left,top_background,left,1.0,1.522665327158279e-10,True
D:\GRIP_Dataset\New_model\Chirality_Crops\aug27_final_v2_bbox\val\left\12-43-09\images\left\left__GRIP_2026-08-27_12-43-09__e000020.jpg,left,bottom_background,left,1.0,1.522665327158279e-10,True
D:\GRIP_Dataset\New_model\Chirality_Crops\aug27_final_v2_bbox\val\left\12-43-09\images\left\left__GRIP_2026-08-27_12-43-09__e000021.jpg,left,original,left,0.9997269511222839,0.0002730195119511336,True
D:\GRIP_Dataset\New_model\Chirality_Crops\aug27_final_v2_bbox\val\left\12-43-09\images\left\left__GRIP_2026-08-27_12-43-09__e000021.jpg,left,finger_side,left,0.9982023239135742,0.0017976107774302363,True
D:\GRIP_Dataset\New_model\Chirality_Crops\aug27_final_v2_bbox\val\left\12-43-09\images\left\left__GRIP_2026-08-27_12-43-09__e000021.jpg,left,cuff_side,left,0.9976946711540222,0.0023052776232361794,True
D:\GRIP_Dataset\New_model\Chirality_Crops\aug27_final_v2_bbox\val\left\12-43-09\images\left\left__GRIP_2026-08-27_12-43-09__e000021.jpg,left,centre,left,0.9980902075767517,0.0019097741460427642,True
D:\GRIP_Dataset\New_model\Chirality_Crops\aug27_final_v2_bbox\val\left\12-43-09\images\left\left__GRIP_2026-08-27_12-43-09__e000021.jpg,left,top_background,left,0.9997603297233582,0.00023968204914126545,True
D:\GRIP_Dataset\New_model\Chirality_Crops\aug27_final_v2_bbox\val\left\12-43-09\images\left\left__GRIP_2026-08-27_12-43-09__e000021.jpg,left,bottom_background,left,0.9997296929359436,0.00027033634250983596,True
D:\GRIP_Dataset\New_model\Chirality_Crops\aug27_final_v2_bbox\val\left\12-43-09\images\left\left__GRIP_2026-08-27_12-43-09__e000023.jpg,left,original,left,0.9999995231628418,5.154781774763251e-07,True
D:\GRIP_Dataset\New_model\Chirality_Crops\aug27_final_v2_bbox\val\left\12-43-09\images\left\left__GRIP_2026-08-27_12-43-09__e000023.jpg,left,finger_side,left,0.9998699426651001,0.00013003306230530143,True
D:\GRIP_Dataset\New_model\Chirality_Crops\aug27_final_v2_bbox\val\left\12-43-09\images\left\left__GRIP_2026-08-27_12-43-09__e000023.jpg,left,cuff_side,left,0.9999998807907104,6.861943546709881e-08,True
D:\GRIP_Dataset\New_model\Chirality_Crops\aug27_final_v2_bbox\val\left\12-43-09\images\left\left__GRIP_2026-08-27_12-43-09__e000023.jpg,left,centre,left,0.9999698400497437,3.019858559127897e-05,True
D:\GRIP_Dataset\New_model\Chirality_Crops\aug27_final_v2_bbox\val\left\12-43-09\images\left\left__GRIP_2026-08-27_12-43-09__e000023.jpg,left,top_background,left,0.9999997615814209,2.633126996443025e-07,True
D:\GRIP_Dataset\New_model\Chirality_Crops\aug27_final_v2_bbox\val\left\12-43-09\images\left\left__GRIP_2026-08-27_12-43-09__e000023.jpg,left,bottom_background,left,0.9999995231628418,4.741001475849771e-07,True
D:\GRIP_Dataset\New_model\Chirality_Crops\aug27_final_v2_bbox\val\left\12-43-09\images\left\left__GRIP_2026-08-27_12-43-09__e000025.jpg,left,original,left,1.0,5.117598567139225e-10,True
D:\GRIP_Dataset\New_model\Chirality_Crops\aug27_final_v2_bbox\val\left\12-43-09\images\left\left__GRIP_2026-08-27_12-43-09__e000025.jpg,left,finger_side,left,0.9899232983589172,0.01007674541324377,True
D:\GRIP_Dataset\New_model\Chirality_Crops\aug27_final_v2_bbox\val\left\12-43-09\images\left\left__GRIP_2026-08-27_12-43-09__e000025.jpg,left,cuff_side,left,1.0,2.1438463448930634e-08,True
D:\GRIP_Dataset\New_model\Chirality_Crops\aug27_final_v2_bbox\val\left\12-43-09\images\left\left__GRIP_2026-08-27_12-43-09__e000025.jpg,left,centre,left,1.0,3.5242987195260866e-08,True
D:\GRIP_Dataset\New_model\Chirality_Crops\aug27_final_v2_bbox\val\left\12-43-09\images\left\left__GRIP_2026-08-27_12-43-09__e000025.jpg,left,top_background,left,1.0,4.860453151067645e-10,True
D:\GRIP_Dataset\New_model\Chirality_Crops\aug27_final_v2_bbox\val\left\12-43-09\images\left\left__GRIP_2026-08-27_12-43-09__e000025.jpg,left,bottom_background,left,1.0,5.537836300639754e-10,True
D:\GRIP_Dataset\New_model\Chirality_Crops\aug27_final_v2_bbox\val\left\12-43-09\images\left\left__GRIP_2026-08-27_12-43-09__e000027.jpg,left,original,left,0.9845463037490845,0.015453704632818699,True
D:\GRIP_Dataset\New_model\Chirality_Crops\aug27_final_v2_bbox\val\left\12-43-09\images\left\left__GRIP_2026-08-27_12-43-09__e000027.jpg,left,finger_side,left,0.9624719619750977,0.03752801567316055,True
D:\GRIP_Dataset\New_model\Chirality_Crops\aug27_final_v2_bbox\val\left\12-43-09\images\left\left__GRIP_2026-08-27_12-43-09__e000027.jpg,left,cuff_side,left,0.7992457747459412,0.20075419545173645,True
D:\GRIP_Dataset\New_model\Chirality_Crops\aug27_final_v2_bbox\val\left\12-43-09\images\left\left__GRIP_2026-08-27_12-43-09__e000027.jpg,left,centre,left,0.9925612807273865,0.007438691332936287,True
D:\GRIP_Dataset\New_model\Chirality_Crops\aug27_final_v2_bbox\val\left\12-43-09\images\left\left__GRIP_2026-08-27_12-43-09__e000027.jpg,left,top_background,left,0.9886464476585388,0.011353474110364914,True
D:\GRIP_Dataset\New_model\Chirality_Crops\aug27_final_v2_bbox\val\left\12-43-09\images\left\left__GRIP_2026-08-27_12-43-09__e000027.jpg,left,bottom_background,left,0.9986543655395508,0.001345619442872703,True
D:\GRIP_Dataset\New_model\Chirality_Crops\aug27_final_v2_bbox\val\left\12-43-09\images\left\left__GRIP_2026-08-27_12-43-09__e000028.jpg,left,original,left,1.0,1.6153882675951081e-09,True
D:\GRIP_Dataset\New_model\Chirality_Crops\aug27_final_v2_bbox\val\left\12-43-09\images\left\left__GRIP_2026-08-27_12-43-09__e000028.jpg,left,finger_side,left,0.9981972575187683,0.0018028103513643146,True
D:\GRIP_Dataset\New_model\Chirality_Crops\aug27_final_v2_bbox\val\left\12-43-09\images\left\left__GRIP_2026-08-27_12-43-09__e000028.jpg,left,cuff_side,left,0.9999995231628418,4.510230837695417e-07,True
D:\GRIP_Dataset\New_model\Chirality_Crops\aug27_final_v2_bbox\val\left\12-43-09\images\left\left__GRIP_2026-08-27_12-43-09__e000028.jpg,left,centre,left,0.9999988079071045,1.1845563676615711e-06,True
D:\GRIP_Dataset\New_model\Chirality_Crops\aug27_final_v2_bbox\val\left\12-43-09\images\left\left__GRIP_2026-08-27_12-43-09__e000028.jpg,left,top_background,left,1.0,1.6153882675951081e-09,True
D:\GRIP_Dataset\New_model\Chirality_Crops\aug27_final_v2_bbox\val\left\12-43-09\images\left\left__GRIP_2026-08-27_12-43-09__e000028.jpg,left,bottom_background,left,1.0,1.6153882675951081e-09,True
D:\GRIP_Dataset\New_model\Chirality_Crops\aug27_final_v2_bbox\val\left\12-43-09\images\left\left__GRIP_2026-08-27_12-43-09__e000030.jpg,left,original,left,0.9999939203262329,6.132507678557886e-06,True
D:\GRIP_Dataset\New_model\Chirality_Crops\aug27_final_v2_bbox\val\left\12-43-09\images\left\left__GRIP_2026-08-27_12-43-09__e000030.jpg,left,finger_side,left,0.9999996423721313,4.113495606361539e-07,True
D:\GRIP_Dataset\New_model\Chirality_Crops\aug27_final_v2_bbox\val\left\12-43-09\images\left\left__GRIP_2026-08-27_12-43-09__e000030.jpg,left,cuff_side,left,0.9885680675506592,0.011431969702243805,True
D:\GRIP_Dataset\New_model\Chirality_Crops\aug27_final_v2_bbox\val\left\12-43-09\images\left\left__GRIP_2026-08-27_12-43-09__e000030.jpg,left,centre,left,0.905211329460144,0.09478866308927536,True
D:\GRIP_Dataset\New_model\Chirality_Crops\aug27_final_v2_bbox\val\left\12-43-09\images\left\left__GRIP_2026-08-27_12-43-09__e000030.jpg,left,top_background,left,0.9999939203262329,6.132507678557886e-06,True
D:\GRIP_Dataset\New_model\Chirality_Crops\aug27_final_v2_bbox\val\left\12-43-09\images\left\left__GRIP_2026-08-27_12-43-09__e000030.jpg,left,bottom_background,left,0.9999939203262329,6.132507678557886e-06,True
D:\GRIP_Dataset\New_model\Chirality_Crops\aug27_final_v2_bbox\val\left\12-43-09\images\left\left__GRIP_2026-08-27_12-43-09__e000032.jpg,left,original,left,1.0,4.115363919868914e-13,True
D:\GRIP_Dataset\New_model\Chirality_Crops\aug27_final_v2_bbox\val\left\12-43-09\images\left\left__GRIP_2026-08-27_12-43-09__e000032.jpg,left,finger_side,left,0.9999747276306152,2.5232782718376257e-05,True
D:\GRIP_Dataset\New_model\Chirality_Crops\aug27_final_v2_bbox\val\left\12-43-09\images\left\left__GRIP_2026-08-27_12-43-09__e000032.jpg,left,cuff_side,left,1.0,3.541837934051273e-09,True
D:\GRIP_Dataset\New_model\Chirality_Crops\aug27_final_v2_bbox\val\left\12-43-09\images\left\left__GRIP_2026-08-27_12-43-09__e000032.jpg,left,centre,left,0.999995231628418,4.780423751071794e-06,True
D:\GRIP_Dataset\New_model\Chirality_Crops\aug27_final_v2_bbox\val\left\12-43-09\images\left\left__GRIP_2026-08-27_12-43-09__e000032.jpg,left,top_background,left,1.0,4.115363919868914e-13,True
D:\GRIP_Dataset\New_model\Chirality_Crops\aug27_final_v2_bbox\val\left\12-43-09\images\left\left__GRIP_2026-08-27_12-43-09__e000032.jpg,left,bottom_background,left,1.0,4.115363919868914e-13,True
D:\GRIP_Dataset\New_model\Chirality_Crops\aug27_final_v2_bbox\val\left\12-43-09\images\left\left__GRIP_2026-08-27_12-43-09__e000034.jpg,left,original,left,1.0,1.4101643464048408e-11,True
D:\GRIP_Dataset\New_model\Chirality_Crops\aug27_final_v2_bbox\val\left\12-43-09\images\left\left__GRIP_2026-08-27_12-43-09__e000034.jpg,left,finger_side,left,0.9999980926513672,1.939467438205611e-06,True
D:\GRIP_Dataset\New_model\Chirality_Crops\aug27_final_v2_bbox\val\left\12-43-09\images\left\left__GRIP_2026-08-27_12-43-09__e000034.jpg,left,cuff_side,left,1.0,1.083218492681226e-08,True
D:\GRIP_Dataset\New_model\Chirality_Crops\aug27_final_v2_bbox\val\left\12-43-09\images\left\left__GRIP_2026-08-27_12-43-09__e000034.jpg,left,centre,left,0.9999997615814209,2.3454047948234802e-07,True
D:\GRIP_Dataset\New_model\Chirality_Crops\aug27_final_v2_bbox\val\left\12-43-09\images\left\left__GRIP_2026-08-27_12-43-09__e000034.jpg,left,top_background,left,1.0,1.4101643464048408e-11,True
D:\GRIP_Dataset\New_model\Chirality_Crops\aug27_final_v2_bbox\val\left\12-43-09\images\left\left__GRIP_2026-08-27_12-43-09__e000034.jpg,left,bottom_background,left,1.0,1.4101643464048408e-11,True
D:\GRIP_Dataset\New_model\Chirality_Crops\aug27_final_v2_bbox\val\left\12-43-09\images\left\left__GRIP_2026-08-27_12-43-09__e000035.jpg,left,original,left,1.0,7.716094430065823e-11,True
D:\GRIP_Dataset\New_model\Chirality_Crops\aug27_final_v2_bbox\val\left\12-43-09\images\left\left__GRIP_2026-08-27_12-43-09__e000035.jpg,left,finger_side,left,0.9998732805252075,0.0001266639301320538,True
D:\GRIP_Dataset\New_model\Chirality_Crops\aug27_final_v2_bbox\val\left\12-43-09\images\left\left__GRIP_2026-08-27_12-43-09__e000035.jpg,left,cuff_side,left,0.9999622106552124,3.776566154556349e-05,True
D:\GRIP_Dataset\New_model\Chirality_Crops\aug27_final_v2_bbox\val\left\12-43-09\images\left\left__GRIP_2026-08-27_12-43-09__e000035.jpg,left,centre,left,0.9999982118606567,1.752811385813402e-06,True
D:\GRIP_Dataset\New_model\Chirality_Crops\aug27_final_v2_bbox\val\left\12-43-09\images\left\left__GRIP_2026-08-27_12-43-09__e000035.jpg,left,top_background,left,1.0,7.716094430065823e-11,True
D:\GRIP_Dataset\New_model\Chirality_Crops\aug27_final_v2_bbox\val\left\12-43-09\images\left\left__GRIP_2026-08-27_12-43-09__e000035.jpg,left,bottom_background,left,1.0,7.716094430065823e-11,True
D:\GRIP_Dataset\New_model\Chirality_Crops\aug27_final_v2_bbox\val\left\12-43-09\images\left\left__GRIP_2026-08-27_12-43-09__e000037.jpg,left,original,left,1.0,1.0200826728451462e-12,True
D:\GRIP_Dataset\New_model\Chirality_Crops\aug27_final_v2_bbox\val\left\12-43-09\images\left\left__GRIP_2026-08-27_12-43-09__e000037.jpg,left,finger_side,left,0.9999926090240479,7.406037639157148e-06,True
D:\GRIP_Dataset\New_model\Chirality_Crops\aug27_final_v2_bbox\val\left\12-43-09\images\left\left__GRIP_2026-08-27_12-43-09__e000037.jpg,left,cuff_side,left,1.0,7.600109430683233e-10,True
D:\GRIP_Dataset\New_model\Chirality_Crops\aug27_final_v2_bbox\val\left\12-43-09\images\left\left__GRIP_2026-08-27_12-43-09__e000037.jpg,left,centre,left,0.9999992847442627,7.335495411098236e-07,True
D:\GRIP_Dataset\New_model\Chirality_Crops\aug27_final_v2_bbox\val\left\12-43-09\images\left\left__GRIP_2026-08-27_12-43-09__e000037.jpg,left,top_background,left,1.0,1.0200826728451462e-12,True
D:\GRIP_Dataset\New_model\Chirality_Crops\aug27_final_v2_bbox\val\left\12-43-09\images\left\left__GRIP_2026-08-27_12-43-09__e000037.jpg,left,bottom_background,left,1.0,1.0200826728451462e-12,True
D:\GRIP_Dataset\New_model\Chirality_Crops\aug27_final_v2_bbox\val\left\12-43-09\images\left\left__GRIP_2026-08-27_12-43-09__e000039.jpg,left,original,left,1.0,8.407135664717513e-13,True
D:\GRIP_Dataset\New_model\Chirality_Crops\aug27_final_v2_bbox\val\left\12-43-09\images\left\left__GRIP_2026-08-27_12-43-09__e000039.jpg,left,finger_side,left,0.9999992847442627,7.620146220688184e-07,True
D:\GRIP_Dataset\New_model\Chirality_Crops\aug27_final_v2_bbox\val\left\12-43-09\images\left\left__GRIP_2026-08-27_12-43-09__e000039.jpg,left,cuff_side,left,1.0,2.30064656214779e-09,True
D:\GRIP_Dataset\New_model\Chirality_Crops\aug27_final_v2_bbox\val\left\12-43-09\images\left\left__GRIP_2026-08-27_12-43-09__e000039.jpg,left,centre,left,0.999995231628418,4.802581770491088e-06,True
D:\GRIP_Dataset\New_model\Chirality_Crops\aug27_final_v2_bbox\val\left\12-43-09\images\left\left__GRIP_2026-08-27_12-43-09__e000039.jpg,left,top_background,left,1.0,8.407135664717513e-13,True
D:\GRIP_Dataset\New_model\Chirality_Crops\aug27_final_v2_bbox\val\left\12-43-09\images\left\left__GRIP_2026-08-27_12-43-09__e000039.jpg,left,bottom_background,left,1.0,8.407135664717513e-13,True
D:\GRIP_Dataset\New_model\Chirality_Crops\aug27_final_v2_bbox\val\left\12-43-09\images\left\left__GRIP_2026-08-27_12-43-09__e000040.jpg,left,original,left,1.0,1.4634658502404863e-12,True
D:\GRIP_Dataset\New_model\Chirality_Crops\aug27_final_v2_bbox\val\left\12-43-09\images\left\left__GRIP_2026-08-27_12-43-09__e000040.jpg,left,finger_side,left,0.9999998807907104,1.5255861285368155e-07,True
D:\GRIP_Dataset\New_model\Chirality_Crops\aug27_final_v2_bbox\val\left\12-43-09\images\left\left__GRIP_2026-08-27_12-43-09__e000040.jpg,left,cuff_side,left,1.0,1.31873323372389e-09,True
D:\GRIP_Dataset\New_model\Chirality_Crops\aug27_final_v2_bbox\val\left\12-43-09\images\left\left__GRIP_2026-08-27_12-43-09__e000040.jpg,left,centre,left,0.9984342455863953,0.0015657778130844235,True
D:\GRIP_Dataset\New_model\Chirality_Crops\aug27_final_v2_bbox\val\left\12-43-09\images\left\left__GRIP_2026-08-27_12-43-09__e000040.jpg,left,top_background,left,1.0,1.4634658502404863e-12,True
D:\GRIP_Dataset\New_model\Chirality_Crops\aug27_final_v2_bbox\val\left\12-43-09\images\left\left__GRIP_2026-08-27_12-43-09__e000040.jpg,left,bottom_background,left,1.0,1.4634658502404863e-12,True
D:\GRIP_Dataset\New_model\Chirality_Crops\aug27_final_v2_bbox\val\left\12-43-09\images\left\left__GRIP_2026-08-27_12-43-09__e000041.jpg,left,original,left,0.9999961853027344,3.7870545384066645e-06,True
D:\GRIP_Dataset\New_model\Chirality_Crops\aug27_final_v2_bbox\val\left\12-43-09\images\left\left__GRIP_2026-08-27_12-43-09__e000041.jpg,left,finger_side,left,0.999998927116394,1.0674870054572239e-06,True
D:\GRIP_Dataset\New_model\Chirality_Crops\aug27_final_v2_bbox\val\left\12-43-09\images\left\left__GRIP_2026-08-27_12-43-09__e000041.jpg,left,cuff_side,left,0.9999818801879883,1.8156291844206862e-05,True
D:\GRIP_Dataset\New_model\Chirality_Crops\aug27_final_v2_bbox\val\left\12-43-09\images\left\left__GRIP_2026-08-27_12-43-09__e000041.jpg,left,centre,left,0.9997381567955017,0.00026180263375863433,True
D:\GRIP_Dataset\New_model\Chirality_Crops\aug27_final_v2_bbox\val\left\12-43-09\images\left\left__GRIP_2026-08-27_12-43-09__e000041.jpg,left,top_background,left,0.9999994039535522,5.687113002750266e-07,True
D:\GRIP_Dataset\New_model\Chirality_Crops\aug27_final_v2_bbox\val\left\12-43-09\images\left\left__GRIP_2026-08-27_12-43-09__e000041.jpg,left,bottom_background,left,0.9999984502792358,1.5231249790303991e-06,True
D:\GRIP_Dataset\New_model\Chirality_Crops\aug27_final_v2_bbox\val\left\12-43-09\images\left\left__GRIP_2026-08-27_12-43-09__e000042.jpg,left,original,left,0.9999997615814209,1.8096042708748428e-07,True
D:\GRIP_Dataset\New_model\Chirality_Crops\aug27_final_v2_bbox\val\left\12-43-09\images\left\left__GRIP_2026-08-27_12-43-09__e000042.jpg,left,finger_side,left,0.9999949932098389,5.017858711653389e-06,True
D:\GRIP_Dataset\New_model\Chirality_Crops\aug27_final_v2_bbox\val\left\12-43-09\images\left\left__GRIP_2026-08-27_12-43-09__e000042.jpg,left,cuff_side,left,0.9989067316055298,0.0010932950535789132,True
D:\GRIP_Dataset\New_model\Chirality_Crops\aug27_final_v2_bbox\val\left\12-43-09\images\left\left__GRIP_2026-08-27_12-43-09__e000042.jpg,left,centre,left,0.9985359907150269,0.0014639607397839427,True
D:\GRIP_Dataset\New_model\Chirality_Crops\aug27_final_v2_bbox\val\left\12-43-09\images\left\left__GRIP_2026-08-27_12-43-09__e000042.jpg,left,top_background,left,0.9999997615814209,1.8096042708748428e-07,True
D:\GRIP_Dataset\New_model\Chirality_Crops\aug27_final_v2_bbox\val\left\12-43-09\images\left\left__GRIP_2026-08-27_12-43-09__e000042.jpg,left,bottom_background,left,0.9999997615814209,1.8096042708748428e-07,True
D:\GRIP_Dataset\New_model\Chirality_Crops\aug27_final_v2_bbox\val\left\12-43-09\images\left\left__GRIP_2026-08-27_12-43-09__e000045.jpg,left,original,left,1.0,7.330390634774364e-12,True
D:\GRIP_Dataset\New_model\Chirality_Crops\aug27_final_v2_bbox\val\left\12-43-09\images\left\left__GRIP_2026-08-27_12-43-09__e000045.jpg,left,finger_side,left,0.9809112548828125,0.019088732078671455,True
D:\GRIP_Dataset\New_model\Chirality_Crops\aug27_final_v2_bbox\val\left\12-43-09\images\left\left__GRIP_2026-08-27_12-43-09__e000045.jpg,left,cuff_side,left,1.0,1.8366173165640376e-11,True
D:\GRIP_Dataset\New_model\Chirality_Crops\aug27_final_v2_bbox\val\left\12-43-09\images\left\left__GRIP_2026-08-27_12-43-09__e000045.jpg,left,centre,left,0.9999983310699463,1.6972187495412072e-06,True
D:\GRIP_Dataset\New_model\Chirality_Crops\aug27_final_v2_bbox\val\left\12-43-09\images\left\left__GRIP_2026-08-27_12-43-09__e000045.jpg,left,top_background,left,1.0,7.759599386647498e-12,True
D:\GRIP_Dataset\New_model\Chirality_Crops\aug27_final_v2_bbox\val\left\12-43-09\images\left\left__GRIP_2026-08-27_12-43-09__e000045.jpg,left,bottom_background,left,1.0,8.066660187044938e-12,True
D:\GRIP_Dataset\New_model\Chirality_Crops\aug27_final_v2_bbox\val\left\12-43-09\images\left\left__GRIP_2026-08-27_12-43-09__e000047.jpg,left,original,left,0.9999984502792358,1.5946205849104444e-06,True
D:\GRIP_Dataset\New_model\Chirality_Crops\aug27_final_v2_bbox\val\left\12-43-09\images\left\left__GRIP_2026-08-27_12-43-09__e000047.jpg,left,finger_side,left,0.999704897403717,0.00029503926634788513,True
D:\GRIP_Dataset\New_model\Chirality_Crops\aug27_final_v2_bbox\val\left\12-43-09\images\left\left__GRIP_2026-08-27_12-43-09__e000047.jpg,left,cuff_side,left,0.9999315738677979,6.842032598797232e-05,True
D:\GRIP_Dataset\New_model\Chirality_Crops\aug27_final_v2_bbox\val\left\12-43-09\images\left\left__GRIP_2026-08-27_12-43-09__e000047.jpg,left,centre,left,0.9997355341911316,0.00026443038950674236,True
D:\GRIP_Dataset\New_model\Chirality_Crops\aug27_final_v2_bbox\val\left\12-43-09\images\left\left__GRIP_2026-08-27_12-43-09__e000047.jpg,left,top_background,left,0.9999984502792358,1.5946205849104444e-06,True
D:\GRIP_Dataset\New_model\Chirality_Crops\aug27_final_v2_bbox\val\left\12-43-09\images\left\left__GRIP_2026-08-27_12-43-09__e000047.jpg,left,bottom_background,left,0.9999984502792358,1.5946205849104444e-06,True
D:\GRIP_Dataset\New_model\Chirality_Crops\aug27_final_v2_bbox\val\left\12-43-09\images\left\left__GRIP_2026-08-27_12-43-09__e000048.jpg,left,original,left,1.0,1.6407837545237558e-12,True
D:\GRIP_Dataset\New_model\Chirality_Crops\aug27_final_v2_bbox\val\left\12-43-09\images\left\left__GRIP_2026-08-27_12-43-09__e000048.jpg,left,finger_side,left,0.9999982118606567,1.758474013513478e-06,True
D:\GRIP_Dataset\New_model\Chirality_Crops\aug27_final_v2_bbox\val\left\12-43-09\images\left\left__GRIP_2026-08-27_12-43-09__e000048.jpg,left,cuff_side,left,0.9999997615814209,2.2874101546221937e-07,True
D:\GRIP_Dataset\New_model\Chirality_Crops\aug27_final_v2_bbox\val\left\12-43-09\images\left\left__GRIP_2026-08-27_12-43-09__e000048.jpg,left,centre,left,1.0,1.5775082573554755e-08,True
D:\GRIP_Dataset\New_model\Chirality_Crops\aug27_final_v2_bbox\val\left\12-43-09\images\left\left__GRIP_2026-08-27_12-43-09__e000048.jpg,left,top_background,left,1.0,1.6407837545237558e-12,True
D:\GRIP_Dataset\New_model\Chirality_Crops\aug27_final_v2_bbox\val\left\12-43-09\images\left\left__GRIP_2026-08-27_12-43-09__e000048.jpg,left,bottom_background,left,1.0,1.6407837545237558e-12,True
D:\GRIP_Dataset\New_model\Chirality_Crops\aug27_final_v2_bbox\val\left\12-43-09\images\left\left__GRIP_2026-08-27_12-43-09__e000049.jpg,left,original,left,1.0,2.6740307017270037e-12,True
D:\GRIP_Dataset\New_model\Chirality_Crops\aug27_final_v2_bbox\val\left\12-43-09\images\left\left__GRIP_2026-08-27_12-43-09__e000049.jpg,left,finger_side,left,0.9999873638153076,1.2607883036253043e-05,True
D:\GRIP_Dataset\New_model\Chirality_Crops\aug27_final_v2_bbox\val\left\12-43-09\images\left\left__GRIP_2026-08-27_12-43-09__e000049.jpg,left,cuff_side,left,1.0,7.529779577630791e-11,True
D:\GRIP_Dataset\New_model\Chirality_Crops\aug27_final_v2_bbox\val\left\12-43-09\images\left\left__GRIP_2026-08-27_12-43-09__e000049.jpg,left,centre,left,0.9999996423721313,3.0481803037218924e-07,True
D:\GRIP_Dataset\New_model\Chirality_Crops\aug27_final_v2_bbox\val\left\12-43-09\images\left\left__GRIP_2026-08-27_12-43-09__e000049.jpg,left,top_background,left,1.0,2.6740307017270037e-12,True
D:\GRIP_Dataset\New_model\Chirality_Crops\aug27_final_v2_bbox\val\left\12-43-09\images\left\left__GRIP_2026-08-27_12-43-09__e000049.jpg,left,bottom_background,left,1.0,2.6740307017270037e-12,True
D:\GRIP_Dataset\New_model\Chirality_Crops\aug27_final_v2_bbox\val\left\12-43-09\images\left\left__GRIP_2026-08-27_12-43-09__e000050.jpg,left,original,left,1.0,1.9375419046951947e-09,True
D:\GRIP_Dataset\New_model\Chirality_Crops\aug27_final_v2_bbox\val\left\12-43-09\images\left\left__GRIP_2026-08-27_12-43-09__e000050.jpg,left,finger_side,left,0.9999933242797852,6.733009740855778e-06,True
D:\GRIP_Dataset\New_model\Chirality_Crops\aug27_final_v2_bbox\val\left\12-43-09\images\left\left__GRIP_2026-08-27_12-43-09__e000050.jpg,left,cuff_side,left,0.9999995231628418,5.212859264247527e-07,True
D:\GRIP_Dataset\New_model\Chirality_Crops\aug27_final_v2_bbox\val\left\12-43-09\images\left\left__GRIP_2026-08-27_12-43-09__e000050.jpg,left,centre,left,0.9999812841415405,1.8662118236534297e-05,True
D:\GRIP_Dataset\New_model\Chirality_Crops\aug27_final_v2_bbox\val\left\12-43-09\images\left\left__GRIP_2026-08-27_12-43-09__e000050.jpg,left,top_background,left,1.0,1.9375419046951947e-09,True
D:\GRIP_Dataset\New_model\Chirality_Crops\aug27_final_v2_bbox\val\left\12-43-09\images\left\left__GRIP_2026-08-27_12-43-09__e000050.jpg,left,bottom_background,left,1.0,1.9375419046951947e-09,True
D:\GRIP_Dataset\New_model\Chirality_Crops\aug27_final_v2_bbox\val\left\12-43-09\images\left\left__GRIP_2026-08-27_12-43-09__e000051.jpg,left,original,left,1.0,2.1445590095425793e-11,True
D:\GRIP_Dataset\New_model\Chirality_Crops\aug27_final_v2_bbox\val\left\12-43-09\images\left\left__GRIP_2026-08-27_12-43-09__e000051.jpg,left,finger_side,left,0.9999731779098511,2.6835481548914686e-05,True
D:\GRIP_Dataset\New_model\Chirality_Crops\aug27_final_v2_bbox\val\left\12-43-09\images\left\left__GRIP_2026-08-27_12-43-09__e000051.jpg,left,cuff_side,left,0.9999998807907104,1.6128097968248767e-07,True
D:\GRIP_Dataset\New_model\Chirality_Crops\aug27_final_v2_bbox\val\left\12-43-09\images\left\left__GRIP_2026-08-27_12-43-09__e000051.jpg,left,centre,left,0.9999992847442627,7.078859312059649e-07,True
D:\GRIP_Dataset\New_model\Chirality_Crops\aug27_final_v2_bbox\val\left\12-43-09\images\left\left__GRIP_2026-08-27_12-43-09__e000051.jpg,left,top_background,left,1.0,8.409321849978113e-12,True
D:\GRIP_Dataset\New_model\Chirality_Crops\aug27_final_v2_bbox\val\left\12-43-09\images\left\left__GRIP_2026-08-27_12-43-09__e000051.jpg,left,bottom_background,left,1.0,2.447061824006891e-11,True
D:\GRIP_Dataset\New_model\Chirality_Crops\aug27_final_v2_bbox\val\left\12-43-09\images\left\left__GRIP_2026-08-27_12-43-09__e000053.jpg,left,original,left,1.0,1.4838231754410458e-09,True
D:\GRIP_Dataset\New_model\Chirality_Crops\aug27_final_v2_bbox\val\left\12-43-09\images\left\left__GRIP_2026-08-27_12-43-09__e000053.jpg,left,finger_side,left,0.9999997615814209,2.937106842182402e-07,True
D:\GRIP_Dataset\New_model\Chirality_Crops\aug27_final_v2_bbox\val\left\12-43-09\images\left\left__GRIP_2026-08-27_12-43-09__e000053.jpg,left,cuff_side,left,0.999998927116394,1.0375389365435694e-06,True
D:\GRIP_Dataset\New_model\Chirality_Crops\aug27_final_v2_bbox\val\left\12-43-09\images\left\left__GRIP_2026-08-27_12-43-09__e000053.jpg,left,centre,left,0.9999988079071045,1.1929340644201147e-06,True
D:\GRIP_Dataset\New_model\Chirality_Crops\aug27_final_v2_bbox\val\left\12-43-09\images\left\left__GRIP_2026-08-27_12-43-09__e000053.jpg,left,top_background,left,1.0,1.4838231754410458e-09,True
D:\GRIP_Dataset\New_model\Chirality_Crops\aug27_final_v2_bbox\val\left\12-43-09\images\left\left__GRIP_2026-08-27_12-43-09__e000053.jpg,left,bottom_background,left,1.0,1.4838231754410458e-09,True
D:\GRIP_Dataset\New_model\Chirality_Crops\aug27_final_v2_bbox\val\left\12-43-09\images\left\left__GRIP_2026-08-27_12-43-09__e000054.jpg,left,original,left,1.0,5.265890262902417e-13,True
D:\GRIP_Dataset\New_model\Chirality_Crops\aug27_final_v2_bbox\val\left\12-43-09\images\left\left__GRIP_2026-08-27_12-43-09__e000054.jpg,left,finger_side,left,0.9998201727867126,0.0001798451121430844,True
D:\GRIP_Dataset\New_model\Chirality_Crops\aug27_final_v2_bbox\val\left\12-43-09\images\left\left__GRIP_2026-08-27_12-43-09__e000054.jpg,left,cuff_side,left,1.0,1.9003154605456984e-10,True
D:\GRIP_Dataset\New_model\Chirality_Crops\aug27_final_v2_bbox\val\left\12-43-09\images\left\left__GRIP_2026-08-27_12-43-09__e000054.jpg,left,centre,left,0.9999997615814209,2.005062071930297e-07,True
D:\GRIP_Dataset\New_model\Chirality_Crops\aug27_final_v2_bbox\val\left\12-43-09\images\left\left__GRIP_2026-08-27_12-43-09__e000054.jpg,left,top_background,left,1.0,4.378560231402262e-13,True
D:\GRIP_Dataset\New_model\Chirality_Crops\aug27_final_v2_bbox\val\left\12-43-09\images\left\left__GRIP_2026-08-27_12-43-09__e000054.jpg,left,bottom_background,left,1.0,6.108527854549461e-13,True
D:\GRIP_Dataset\New_model\Chirality_Crops\aug27_final_v2_bbox\val\left\12-43-09\images\left\left__GRIP_2026-08-27_12-43-09__e000055.jpg,left,original,left,1.0,1.5103475111202802e-12,True
D:\GRIP_Dataset\New_model\Chirality_Crops\aug27_final_v2_bbox\val\left\12-43-09\images\left\left__GRIP_2026-08-27_12-43-09__e000055.jpg,left,finger_side,left,0.9999996423721313,3.519946289998188e-07,True
D:\GRIP_Dataset\New_model\Chirality_Crops\aug27_final_v2_bbox\val\left\12-43-09\images\left\left__GRIP_2026-08-27_12-43-09__e000055.jpg,left,cuff_side,left,0.9999998807907104,7.857884298800855e-08,True
D:\GRIP_Dataset\New_model\Chirality_Crops\aug27_final_v2_bbox\val\left\12-43-09\images\left\left__GRIP_2026-08-27_12-43-09__e000055.jpg,left,centre,left,0.9999998807907104,1.4562522210326279e-07,True
D:\GRIP_Dataset\New_model\Chirality_Crops\aug27_final_v2_bbox\val\left\12-43-09\images\left\left__GRIP_2026-08-27_12-43-09__e000055.jpg,left,top_background,left,1.0,5.152635046065668e-13,True
D:\GRIP_Dataset\New_model\Chirality_Crops\aug27_final_v2_bbox\val\left\12-43-09\images\left\left__GRIP_2026-08-27_12-43-09__e000055.jpg,left,bottom_background,left,1.0,1.4804343731814051e-12,True
D:\GRIP_Dataset\New_model\Chirality_Crops\aug27_final_v2_bbox\val\left\12-43-09\images\left\left__GRIP_2026-08-27_12-43-09__e000057.jpg,left,original,left,1.0,2.6677848298517493e-12,True
D:\GRIP_Dataset\New_model\Chirality_Crops\aug27_final_v2_bbox\val\left\12-43-09\images\left\left__GRIP_2026-08-27_12-43-09__e000057.jpg,left,finger_side,left,1.0,6.573208088944682e-10,True
D:\GRIP_Dataset\New_model\Chirality_Crops\aug27_final_v2_bbox\val\left\12-43-09\images\left\left__GRIP_2026-08-27_12-43-09__e000057.jpg,left,cuff_side,left,0.9999998807907104,1.0003397221680643e-07,True
D:\GRIP_Dataset\New_model\Chirality_Crops\aug27_final_v2_bbox\val\left\12-43-09\images\left\left__GRIP_2026-08-27_12-43-09__e000057.jpg,left,centre,left,1.0,2.9479210184035765e-08,True
D:\GRIP_Dataset\New_model\Chirality_Crops\aug27_final_v2_bbox\val\left\12-43-09\images\left\left__GRIP_2026-08-27_12-43-09__e000057.jpg,left,top_background,left,1.0,2.6677848298517493e-12,True
D:\GRIP_Dataset\New_model\Chirality_Crops\aug27_final_v2_bbox\val\left\12-43-09\images\left\left__GRIP_2026-08-27_12-43-09__e000057.jpg,left,bottom_background,left,1.0,2.6677848298517493e-12,True
D:\GRIP_Dataset\New_model\Chirality_Crops\aug27_final_v2_bbox\val\left\12-43-09\images\left\left__GRIP_2026-08-27_12-43-09__e000058.jpg,left,original,left,1.0,5.5409496435565586e-11,True
D:\GRIP_Dataset\New_model\Chirality_Crops\aug27_final_v2_bbox\val\left\12-43-09\images\left\left__GRIP_2026-08-27_12-43-09__e000058.jpg,left,finger_side,left,0.9999825954437256,1.7427708371542394e-05,True
D:\GRIP_Dataset\New_model\Chirality_Crops\aug27_final_v2_bbox\val\left\12-43-09\images\left\left__GRIP_2026-08-27_12-43-09__e000058.jpg,left,cuff_side,left,1.0,6.931523688358254e-10,True
D:\GRIP_Dataset\New_model\Chirality_Crops\aug27_final_v2_bbox\val\left\12-43-09\images\left\left__GRIP_2026-08-27_12-43-09__e000058.jpg,left,centre,left,0.9999977350234985,2.238008164567873e-06,True
D:\GRIP_Dataset\New_model\Chirality_Crops\aug27_final_v2_bbox\val\left\12-43-09\images\left\left__GRIP_2026-08-27_12-43-09__e000058.jpg,left,top_background,left,1.0,6.177215683411674e-11,True
D:\GRIP_Dataset\New_model\Chirality_Crops\aug27_final_v2_bbox\val\left\12-43-09\images\left\left__GRIP_2026-08-27_12-43-09__e000058.jpg,left,bottom_background,left,1.0,5.82273673721545e-11,True
D:\GRIP_Dataset\New_model\Chirality_Crops\aug27_final_v2_bbox\val\left\12-43-09\images\left\left__GRIP_2026-08-27_12-43-09__e000059.jpg,left,original,left,1.0,8.433205522795362e-12,True
D:\GRIP_Dataset\New_model\Chirality_Crops\aug27_final_v2_bbox\val\left\12-43-09\images\left\left__GRIP_2026-08-27_12-43-09__e000059.jpg,left,finger_side,left,0.9999994039535522,5.455791551867151e-07,True
D:\GRIP_Dataset\New_model\Chirality_Crops\aug27_final_v2_bbox\val\left\12-43-09\images\left\left__GRIP_2026-08-27_12-43-09__e000059.jpg,left,cuff_side,left,1.0,3.1030272795717906e-10,True
D:\GRIP_Dataset\New_model\Chirality_Crops\aug27_final_v2_bbox\val\left\12-43-09\images\left\left__GRIP_2026-08-27_12-43-09__e000059.jpg,left,centre,left,0.9999998807907104,7.775111043883953e-08,True
D:\GRIP_Dataset\New_model\Chirality_Crops\aug27_final_v2_bbox\val\left\12-43-09\images\left\left__GRIP_2026-08-27_12-43-09__e000059.jpg,left,top_background,left,1.0,8.433205522795362e-12,True
D:\GRIP_Dataset\New_model\Chirality_Crops\aug27_final_v2_bbox\val\left\12-43-09\images\left\left__GRIP_2026-08-27_12-43-09__e000059.jpg,left,bottom_background,left,1.0,8.433205522795362e-12,True
D:\GRIP_Dataset\New_model\Chirality_Crops\aug27_final_v2_bbox\val\left\12-43-09\images\left\left__GRIP_2026-08-27_12-43-09__e000060.jpg,left,original,left,1.0,1.2361023114522922e-16,True
D:\GRIP_Dataset\New_model\Chirality_Crops\aug27_final_v2_bbox\val\left\12-43-09\images\left\left__GRIP_2026-08-27_12-43-09__e000060.jpg,left,finger_side,left,0.9996469020843506,0.00035303630284033716,True
D:\GRIP_Dataset\New_model\Chirality_Crops\aug27_final_v2_bbox\val\left\12-43-09\images\left\left__GRIP_2026-08-27_12-43-09__e000060.jpg,left,cuff_side,left,1.0,8.93652581879993e-16,True
D:\GRIP_Dataset\New_model\Chirality_Crops\aug27_final_v2_bbox\val\left\12-43-09\images\left\left__GRIP_2026-08-27_12-43-09__e000060.jpg,left,centre,left,1.0,6.433562710350671e-11,True
D:\GRIP_Dataset\New_model\Chirality_Crops\aug27_final_v2_bbox\val\left\12-43-09\images\left\left__GRIP_2026-08-27_12-43-09__e000060.jpg,left,top_background,left,1.0,1.2361023114522922e-16,True
D:\GRIP_Dataset\New_model\Chirality_Crops\aug27_final_v2_bbox\val\left\12-43-09\images\left\left__GRIP_2026-08-27_12-43-09__e000060.jpg,left,bottom_background,left,1.0,1.2361023114522922e-16,True
D:\GRIP_Dataset\New_model\Chirality_Crops\aug27_final_v2_bbox\val\left\12-43-09\images\left\left__GRIP_2026-08-27_12-43-09__e000062.jpg,left,original,left,1.0,1.0899337855863056e-11,True
D:\GRIP_Dataset\New_model\Chirality_Crops\aug27_final_v2_bbox\val\left\12-43-09\images\left\left__GRIP_2026-08-27_12-43-09__e000062.jpg,left,finger_side,left,1.0,4.872196868177525e-09,True
D:\GRIP_Dataset\New_model\Chirality_Crops\aug27_final_v2_bbox\val\left\12-43-09\images\left\left__GRIP_2026-08-27_12-43-09__e000062.jpg,left,cuff_side,left,1.0,3.304488416233653e-08,True
D:\GRIP_Dataset\New_model\Chirality_Crops\aug27_final_v2_bbox\val\left\12-43-09\images\left\left__GRIP_2026-08-27_12-43-09__e000062.jpg,left,centre,left,0.9999998807907104,1.2376813174341805e-07,True
D:\GRIP_Dataset\New_model\Chirality_Crops\aug27_final_v2_bbox\val\left\12-43-09\images\left\left__GRIP_2026-08-27_12-43-09__e000062.jpg,left,top_background,left,1.0,9.616742298323988e-12,True
D:\GRIP_Dataset\New_model\Chirality_Crops\aug27_final_v2_bbox\val\left\12-43-09\images\left\left__GRIP_2026-08-27_12-43-09__e000062.jpg,left,bottom_background,left,1.0,1.1814432245016437e-11,True
D:\GRIP_Dataset\New_model\Chirality_Crops\aug27_final_v2_bbox\val\left\12-43-09\images\left\left__GRIP_2026-08-27_12-43-09__e000063.jpg,left,original,left,1.0,2.8490432669309174e-12,True
D:\GRIP_Dataset\New_model\Chirality_Crops\aug27_final_v2_bbox\val\left\12-43-09\images\left\left__GRIP_2026-08-27_12-43-09__e000063.jpg,left,finger_side,left,0.9999992847442627,6.599066182388924e-07,True
D:\GRIP_Dataset\New_model\Chirality_Crops\aug27_final_v2_bbox\val\left\12-43-09\images\left\left__GRIP_2026-08-27_12-43-09__e000063.jpg,left,cuff_side,left,1.0,1.0104871384086778e-09,True
D:\GRIP_Dataset\New_model\Chirality_Crops\aug27_final_v2_bbox\val\left\12-43-09\images\left\left__GRIP_2026-08-27_12-43-09__e000063.jpg,left,centre,left,0.9991301894187927,0.0008698044694028795,True
D:\GRIP_Dataset\New_model\Chirality_Crops\aug27_final_v2_bbox\val\left\12-43-09\images\left\left__GRIP_2026-08-27_12-43-09__e000063.jpg,left,top_background,left,1.0,2.9449366122785703e-12,True
D:\GRIP_Dataset\New_model\Chirality_Crops\aug27_final_v2_bbox\val\left\12-43-09\images\left\left__GRIP_2026-08-27_12-43-09__e000063.jpg,left,bottom_background,left,1.0,3.3734768450921493e-12,True
D:\GRIP_Dataset\New_model\Chirality_Crops\aug27_final_v2_bbox\val\left\12-43-09\images\left\left__GRIP_2026-08-27_12-43-09__e000064.jpg,left,original,left,1.0,3.72930492043011e-10,True
D:\GRIP_Dataset\New_model\Chirality_Crops\aug27_final_v2_bbox\val\left\12-43-09\images\left\left__GRIP_2026-08-27_12-43-09__e000064.jpg,left,finger_side,left,0.9999873638153076,1.26210452435771e-05,True
D:\GRIP_Dataset\New_model\Chirality_Crops\aug27_final_v2_bbox\val\left\12-43-09\images\left\left__GRIP_2026-08-27_12-43-09__e000064.jpg,left,cuff_side,left,0.9999997615814209,2.6019239385277615e-07,True
D:\GRIP_Dataset\New_model\Chirality_Crops\aug27_final_v2_bbox\val\left\12-43-09\images\left\left__GRIP_2026-08-27_12-43-09__e000064.jpg,left,centre,left,0.9999538660049438,4.607666051015258e-05,True
D:\GRIP_Dataset\New_model\Chirality_Crops\aug27_final_v2_bbox\val\left\12-43-09\images\left\left__GRIP_2026-08-27_12-43-09__e000064.jpg,left,top_background,left,1.0,3.72930492043011e-10,True
D:\GRIP_Dataset\New_model\Chirality_Crops\aug27_final_v2_bbox\val\left\12-43-09\images\left\left__GRIP_2026-08-27_12-43-09__e000064.jpg,left,bottom_background,left,1.0,3.72930492043011e-10,True
D:\GRIP_Dataset\New_model\Chirality_Crops\aug27_final_v2_bbox\val\left\12-43-09\images\left\left__GRIP_2026-08-27_12-43-09__e000065.jpg,left,original,left,0.9999998807907104,1.4435835282711196e-07,True
D:\GRIP_Dataset\New_model\Chirality_Crops\aug27_final_v2_bbox\val\left\12-43-09\images\left\left__GRIP_2026-08-27_12-43-09__e000065.jpg,left,finger_side,left,0.9999392032623291,6.0734106227755547e-05,True
D:\GRIP_Dataset\New_model\Chirality_Crops\aug27_final_v2_bbox\val\left\12-43-09\images\left\left__GRIP_2026-08-27_12-43-09__e000065.jpg,left,cuff_side,left,0.999997615814209,2.3907091417640913e-06,True
D:\GRIP_Dataset\New_model\Chirality_Crops\aug27_final_v2_bbox\val\left\12-43-09\images\left\left__GRIP_2026-08-27_12-43-09__e000065.jpg,left,centre,left,0.9990481734275818,0.0009517663274891675,True
D:\GRIP_Dataset\New_model\Chirality_Crops\aug27_final_v2_bbox\val\left\12-43-09\images\left\left__GRIP_2026-08-27_12-43-09__e000065.jpg,left,top_background,left,0.9999997615814209,1.8213984276371775e-07,True
D:\GRIP_Dataset\New_model\Chirality_Crops\aug27_final_v2_bbox\val\left\12-43-09\images\left\left__GRIP_2026-08-27_12-43-09__e000065.jpg,left,bottom_background,left,0.9999998807907104,1.613646816167602e-07,True
D:\GRIP_Dataset\New_model\Chirality_Crops\aug27_final_v2_bbox\val\left\12-43-09\images\left\left__GRIP_2026-08-27_12-43-09__e000066.jpg,left,original,left,0.9999998807907104,1.2112182901091728e-07,True
D:\GRIP_Dataset\New_model\Chirality_Crops\aug27_final_v2_bbox\val\left\12-43-09\images\left\left__GRIP_2026-08-27_12-43-09__e000066.jpg,left,finger_side,left,0.9999998807907104,1.497687520668478e-07,True
D:\GRIP_Dataset\New_model\Chirality_Crops\aug27_final_v2_bbox\val\left\12-43-09\images\left\left__GRIP_2026-08-27_12-43-09__e000066.jpg,left,cuff_side,left,0.999782383441925,0.00021763303084298968,True
D:\GRIP_Dataset\New_model\Chirality_Crops\aug27_final_v2_bbox\val\left\12-43-09\images\left\left__GRIP_2026-08-27_12-43-09__e000066.jpg,left,centre,left,0.9999666213989258,3.336651570862159e-05,True
D:\GRIP_Dataset\New_model\Chirality_Crops\aug27_final_v2_bbox\val\left\12-43-09\images\left\left__GRIP_2026-08-27_12-43-09__e000066.jpg,left,top_background,left,0.9999997615814209,2.0432905500911147e-07,True
D:\GRIP_Dataset\New_model\Chirality_Crops\aug27_final_v2_bbox\val\left\12-43-09\images\left\left__GRIP_2026-08-27_12-43-09__e000066.jpg,left,bottom_background,left,1.0,2.3596754772370332e-08,True
D:\GRIP_Dataset\New_model\Chirality_Crops\aug27_final_v2_bbox\val\left\12-43-09\images\left\left__GRIP_2026-08-27_12-43-09__e000067.jpg,left,original,left,0.9999825954437256,1.7444985132897273e-05,True
D:\GRIP_Dataset\New_model\Chirality_Crops\aug27_final_v2_bbox\val\left\12-43-09\images\left\left__GRIP_2026-08-27_12-43-09__e000067.jpg,left,finger_side,left,0.9984307885169983,0.0015691627049818635,True
D:\GRIP_Dataset\New_model\Chirality_Crops\aug27_final_v2_bbox\val\left\12-43-09\images\left\left__GRIP_2026-08-27_12-43-09__e000067.jpg,left,cuff_side,left,0.9254884719848633,0.07451149821281433,True
D:\GRIP_Dataset\New_model\Chirality_Crops\aug27_final_v2_bbox\val\left\12-43-09\images\left\left__GRIP_2026-08-27_12-43-09__e000067.jpg,left,centre,left,0.9997203946113586,0.0002795548061840236,True
D:\GRIP_Dataset\New_model\Chirality_Crops\aug27_final_v2_bbox\val\left\12-43-09\images\left\left__GRIP_2026-08-27_12-43-09__e000067.jpg,left,top_background,left,0.9999834299087524,1.662666727497708e-05,True
D:\GRIP_Dataset\New_model\Chirality_Crops\aug27_final_v2_bbox\val\left\12-43-09\images\left\left__GRIP_2026-08-27_12-43-09__e000067.jpg,left,bottom_background,left,0.9999825954437256,1.7444985132897273e-05,True
D:\GRIP_Dataset\New_model\Chirality_Crops\aug27_final_v2_bbox\val\left\12-43-09\images\left\left__GRIP_2026-08-27_12-43-09__e000069.jpg,left,original,left,1.0,2.0617202805665337e-16,True
D:\GRIP_Dataset\New_model\Chirality_Crops\aug27_final_v2_bbox\val\left\12-43-09\images\left\left__GRIP_2026-08-27_12-43-09__e000069.jpg,left,finger_side,left,1.0,2.996019057843746e-11,True
D:\GRIP_Dataset\New_model\Chirality_Crops\aug27_final_v2_bbox\val\left\12-43-09\images\left\left__GRIP_2026-08-27_12-43-09__e000069.jpg,left,cuff_side,left,1.0,8.156985503715575e-12,True
D:\GRIP_Dataset\New_model\Chirality_Crops\aug27_final_v2_bbox\val\left\12-43-09\images\left\left__GRIP_2026-08-27_12-43-09__e000069.jpg,left,centre,left,1.0,2.2322927950568783e-09,True
D:\GRIP_Dataset\New_model\Chirality_Crops\aug27_final_v2_bbox\val\left\12-43-09\images\left\left__GRIP_2026-08-27_12-43-09__e000069.jpg,left,top_background,left,1.0,1.0024783161520414e-16,True
D:\GRIP_Dataset\New_model\Chirality_Crops\aug27_final_v2_bbox\val\left\12-43-09\images\left\left__GRIP_2026-08-27_12-43-09__e000069.jpg,left,bottom_background,left,1.0,2.0757197499511772e-16,True
D:\GRIP_Dataset\New_model\Chirality_Crops\aug27_final_v2_bbox\val\left\12-43-09\images\left\left__GRIP_2026-08-27_12-43-09__e000070.jpg,left,original,left,1.0,4.997657843119896e-10,True
D:\GRIP_Dataset\New_model\Chirality_Crops\aug27_final_v2_bbox\val\left\12-43-09\images\left\left__GRIP_2026-08-27_12-43-09__e000070.jpg,left,finger_side,left,0.9889678359031677,0.011032206937670708,True
D:\GRIP_Dataset\New_model\Chirality_Crops\aug27_final_v2_bbox\val\left\12-43-09\images\left\left__GRIP_2026-08-27_12-43-09__e000070.jpg,left,cuff_side,left,1.0,4.667120734325181e-08,True
D:\GRIP_Dataset\New_model\Chirality_Crops\aug27_final_v2_bbox\val\left\12-43-09\images\left\left__GRIP_2026-08-27_12-43-09__e000070.jpg,left,centre,left,0.9999994039535522,5.728509790969838e-07,True
D:\GRIP_Dataset\New_model\Chirality_Crops\aug27_final_v2_bbox\val\left\12-43-09\images\left\left__GRIP_2026-08-27_12-43-09__e000070.jpg,left,top_background,left,1.0,4.692420896290628e-10,True
D:\GRIP_Dataset\New_model\Chirality_Crops\aug27_final_v2_bbox\val\left\12-43-09\images\left\left__GRIP_2026-08-27_12-43-09__e000070.jpg,left,bottom_background,left,1.0,2.5691559990548285e-10,True
D:\GRIP_Dataset\New_model\Chirality_Crops\aug27_final_v2_bbox\val\left\12-43-09\images\left\left__GRIP_2026-08-27_12-43-09__e000072.jpg,left,original,left,1.0,6.935975875403937e-15,True
D:\GRIP_Dataset\New_model\Chirality_Crops\aug27_final_v2_bbox\val\left\12-43-09\images\left\left__GRIP_2026-08-27_12-43-09__e000072.jpg,left,finger_side,left,0.9999996423721313,3.183932903993991e-07,True
D:\GRIP_Dataset\New_model\Chirality_Crops\aug27_final_v2_bbox\val\left\12-43-09\images\left\left__GRIP_2026-08-27_12-43-09__e000072.jpg,left,cuff_side,left,1.0,1.612874417356025e-11,True
D:\GRIP_Dataset\New_model\Chirality_Crops\aug27_final_v2_bbox\val\left\12-43-09\images\left\left__GRIP_2026-08-27_12-43-09__e000072.jpg,left,centre,left,0.9999998807907104,8.509162086056676e-08,True
D:\GRIP_Dataset\New_model\Chirality_Crops\aug27_final_v2_bbox\val\left\12-43-09\images\left\left__GRIP_2026-08-27_12-43-09__e000072.jpg,left,top_background,left,1.0,6.935975875403937e-15,True
D:\GRIP_Dataset\New_model\Chirality_Crops\aug27_final_v2_bbox\val\left\12-43-09\images\left\left__GRIP_2026-08-27_12-43-09__e000072.jpg,left,bottom_background,left,1.0,6.935975875403937e-15,True
D:\GRIP_Dataset\New_model\Chirality_Crops\aug27_final_v2_bbox\val\left\12-43-09\images\left\left__GRIP_2026-08-27_12-43-09__e000074.jpg,left,original,left,1.0,4.303681716555374e-11,True
D:\GRIP_Dataset\New_model\Chirality_Crops\aug27_final_v2_bbox\val\left\12-43-09\images\left\left__GRIP_2026-08-27_12-43-09__e000074.jpg,left,finger_side,left,1.0,1.6716080963874447e-08,True
D:\GRIP_Dataset\New_model\Chirality_Crops\aug27_final_v2_bbox\val\left\12-43-09\images\left\left__GRIP_2026-08-27_12-43-09__e000074.jpg,left,cuff_side,left,0.9999998807907104,1.1077461437025704e-07,True
D:\GRIP_Dataset\New_model\Chirality_Crops\aug27_final_v2_bbox\val\left\12-43-09\images\left\left__GRIP_2026-08-27_12-43-09__e000074.jpg,left,centre,left,0.9999970197677612,2.9638874821102945e-06,True
D:\GRIP_Dataset\New_model\Chirality_Crops\aug27_final_v2_bbox\val\left\12-43-09\images\left\left__GRIP_2026-08-27_12-43-09__e000074.jpg,left,top_background,left,1.0,4.303681716555374e-11,True
D:\GRIP_Dataset\New_model\Chirality_Crops\aug27_final_v2_bbox\val\left\12-43-09\images\left\left__GRIP_2026-08-27_12-43-09__e000074.jpg,left,bottom_background,left,1.0,4.303681716555374e-11,True
D:\GRIP_Dataset\New_model\Chirality_Crops\aug27_final_v2_bbox\val\left\12-43-09\images\left\left__GRIP_2026-08-27_12-43-09__e000075.jpg,left,original,left,0.9999997615814209,2.8209592528583016e-07,True
D:\GRIP_Dataset\New_model\Chirality_Crops\aug27_final_v2_bbox\val\left\12-43-09\images\left\left__GRIP_2026-08-27_12-43-09__e000075.jpg,left,finger_side,left,0.9975507855415344,0.0024492654483765364,True
D:\GRIP_Dataset\New_model\Chirality_Crops\aug27_final_v2_bbox\val\left\12-43-09\images\left\left__GRIP_2026-08-27_12-43-09__e000075.jpg,left,cuff_side,left,0.9999992847442627,7.032638791315549e-07,True
D:\GRIP_Dataset\New_model\Chirality_Crops\aug27_final_v2_bbox\val\left\12-43-09\images\left\left__GRIP_2026-08-27_12-43-09__e000075.jpg,left,centre,left,0.9999926090240479,7.366548288700869e-06,True
D:\GRIP_Dataset\New_model\Chirality_Crops\aug27_final_v2_bbox\val\left\12-43-09\images\left\left__GRIP_2026-08-27_12-43-09__e000075.jpg,left,top_background,left,0.9999997615814209,2.8209592528583016e-07,True
D:\GRIP_Dataset\New_model\Chirality_Crops\aug27_final_v2_bbox\val\left\12-43-09\images\left\left__GRIP_2026-08-27_12-43-09__e000075.jpg,left,bottom_background,left,0.9999997615814209,2.8209592528583016e-07,True
D:\GRIP_Dataset\New_model\Chirality_Crops\aug27_final_v2_bbox\val\left\12-43-09\images\left\left__GRIP_2026-08-27_12-43-09__e000076.jpg,left,original,left,0.9999979734420776,2.0747052076330874e-06,True
D:\GRIP_Dataset\New_model\Chirality_Crops\aug27_final_v2_bbox\val\left\12-43-09\images\left\left__GRIP_2026-08-27_12-43-09__e000076.jpg,left,finger_side,left,0.9999929666519165,7.088924576237332e-06,True
D:\GRIP_Dataset\New_model\Chirality_Crops\aug27_final_v2_bbox\val\left\12-43-09\images\left\left__GRIP_2026-08-27_12-43-09__e000076.jpg,left,cuff_side,left,0.9973280429840088,0.0026719204615801573,True
D:\GRIP_Dataset\New_model\Chirality_Crops\aug27_final_v2_bbox\val\left\12-43-09\images\left\left__GRIP_2026-08-27_12-43-09__e000076.jpg,left,centre,left,0.9963654279708862,0.0036345513071864843,True
D:\GRIP_Dataset\New_model\Chirality_Crops\aug27_final_v2_bbox\val\left\12-43-09\images\left\left__GRIP_2026-08-27_12-43-09__e000076.jpg,left,top_background,left,0.9999977350234985,2.317550524821854e-06,True
D:\GRIP_Dataset\New_model\Chirality_Crops\aug27_final_v2_bbox\val\left\12-43-09\images\left\left__GRIP_2026-08-27_12-43-09__e000076.jpg,left,bottom_background,left,0.999997615814209,2.4172481971618254e-06,True
D:\GRIP_Dataset\New_model\Chirality_Crops\aug27_final_v2_bbox\val\left\12-43-09\images\left\left__GRIP_2026-08-27_12-43-09__e000078.jpg,left,original,left,1.0,5.315191620169912e-10,True
D:\GRIP_Dataset\New_model\Chirality_Crops\aug27_final_v2_bbox\val\left\12-43-09\images\left\left__GRIP_2026-08-27_12-43-09__e000078.jpg,left,finger_side,left,0.9999099969863892,8.998163684736937e-05,True
D:\GRIP_Dataset\New_model\Chirality_Crops\aug27_final_v2_bbox\val\left\12-43-09\images\left\left__GRIP_2026-08-27_12-43-09__e000078.jpg,left,cuff_side,left,1.0,1.8324037398542714e-08,True
D:\GRIP_Dataset\New_model\Chirality_Crops\aug27_final_v2_bbox\val\left\12-43-09\images\left\left__GRIP_2026-08-27_12-43-09__e000078.jpg,left,centre,left,0.9999948740005493,5.115240583108971e-06,True
D:\GRIP_Dataset\New_model\Chirality_Crops\aug27_final_v2_bbox\val\left\12-43-09\images\left\left__GRIP_2026-08-27_12-43-09__e000078.jpg,left,top_background,left,1.0,3.1191738081304266e-10,True
D:\GRIP_Dataset\New_model\Chirality_Crops\aug27_final_v2_bbox\val\left\12-43-09\images\left\left__GRIP_2026-08-27_12-43-09__e000078.jpg,left,bottom_background,left,1.0,4.734838077169456e-10,True
D:\GRIP_Dataset\New_model\Chirality_Crops\aug27_final_v2_bbox\val\left\12-43-09\images\left\left__GRIP_2026-08-27_12-43-09__e000080.jpg,left,original,left,1.0,5.974491328096868e-14,True
D:\GRIP_Dataset\New_model\Chirality_Crops\aug27_final_v2_bbox\val\left\12-43-09\images\left\left__GRIP_2026-08-27_12-43-09__e000080.jpg,left,finger_side,left,1.0,2.4739659210126774e-08,True
D:\GRIP_Dataset\New_model\Chirality_Crops\aug27_final_v2_bbox\val\left\12-43-09\images\left\left__GRIP_2026-08-27_12-43-09__e000080.jpg,left,cuff_side,left,0.9999998807907104,8.890403080386022e-08,True
D:\GRIP_Dataset\New_model\Chirality_Crops\aug27_final_v2_bbox\val\left\12-43-09\images\left\left__GRIP_2026-08-27_12-43-09__e000080.jpg,left,centre,left,1.0,2.55865444387382e-08,True
D:\GRIP_Dataset\New_model\Chirality_Crops\aug27_final_v2_bbox\val\left\12-43-09\images\left\left__GRIP_2026-08-27_12-43-09__e000080.jpg,left,top_background,left,1.0,5.974491328096868e-14,True
D:\GRIP_Dataset\New_model\Chirality_Crops\aug27_final_v2_bbox\val\left\12-43-09\images\left\left__GRIP_2026-08-27_12-43-09__e000080.jpg,left,bottom_background,left,1.0,5.974491328096868e-14,True
D:\GRIP_Dataset\New_model\Chirality_Crops\aug27_final_v2_bbox\val\left\12-43-09\images\left\left__GRIP_2026-08-27_12-43-09__e000081.jpg,left,original,left,0.9999995231628418,4.30712930210575e-07,True
D:\GRIP_Dataset\New_model\Chirality_Crops\aug27_final_v2_bbox\val\left\12-43-09\images\left\left__GRIP_2026-08-27_12-43-09__e000081.jpg,left,finger_side,left,0.9998884201049805,0.00011153869127156213,True
D:\GRIP_Dataset\New_model\Chirality_Crops\aug27_final_v2_bbox\val\left\12-43-09\images\left\left__GRIP_2026-08-27_12-43-09__e000081.jpg,left,cuff_side,left,0.9999990463256836,9.413284942638711e-07,True
D:\GRIP_Dataset\New_model\Chirality_Crops\aug27_final_v2_bbox\val\left\12-43-09\images\left\left__GRIP_2026-08-27_12-43-09__e000081.jpg,left,centre,left,0.9998934268951416,0.00010661791020538658,True
D:\GRIP_Dataset\New_model\Chirality_Crops\aug27_final_v2_bbox\val\left\12-43-09\images\left\left__GRIP_2026-08-27_12-43-09__e000081.jpg,left,top_background,left,0.9999998807907104,1.4607671516841947e-07,True
D:\GRIP_Dataset\New_model\Chirality_Crops\aug27_final_v2_bbox\val\left\12-43-09\images\left\left__GRIP_2026-08-27_12-43-09__e000081.jpg,left,bottom_background,left,0.9999998807907104,8.833693954102273e-08,True
D:\GRIP_Dataset\New_model\Chirality_Crops\aug27_final_v2_bbox\val\left\12-43-09\images\left\left__GRIP_2026-08-27_12-43-09__e000083.jpg,left,original,left,1.0,5.045662776481663e-10,True
D:\GRIP_Dataset\New_model\Chirality_Crops\aug27_final_v2_bbox\val\left\12-43-09\images\left\left__GRIP_2026-08-27_12-43-09__e000083.jpg,left,finger_side,left,0.9986306428909302,0.0013694246299564838,True
D:\GRIP_Dataset\New_model\Chirality_Crops\aug27_final_v2_bbox\val\left\12-43-09\images\left\left__GRIP_2026-08-27_12-43-09__e000083.jpg,left,cuff_side,left,0.9999998807907104,8.262446016260583e-08,True
D:\GRIP_Dataset\New_model\Chirality_Crops\aug27_final_v2_bbox\val\left\12-43-09\images\left\left__GRIP_2026-08-27_12-43-09__e000083.jpg,left,centre,left,0.9999585151672363,4.1502597014186904e-05,True
D:\GRIP_Dataset\New_model\Chirality_Crops\aug27_final_v2_bbox\val\left\12-43-09\images\left\left__GRIP_2026-08-27_12-43-09__e000083.jpg,left,top_background,left,1.0,6.785357276051229e-10,True
D:\GRIP_Dataset\New_model\Chirality_Crops\aug27_final_v2_bbox\val\left\12-43-09\images\left\left__GRIP_2026-08-27_12-43-09__e000083.jpg,left,bottom_background,left,1.0,4.5303280571395987e-10,True
D:\GRIP_Dataset\New_model\Chirality_Crops\aug27_final_v2_bbox\val\left\12-43-09\images\left\left__GRIP_2026-08-27_12-43-09__e000085.jpg,left,original,left,1.0,1.0935757507879451e-11,True
D:\GRIP_Dataset\New_model\Chirality_Crops\aug27_final_v2_bbox\val\left\12-43-09\images\left\left__GRIP_2026-08-27_12-43-09__e000085.jpg,left,finger_side,left,0.9999586343765259,4.13762973039411e-05,True
D:\GRIP_Dataset\New_model\Chirality_Crops\aug27_final_v2_bbox\val\left\12-43-09\images\left\left__GRIP_2026-08-27_12-43-09__e000085.jpg,left,cuff_side,left,1.0,9.952683122094186e-11,True
D:\GRIP_Dataset\New_model\Chirality_Crops\aug27_final_v2_bbox\val\left\12-43-09\images\left\left__GRIP_2026-08-27_12-43-09__e000085.jpg,left,centre,left,0.994949460029602,0.005050488747656345,True
D:\GRIP_Dataset\New_model\Chirality_Crops\aug27_final_v2_bbox\val\left\12-43-09\images\left\left__GRIP_2026-08-27_12-43-09__e000085.jpg,left,top_background,left,1.0,1.5124930821674987e-11,True
D:\GRIP_Dataset\New_model\Chirality_Crops\aug27_final_v2_bbox\val\left\12-43-09\images\left\left__GRIP_2026-08-27_12-43-09__e000085.jpg,left,bottom_background,left,1.0,1.603450770597259e-12,True
D:\GRIP_Dataset\New_model\Chirality_Crops\aug27_final_v2_bbox\val\left\12-43-09\images\left\left__GRIP_2026-08-27_12-43-09__e000087.jpg,left,original,left,1.0,1.8431253973136968e-13,True
D:\GRIP_Dataset\New_model\Chirality_Crops\aug27_final_v2_bbox\val\left\12-43-09\images\left\left__GRIP_2026-08-27_12-43-09__e000087.jpg,left,finger_side,left,0.9884042739868164,0.011595700867474079,True
D:\GRIP_Dataset\New_model\Chirality_Crops\aug27_final_v2_bbox\val\left\12-43-09\images\left\left__GRIP_2026-08-27_12-43-09__e000087.jpg,left,cuff_side,left,1.0,1.1628892293558124e-11,True
D:\GRIP_Dataset\New_model\Chirality_Crops\aug27_final_v2_bbox\val\left\12-43-09\images\left\left__GRIP_2026-08-27_12-43-09__e000087.jpg,left,centre,left,0.9999996423721313,4.0898223119256727e-07,True
D:\GRIP_Dataset\New_model\Chirality_Crops\aug27_final_v2_bbox\val\left\12-43-09\images\left\left__GRIP_2026-08-27_12-43-09__e000087.jpg,left,top_background,left,1.0,1.8792339375166972e-13,True
D:\GRIP_Dataset\New_model\Chirality_Crops\aug27_final_v2_bbox\val\left\12-43-09\images\left\left__GRIP_2026-08-27_12-43-09__e000087.jpg,left,bottom_background,left,1.0,2.2541819485241005e-13,True
D:\GRIP_Dataset\New_model\Chirality_Crops\aug27_final_v2_bbox\val\left\12-43-09\images\left\left__GRIP_2026-08-27_12-43-09__e000088.jpg,left,original,left,1.0,1.2420148460048908e-13,True
D:\GRIP_Dataset\New_model\Chirality_Crops\aug27_final_v2_bbox\val\left\12-43-09\images\left\left__GRIP_2026-08-27_12-43-09__e000088.jpg,left,finger_side,left,1.0,8.662864203756726e-09,True
D:\GRIP_Dataset\New_model\Chirality_Crops\aug27_final_v2_bbox\val\left\12-43-09\images\left\left__GRIP_2026-08-27_12-43-09__e000088.jpg,left,cuff_side,left,1.0,3.5290881328364776e-08,True
D:\GRIP_Dataset\New_model\Chirality_Crops\aug27_final_v2_bbox\val\left\12-43-09\images\left\left__GRIP_2026-08-27_12-43-09__e000088.jpg,left,centre,left,1.0,4.058842151266617e-08,True
D:\GRIP_Dataset\New_model\Chirality_Crops\aug27_final_v2_bbox\val\left\12-43-09\images\left\left__GRIP_2026-08-27_12-43-09__e000088.jpg,left,top_background,left,1.0,1.273562960819874e-13,True
D:\GRIP_Dataset\New_model\Chirality_Crops\aug27_final_v2_bbox\val\left\12-43-09\images\left\left__GRIP_2026-08-27_12-43-09__e000088.jpg,left,bottom_background,left,1.0,1.265779608948872e-13,True
D:\GRIP_Dataset\New_model\Chirality_Crops\aug27_final_v2_bbox\val\left\12-43-09\images\left\left__GRIP_2026-08-27_12-43-09__e000089.jpg,left,original,left,1.0,5.270741065821483e-10,True
D:\GRIP_Dataset\New_model\Chirality_Crops\aug27_final_v2_bbox\val\left\12-43-09\images\left\left__GRIP_2026-08-27_12-43-09__e000089.jpg,left,finger_side,left,1.0,5.082543275136686e-09,True
D:\GRIP_Dataset\New_model\Chirality_Crops\aug27_final_v2_bbox\val\left\12-43-09\images\left\left__GRIP_2026-08-27_12-43-09__e000089.jpg,left,cuff_side,left,0.9998974800109863,0.00010250159539282322,True
D:\GRIP_Dataset\New_model\Chirality_Crops\aug27_final_v2_bbox\val\left\12-43-09\images\left\left__GRIP_2026-08-27_12-43-09__e000089.jpg,left,centre,left,0.9940938353538513,0.0059061674401164055,True
D:\GRIP_Dataset\New_model\Chirality_Crops\aug27_final_v2_bbox\val\left\12-43-09\images\left\left__GRIP_2026-08-27_12-43-09__e000089.jpg,left,top_background,left,1.0,3.922968616620892e-10,True
D:\GRIP_Dataset\New_model\Chirality_Crops\aug27_final_v2_bbox\val\left\12-43-09\images\left\left__GRIP_2026-08-27_12-43-09__e000089.jpg,left,bottom_background,left,1.0,5.655812485017009e-10,True
D:\GRIP_Dataset\New_model\Chirality_Crops\aug27_final_v2_bbox\val\left\12-43-09\images\left\left__GRIP_2026-08-27_12-43-09__e000090.jpg,left,original,left,0.9999985694885254,1.4648312571807764e-06,True
D:\GRIP_Dataset\New_model\Chirality_Crops\aug27_final_v2_bbox\val\left\12-43-09\images\left\left__GRIP_2026-08-27_12-43-09__e000090.jpg,left,finger_side,left,0.9999985694885254,1.4067165921005653e-06,True
D:\GRIP_Dataset\New_model\Chirality_Crops\aug27_final_v2_bbox\val\left\12-43-09\images\left\left__GRIP_2026-08-27_12-43-09__e000090.jpg,left,cuff_side,left,0.9996750354766846,0.0003249645815230906,True
D:\GRIP_Dataset\New_model\Chirality_Crops\aug27_final_v2_bbox\val\left\12-43-09\images\left\left__GRIP_2026-08-27_12-43-09__e000090.jpg,left,centre,left,0.9808024168014526,0.019197603687644005,True
D:\GRIP_Dataset\New_model\Chirality_Crops\aug27_final_v2_bbox\val\left\12-43-09\images\left\left__GRIP_2026-08-27_12-43-09__e000090.jpg,left,top_background,left,0.999998927116394,1.0883192089750082e-06,True
D:\GRIP_Dataset\New_model\Chirality_Crops\aug27_final_v2_bbox\val\left\12-43-09\images\left\left__GRIP_2026-08-27_12-43-09__e000090.jpg,left,bottom_background,left,0.9999996423721313,3.7138420339033473e-07,True
D:\GRIP_Dataset\New_model\Chirality_Crops\aug27_final_v2_bbox\val\left\12-43-09\images\left\left__GRIP_2026-08-27_12-43-09__e000092.jpg,left,original,left,1.0,4.225577786981516e-12,True
D:\GRIP_Dataset\New_model\Chirality_Crops\aug27_final_v2_bbox\val\left\12-43-09\images\left\left__GRIP_2026-08-27_12-43-09__e000092.jpg,left,finger_side,left,0.9999974966049194,2.5304261725977995e-06,True
D:\GRIP_Dataset\New_model\Chirality_Crops\aug27_final_v2_bbox\val\left\12-43-09\images\left\left__GRIP_2026-08-27_12-43-09__e000092.jpg,left,cuff_side,left,1.0,5.641870859385278e-10,True
D:\GRIP_Dataset\New_model\Chirality_Crops\aug27_final_v2_bbox\val\left\12-43-09\images\left\left__GRIP_2026-08-27_12-43-09__e000092.jpg,left,centre,left,1.0,2.2757653539429157e-09,True
D:\GRIP_Dataset\New_model\Chirality_Crops\aug27_final_v2_bbox\val\left\12-43-09\images\left\left__GRIP_2026-08-27_12-43-09__e000092.jpg,left,top_background,left,1.0,5.273602301375524e-12,True
D:\GRIP_Dataset\New_model\Chirality_Crops\aug27_final_v2_bbox\val\left\12-43-09\images\left\left__GRIP_2026-08-27_12-43-09__e000092.jpg,left,bottom_background,left,1.0,1.0949610359037298e-12,True
D:\GRIP_Dataset\New_model\Chirality_Crops\aug27_final_v2_bbox\val\left\12-43-09\images\left\left__GRIP_2026-08-27_12-43-09__e000094.jpg,left,original,left,1.0,1.4201643416811294e-08,True
D:\GRIP_Dataset\New_model\Chirality_Crops\aug27_final_v2_bbox\val\left\12-43-09\images\left\left__GRIP_2026-08-27_12-43-09__e000094.jpg,left,finger_side,left,0.9999507665634155,4.9225844122702256e-05,True
D:\GRIP_Dataset\New_model\Chirality_Crops\aug27_final_v2_bbox\val\left\12-43-09\images\left\left__GRIP_2026-08-27_12-43-09__e000094.jpg,left,cuff_side,left,0.9999996423721313,3.2315227826984483e-07,True
D:\GRIP_Dataset\New_model\Chirality_Crops\aug27_final_v2_bbox\val\left\12-43-09\images\left\left__GRIP_2026-08-27_12-43-09__e000094.jpg,left,centre,left,0.9999901056289673,9.887153282761574e-06,True
D:\GRIP_Dataset\New_model\Chirality_Crops\aug27_final_v2_bbox\val\left\12-43-09\images\left\left__GRIP_2026-08-27_12-43-09__e000094.jpg,left,top_background,left,1.0,1.3736955573051546e-08,True
D:\GRIP_Dataset\New_model\Chirality_Crops\aug27_final_v2_bbox\val\left\12-43-09\images\left\left__GRIP_2026-08-27_12-43-09__e000094.jpg,left,bottom_background,left,1.0,1.7975482435872436e-08,True
D:\GRIP_Dataset\New_model\Chirality_Crops\aug27_final_v2_bbox\val\left\12-43-09\images\left\left__GRIP_2026-08-27_12-43-09__e000095.jpg,left,original,left,1.0,5.582828566066576e-16,True
D:\GRIP_Dataset\New_model\Chirality_Crops\aug27_final_v2_bbox\val\left\12-43-09\images\left\left__GRIP_2026-08-27_12-43-09__e000095.jpg,left,finger_side,left,0.9999992847442627,7.21524202162982e-07,True
D:\GRIP_Dataset\New_model\Chirality_Crops\aug27_final_v2_bbox\val\left\12-43-09\images\left\left__GRIP_2026-08-27_12-43-09__e000095.jpg,left,cuff_side,left,1.0,4.786472000001263e-12,True
D:\GRIP_Dataset\New_model\Chirality_Crops\aug27_final_v2_bbox\val\left\12-43-09\images\left\left__GRIP_2026-08-27_12-43-09__e000095.jpg,left,centre,left,1.0,5.639184230687988e-09,True
D:\GRIP_Dataset\New_model\Chirality_Crops\aug27_final_v2_bbox\val\left\12-43-09\images\left\left__GRIP_2026-08-27_12-43-09__e000095.jpg,left,top_background,left,1.0,4.630658713025519e-16,True
D:\GRIP_Dataset\New_model\Chirality_Crops\aug27_final_v2_bbox\val\left\12-43-09\images\left\left__GRIP_2026-08-27_12-43-09__e000095.jpg,left,bottom_background,left,1.0,5.777408974709834e-16,True
D:\GRIP_Dataset\New_model\Chirality_Crops\aug27_final_v2_bbox\val\left\12-43-09\images\left\left__GRIP_2026-08-27_12-43-09__e000096.jpg,left,original,left,0.9999998807907104,1.7354385306589393e-07,True
D:\GRIP_Dataset\New_model\Chirality_Crops\aug27_final_v2_bbox\val\left\12-43-09\images\left\left__GRIP_2026-08-27_12-43-09__e000096.jpg,left,finger_side,left,1.0,1.0728411048432918e-08,True
D:\GRIP_Dataset\New_model\Chirality_Crops\aug27_final_v2_bbox\val\left\12-43-09\images\left\left__GRIP_2026-08-27_12-43-09__e000096.jpg,left,cuff_side,left,0.999567449092865,0.0004325596964918077,True
D:\GRIP_Dataset\New_model\Chirality_Crops\aug27_final_v2_bbox\val\left\12-43-09\images\left\left__GRIP_2026-08-27_12-43-09__e000096.jpg,left,centre,left,0.9993948936462402,0.000605085282586515,True
D:\GRIP_Dataset\New_model\Chirality_Crops\aug27_final_v2_bbox\val\left\12-43-09\images\left\left__GRIP_2026-08-27_12-43-09__e000096.jpg,left,top_background,left,0.9999998807907104,1.5457023039289197e-07,True
D:\GRIP_Dataset\New_model\Chirality_Crops\aug27_final_v2_bbox\val\left\12-43-09\images\left\left__GRIP_2026-08-27_12-43-09__e000096.jpg,left,bottom_background,left,0.9999997615814209,2.2490991113954806e-07,True
D:\GRIP_Dataset\New_model\Chirality_Crops\aug27_final_v2_bbox\val\left\12-43-09\images\left\left__GRIP_2026-08-27_12-43-09__e000098.jpg,left,original,left,0.9999998807907104,6.12117361242781e-08,True
D:\GRIP_Dataset\New_model\Chirality_Crops\aug27_final_v2_bbox\val\left\12-43-09\images\left\left__GRIP_2026-08-27_12-43-09__e000098.jpg,left,finger_side,left,0.9999998807907104,6.804103236390802e-08,True
D:\GRIP_Dataset\New_model\Chirality_Crops\aug27_final_v2_bbox\val\left\12-43-09\images\left\left__GRIP_2026-08-27_12-43-09__e000098.jpg,left,cuff_side,left,0.999974250793457,2.572592711658217e-05,True
D:\GRIP_Dataset\New_model\Chirality_Crops\aug27_final_v2_bbox\val\left\12-43-09\images\left\left__GRIP_2026-08-27_12-43-09__e000098.jpg,left,centre,left,0.9999637603759766,3.628300692071207e-05,True
D:\GRIP_Dataset\New_model\Chirality_Crops\aug27_final_v2_bbox\val\left\12-43-09\images\left\left__GRIP_2026-08-27_12-43-09__e000098.jpg,left,top_background,left,1.0,5.251066692579798e-09,True
D:\GRIP_Dataset\New_model\Chirality_Crops\aug27_final_v2_bbox\val\left\12-43-09\images\left\left__GRIP_2026-08-27_12-43-09__e000098.jpg,left,bottom_background,left,1.0,1.0626846069783369e-08,True
D:\GRIP_Dataset\New_model\Chirality_Crops\aug27_final_v2_bbox\val\left\12-43-09\images\left\left__GRIP_2026-08-27_12-43-09__e000100.jpg,left,original,left,0.9999998807907104,9.131784395322029e-08,True
D:\GRIP_Dataset\New_model\Chirality_Crops\aug27_final_v2_bbox\val\left\12-43-09\images\left\left__GRIP_2026-08-27_12-43-09__e000100.jpg,left,finger_side,left,0.999424934387207,0.0005750766140408814,True
D:\GRIP_Dataset\New_model\Chirality_Crops\aug27_final_v2_bbox\val\left\12-43-09\images\left\left__GRIP_2026-08-27_12-43-09__e000100.jpg,left,cuff_side,left,0.999976396560669,2.3645838155061938e-05,True
D:\GRIP_Dataset\New_model\Chirality_Crops\aug27_final_v2_bbox\val\left\12-43-09\images\left\left__GRIP_2026-08-27_12-43-09__e000100.jpg,left,centre,left,0.9999628067016602,3.718436710187234e-05,True
D:\GRIP_Dataset\New_model\Chirality_Crops\aug27_final_v2_bbox\val\left\12-43-09\images\left\left__GRIP_2026-08-27_12-43-09__e000100.jpg,left,top_background,left,0.9999998807907104,9.471278872297262e-08,True
D:\GRIP_Dataset\New_model\Chirality_Crops\aug27_final_v2_bbox\val\left\12-43-09\images\left\left__GRIP_2026-08-27_12-43-09__e000100.jpg,left,bottom_background,left,0.9999998807907104,8.815734986455936e-08,True
D:\GRIP_Dataset\New_model\Chirality_Crops\aug27_final_v2_bbox\val\left\12-43-09\images\left\left__GRIP_2026-08-27_12-43-09__e000101.jpg,left,original,left,1.0,2.071904280087633e-11,True
D:\GRIP_Dataset\New_model\Chirality_Crops\aug27_final_v2_bbox\val\left\12-43-09\images\left\left__GRIP_2026-08-27_12-43-09__e000101.jpg,left,finger_side,left,0.8412436246871948,0.15875637531280518,True
D:\GRIP_Dataset\New_model\Chirality_Crops\aug27_final_v2_bbox\val\left\12-43-09\images\left\left__GRIP_2026-08-27_12-43-09__e000101.jpg,left,cuff_side,left,1.0,8.763173298120819e-09,True
D:\GRIP_Dataset\New_model\Chirality_Crops\aug27_final_v2_bbox\val\left\12-43-09\images\left\left__GRIP_2026-08-27_12-43-09__e000101.jpg,left,centre,left,0.9999834299087524,1.660936322878115e-05,True
D:\GRIP_Dataset\New_model\Chirality_Crops\aug27_final_v2_bbox\val\left\12-43-09\images\left\left__GRIP_2026-08-27_12-43-09__e000101.jpg,left,top_background,left,1.0,1.909364680252601e-11,True
D:\GRIP_Dataset\New_model\Chirality_Crops\aug27_final_v2_bbox\val\left\12-43-09\images\left\left__GRIP_2026-08-27_12-43-09__e000101.jpg,left,bottom_background,left,1.0,1.2416252921643167e-11,True
D:\GRIP_Dataset\New_model\Chirality_Crops\aug27_final_v2_bbox\val\left\12-43-09\images\left\left__GRIP_2026-08-27_12-43-09__e000102.jpg,left,original,left,1.0,3.011462190727343e-09,True
D:\GRIP_Dataset\New_model\Chirality_Crops\aug27_final_v2_bbox\val\left\12-43-09\images\left\left__GRIP_2026-08-27_12-43-09__e000102.jpg,left,finger_side,left,0.991754412651062,0.008245536126196384,True
D:\GRIP_Dataset\New_model\Chirality_Crops\aug27_final_v2_bbox\val\left\12-43-09\images\left\left__GRIP_2026-08-27_12-43-09__e000102.jpg,left,cuff_side,left,0.9999939203262329,6.036338618287118e-06,True
D:\GRIP_Dataset\New_model\Chirality_Crops\aug27_final_v2_bbox\val\left\12-43-09\images\left\left__GRIP_2026-08-27_12-43-09__e000102.jpg,left,centre,left,0.9999024868011475,9.747883450472727e-05,True
D:\GRIP_Dataset\New_model\Chirality_Crops\aug27_final_v2_bbox\val\left\12-43-09\images\left\left__GRIP_2026-08-27_12-43-09__e000102.jpg,left,top_background,left,1.0,5.803892921818488e-09,True
D:\GRIP_Dataset\New_model\Chirality_Crops\aug27_final_v2_bbox\val\left\12-43-09\images\left\left__GRIP_2026-08-27_12-43-09__e000102.jpg,left,bottom_background,left,1.0,7.885306851918017e-10,True
D:\GRIP_Dataset\New_model\Chirality_Crops\aug27_final_v2_bbox\val\left\12-43-09\images\left\left__GRIP_2026-08-27_12-43-09__e000103.jpg,left,original,left,0.9997953772544861,0.00020467430294957012,True
D:\GRIP_Dataset\New_model\Chirality_Crops\aug27_final_v2_bbox\val\left\12-43-09\images\left\left__GRIP_2026-08-27_12-43-09__e000103.jpg,left,finger_side,left,0.9995803236961365,0.00041969589074142277,True
D:\GRIP_Dataset\New_model\Chirality_Crops\aug27_final_v2_bbox\val\left\12-43-09\images\left\left__GRIP_2026-08-27_12-43-09__e000103.jpg,left,cuff_side,left,0.9963382482528687,0.0036617282312363386,True
D:\GRIP_Dataset\New_model\Chirality_Crops\aug27_final_v2_bbox\val\left\12-43-09\images\left\left__GRIP_2026-08-27_12-43-09__e000103.jpg,left,centre,left,0.9995301961898804,0.0004697912954725325,True
D:\GRIP_Dataset\New_model\Chirality_Crops\aug27_final_v2_bbox\val\left\12-43-09\images\left\left__GRIP_2026-08-27_12-43-09__e000103.jpg,left,top_background,left,0.9997953772544861,0.00020467430294957012,True
D:\GRIP_Dataset\New_model\Chirality_Crops\aug27_final_v2_bbox\val\left\12-43-09\images\left\left__GRIP_2026-08-27_12-43-09__e000103.jpg,left,bottom_background,left,0.9997953772544861,0.00020467430294957012,True
D:\GRIP_Dataset\New_model\Chirality_Crops\aug27_final_v2_bbox\val\left\12-43-09\images\left\left__GRIP_2026-08-27_12-43-09__e000105.jpg,left,original,left,1.0,6.092834136522951e-12,True
D:\GRIP_Dataset\New_model\Chirality_Crops\aug27_final_v2_bbox\val\left\12-43-09\images\left\left__GRIP_2026-08-27_12-43-09__e000105.jpg,left,finger_side,left,0.9999387264251709,6.123272032709792e-05,True
D:\GRIP_Dataset\New_model\Chirality_Crops\aug27_final_v2_bbox\val\left\12-43-09\images\left\left__GRIP_2026-08-27_12-43-09__e000105.jpg,left,cuff_side,left,1.0,1.707812380402629e-08,True
D:\GRIP_Dataset\New_model\Chirality_Crops\aug27_final_v2_bbox\val\left\12-43-09\images\left\left__GRIP_2026-08-27_12-43-09__e000105.jpg,left,centre,left,0.9996178150177002,0.0003821317513938993,True
D:\GRIP_Dataset\New_model\Chirality_Crops\aug27_final_v2_bbox\val\left\12-43-09\images\left\left__GRIP_2026-08-27_12-43-09__e000105.jpg,left,top_background,left,1.0,6.092834136522951e-12,True
D:\GRIP_Dataset\New_model\Chirality_Crops\aug27_final_v2_bbox\val\left\12-43-09\images\left\left__GRIP_2026-08-27_12-43-09__e000105.jpg,left,bottom_background,left,1.0,6.092834136522951e-12,True
D:\GRIP_Dataset\New_model\Chirality_Crops\aug27_final_v2_bbox\val\left\12-43-09\images\left\left__GRIP_2026-08-27_12-43-09__e000107.jpg,left,original,left,0.9999960660934448,3.889964318659622e-06,True
D:\GRIP_Dataset\New_model\Chirality_Crops\aug27_final_v2_bbox\val\left\12-43-09\images\left\left__GRIP_2026-08-27_12-43-09__e000107.jpg,left,finger_side,left,0.9670051336288452,0.032994892448186874,True
D:\GRIP_Dataset\New_model\Chirality_Crops\aug27_final_v2_bbox\val\left\12-43-09\images\left\left__GRIP_2026-08-27_12-43-09__e000107.jpg,left,cuff_side,left,0.9999852180480957,1.4738530808244832e-05,True
D:\GRIP_Dataset\New_model\Chirality_Crops\aug27_final_v2_bbox\val\left\12-43-09\images\left\left__GRIP_2026-08-27_12-43-09__e000107.jpg,left,centre,left,0.9998824596405029,0.00011749470286304131,True
D:\GRIP_Dataset\New_model\Chirality_Crops\aug27_final_v2_bbox\val\left\12-43-09\images\left\left__GRIP_2026-08-27_12-43-09__e000107.jpg,left,top_background,left,0.9999961853027344,3.7644163057848345e-06,True
D:\GRIP_Dataset\New_model\Chirality_Crops\aug27_final_v2_bbox\val\left\12-43-09\images\left\left__GRIP_2026-08-27_12-43-09__e000107.jpg,left,bottom_background,left,0.9999961853027344,3.76639150090341e-06,True
D:\GRIP_Dataset\New_model\Chirality_Crops\aug27_final_v2_bbox\val\left\12-43-09\images\left\left__GRIP_2026-08-27_12-43-09__e000108.jpg,left,original,left,0.9999394416809082,6.0544207372004166e-05,True
D:\GRIP_Dataset\New_model\Chirality_Crops\aug27_final_v2_bbox\val\left\12-43-09\images\left\left__GRIP_2026-08-27_12-43-09__e000108.jpg,left,finger_side,left,0.6818139553070068,0.3181860148906708,True
D:\GRIP_Dataset\New_model\Chirality_Crops\aug27_final_v2_bbox\val\left\12-43-09\images\left\left__GRIP_2026-08-27_12-43-09__e000108.jpg,left,cuff_side,left,0.9999862909317017,1.3651508197654039e-05,True
D:\GRIP_Dataset\New_model\Chirality_Crops\aug27_final_v2_bbox\val\left\12-43-09\images\left\left__GRIP_2026-08-27_12-43-09__e000108.jpg,left,centre,left,0.9999995231628418,4.538583482371905e-07,True
D:\GRIP_Dataset\New_model\Chirality_Crops\aug27_final_v2_bbox\val\left\12-43-09\images\left\left__GRIP_2026-08-27_12-43-09__e000108.jpg,left,top_background,left,0.9999394416809082,6.0544207372004166e-05,True
D:\GRIP_Dataset\New_model\Chirality_Crops\aug27_final_v2_bbox\val\left\12-43-09\images\left\left__GRIP_2026-08-27_12-43-09__e000108.jpg,left,bottom_background,left,0.9999394416809082,6.0544207372004166e-05,True
D:\GRIP_Dataset\New_model\Chirality_Crops\aug27_final_v2_bbox\val\left\12-43-09\images\left\left__GRIP_2026-08-27_12-43-09__e000109.jpg,left,original,left,1.0,2.311061633947578e-16,True
D:\GRIP_Dataset\New_model\Chirality_Crops\aug27_final_v2_bbox\val\left\12-43-09\images\left\left__GRIP_2026-08-27_12-43-09__e000109.jpg,left,finger_side,left,1.0,8.541960541674776e-12,True
D:\GRIP_Dataset\New_model\Chirality_Crops\aug27_final_v2_bbox\val\left\12-43-09\images\left\left__GRIP_2026-08-27_12-43-09__e000109.jpg,left,cuff_side,left,1.0,5.236798494845374e-11,True
D:\GRIP_Dataset\New_model\Chirality_Crops\aug27_final_v2_bbox\val\left\12-43-09\images\left\left__GRIP_2026-08-27_12-43-09__e000109.jpg,left,centre,left,0.9999995231628418,4.7533654878861853e-07,True
D:\GRIP_Dataset\New_model\Chirality_Crops\aug27_final_v2_bbox\val\left\12-43-09\images\left\left__GRIP_2026-08-27_12-43-09__e000109.jpg,left,top_background,left,1.0,2.240538994248165e-16,True
D:\GRIP_Dataset\New_model\Chirality_Crops\aug27_final_v2_bbox\val\left\12-43-09\images\left\left__GRIP_2026-08-27_12-43-09__e000109.jpg,left,bottom_background,left,1.0,3.756935559079889e-17,True
D:\GRIP_Dataset\New_model\Chirality_Crops\aug27_final_v2_bbox\val\left\12-43-09\images\left\left__GRIP_2026-08-27_12-43-09__e000110.jpg,left,original,left,1.0,8.451007116327958e-10,True
D:\GRIP_Dataset\New_model\Chirality_Crops\aug27_final_v2_bbox\val\left\12-43-09\images\left\left__GRIP_2026-08-27_12-43-09__e000110.jpg,left,finger_side,left,0.9999992847442627,7.637942189830937e-07,True
D:\GRIP_Dataset\New_model\Chirality_Crops\aug27_final_v2_bbox\val\left\12-43-09\images\left\left__GRIP_2026-08-27_12-43-09__e000110.jpg,left,cuff_side,left,1.0,2.67191495595398e-08,True
D:\GRIP_Dataset\New_model\Chirality_Crops\aug27_final_v2_bbox\val\left\12-43-09\images\left\left__GRIP_2026-08-27_12-43-09__e000110.jpg,left,centre,left,0.9999992847442627,7.052646537886176e-07,True
D:\GRIP_Dataset\New_model\Chirality_Crops\aug27_final_v2_bbox\val\left\12-43-09\images\left\left__GRIP_2026-08-27_12-43-09__e000110.jpg,left,top_background,left,1.0,8.784724059296423e-10,True
D:\GRIP_Dataset\New_model\Chirality_Crops\aug27_final_v2_bbox\val\left\12-43-09\images\left\left__GRIP_2026-08-27_12-43-09__e000110.jpg,left,bottom_background,left,1.0,9.81226322416262e-10,True
D:\GRIP_Dataset\New_model\Chirality_Crops\aug27_final_v2_bbox\val\left\12-43-09\images\left\left__GRIP_2026-08-27_12-43-09__e000111.jpg,left,original,left,1.0,3.4380978064518786e-08,True
D:\GRIP_Dataset\New_model\Chirality_Crops\aug27_final_v2_bbox\val\left\12-43-09\images\left\left__GRIP_2026-08-27_12-43-09__e000111.jpg,left,finger_side,left,0.9996330738067627,0.0003668538120109588,True
D:\GRIP_Dataset\New_model\Chirality_Crops\aug27_final_v2_bbox\val\left\12-43-09\images\left\left__GRIP_2026-08-27_12-43-09__e000111.jpg,left,cuff_side,left,0.9999992847442627,6.671971846117231e-07,True
D:\GRIP_Dataset\New_model\Chirality_Crops\aug27_final_v2_bbox\val\left\12-43-09\images\left\left__GRIP_2026-08-27_12-43-09__e000111.jpg,left,centre,left,0.9999951124191284,4.935177003062563e-06,True
D:\GRIP_Dataset\New_model\Chirality_Crops\aug27_final_v2_bbox\val\left\12-43-09\images\left\left__GRIP_2026-08-27_12-43-09__e000111.jpg,left,top_background,left,1.0,3.4380978064518786e-08,True
D:\GRIP_Dataset\New_model\Chirality_Crops\aug27_final_v2_bbox\val\left\12-43-09\images\left\left__GRIP_2026-08-27_12-43-09__e000111.jpg,left,bottom_background,left,1.0,3.4380978064518786e-08,True
D:\GRIP_Dataset\New_model\Chirality_Crops\aug27_final_v2_bbox\val\left\12-43-09\images\left\left__GRIP_2026-08-27_12-43-09__e000113.jpg,left,original,left,1.0,1.1848587666563049e-09,True
D:\GRIP_Dataset\New_model\Chirality_Crops\aug27_final_v2_bbox\val\left\12-43-09\images\left\left__GRIP_2026-08-27_12-43-09__e000113.jpg,left,finger_side,left,1.0,5.028777394500139e-08,True
D:\GRIP_Dataset\New_model\Chirality_Crops\aug27_final_v2_bbox\val\left\12-43-09\images\left\left__GRIP_2026-08-27_12-43-09__e000113.jpg,left,cuff_side,left,0.9999980926513672,1.857541633398796e-06,True
D:\GRIP_Dataset\New_model\Chirality_Crops\aug27_final_v2_bbox\val\left\12-43-09\images\left\left__GRIP_2026-08-27_12-43-09__e000113.jpg,left,centre,left,0.9986741542816162,0.0013258783146739006,True
D:\GRIP_Dataset\New_model\Chirality_Crops\aug27_final_v2_bbox\val\left\12-43-09\images\left\left__GRIP_2026-08-27_12-43-09__e000113.jpg,left,top_background,left,1.0,1.1848587666563049e-09,True
D:\GRIP_Dataset\New_model\Chirality_Crops\aug27_final_v2_bbox\val\left\12-43-09\images\left\left__GRIP_2026-08-27_12-43-09__e000113.jpg,left,bottom_background,left,1.0,1.1848587666563049e-09,True
D:\GRIP_Dataset\New_model\Chirality_Crops\aug27_final_v2_bbox\val\left\12-43-09\images\left\left__GRIP_2026-08-27_12-43-09__e000114.jpg,left,original,left,1.0,7.275631208614186e-09,True
D:\GRIP_Dataset\New_model\Chirality_Crops\aug27_final_v2_bbox\val\left\12-43-09\images\left\left__GRIP_2026-08-27_12-43-09__e000114.jpg,left,finger_side,left,0.9999996423721313,3.4119742053917435e-07,True
D:\GRIP_Dataset\New_model\Chirality_Crops\aug27_final_v2_bbox\val\left\12-43-09\images\left\left__GRIP_2026-08-27_12-43-09__e000114.jpg,left,cuff_side,left,0.9999992847442627,6.84364351855038e-07,True
D:\GRIP_Dataset\New_model\Chirality_Crops\aug27_final_v2_bbox\val\left\12-43-09\images\left\left__GRIP_2026-08-27_12-43-09__e000114.jpg,left,centre,left,0.9999997615814209,2.1562603080838016e-07,True
D:\GRIP_Dataset\New_model\Chirality_Crops\aug27_final_v2_bbox\val\left\12-43-09\images\left\left__GRIP_2026-08-27_12-43-09__e000114.jpg,left,top_background,left,1.0,5.052830154284038e-09,True
D:\GRIP_Dataset\New_model\Chirality_Crops\aug27_final_v2_bbox\val\left\12-43-09\images\left\left__GRIP_2026-08-27_12-43-09__e000114.jpg,left,bottom_background,left,1.0,8.386284555683687e-09,True
D:\GRIP_Dataset\New_model\Chirality_Crops\aug27_final_v2_bbox\val\left\12-43-09\images\left\left__GRIP_2026-08-27_12-43-09__e000115.jpg,left,original,left,1.0,2.5721722123457005e-17,True
D:\GRIP_Dataset\New_model\Chirality_Crops\aug27_final_v2_bbox\val\left\12-43-09\images\left\left__GRIP_2026-08-27_12-43-09__e000115.jpg,left,finger_side,left,1.0,3.878509069465963e-09,True
D:\GRIP_Dataset\New_model\Chirality_Crops\aug27_final_v2_bbox\val\left\12-43-09\images\left\left__GRIP_2026-08-27_12-43-09__e000115.jpg,left,cuff_side,left,1.0,3.808402551652712e-11,True
D:\GRIP_Dataset\New_model\Chirality_Crops\aug27_final_v2_bbox\val\left\12-43-09\images\left\left__GRIP_2026-08-27_12-43-09__e000115.jpg,left,centre,left,1.0,1.0094655666925689e-10,True
D:\GRIP_Dataset\New_model\Chirality_Crops\aug27_final_v2_bbox\val\left\12-43-09\images\left\left__GRIP_2026-08-27_12-43-09__e000115.jpg,left,top_background,left,1.0,2.5721722123457005e-17,True
D:\GRIP_Dataset\New_model\Chirality_Crops\aug27_final_v2_bbox\val\left\12-43-09\images\left\left__GRIP_2026-08-27_12-43-09__e000115.jpg,left,bottom_background,left,1.0,2.5721722123457005e-17,True
D:\GRIP_Dataset\New_model\Chirality_Crops\aug27_final_v2_bbox\val\left\12-43-09\images\left\left__GRIP_2026-08-27_12-43-09__e000116.jpg,left,original,left,1.0,3.3051297254615974e-09,True
D:\GRIP_Dataset\New_model\Chirality_Crops\aug27_final_v2_bbox\val\left\12-43-09\images\left\left__GRIP_2026-08-27_12-43-09__e000116.jpg,left,finger_side,left,0.999413013458252,0.0005869519081898034,True
D:\GRIP_Dataset\New_model\Chirality_Crops\aug27_final_v2_bbox\val\left\12-43-09\images\left\left__GRIP_2026-08-27_12-43-09__e000116.jpg,left,cuff_side,left,1.0,5.6422422289870156e-08,True
D:\GRIP_Dataset\New_model\Chirality_Crops\aug27_final_v2_bbox\val\left\12-43-09\images\left\left__GRIP_2026-08-27_12-43-09__e000116.jpg,left,centre,left,0.9997552037239075,0.00024483108427375555,True
D:\GRIP_Dataset\New_model\Chirality_Crops\aug27_final_v2_bbox\val\left\12-43-09\images\left\left__GRIP_2026-08-27_12-43-09__e000116.jpg,left,top_background,left,1.0,3.3051297254615974e-09,True
D:\GRIP_Dataset\New_model\Chirality_Crops\aug27_final_v2_bbox\val\left\12-43-09\images\left\left__GRIP_2026-08-27_12-43-09__e000116.jpg,left,bottom_background,left,1.0,3.3051297254615974e-09,True
D:\GRIP_Dataset\New_model\Chirality_Crops\aug27_final_v2_bbox\val\left\12-43-09\images\left\left__GRIP_2026-08-27_12-43-09__e000117.jpg,left,original,left,1.0,3.2650480084363276e-13,True
D:\GRIP_Dataset\New_model\Chirality_Crops\aug27_final_v2_bbox\val\left\12-43-09\images\left\left__GRIP_2026-08-27_12-43-09__e000117.jpg,left,finger_side,left,0.9999953508377075,4.692932634497993e-06,True
D:\GRIP_Dataset\New_model\Chirality_Crops\aug27_final_v2_bbox\val\left\12-43-09\images\left\left__GRIP_2026-08-27_12-43-09__e000117.jpg,left,cuff_side,left,1.0,5.478316111862114e-08,True
D:\GRIP_Dataset\New_model\Chirality_Crops\aug27_final_v2_bbox\val\left\12-43-09\images\left\left__GRIP_2026-08-27_12-43-09__e000117.jpg,left,centre,left,1.0,1.4038055162757246e-09,True
D:\GRIP_Dataset\New_model\Chirality_Crops\aug27_final_v2_bbox\val\left\12-43-09\images\left\left__GRIP_2026-08-27_12-43-09__e000117.jpg,left,top_background,left,1.0,3.596680245299133e-13,True
D:\GRIP_Dataset\New_model\Chirality_Crops\aug27_final_v2_bbox\val\left\12-43-09\images\left\left__GRIP_2026-08-27_12-43-09__e000117.jpg,left,bottom_background,left,1.0,3.832109054992955e-13,True
D:\GRIP_Dataset\New_model\Chirality_Crops\aug27_final_v2_bbox\val\left\12-43-09\images\left\left__GRIP_2026-08-27_12-43-09__e000119.jpg,left,original,left,1.0,2.233693780070642e-13,True
D:\GRIP_Dataset\New_model\Chirality_Crops\aug27_final_v2_bbox\val\left\12-43-09\images\left\left__GRIP_2026-08-27_12-43-09__e000119.jpg,left,finger_side,left,0.9999953508377075,4.68860662294901e-06,True
D:\GRIP_Dataset\New_model\Chirality_Crops\aug27_final_v2_bbox\val\left\12-43-09\images\left\left__GRIP_2026-08-27_12-43-09__e000119.jpg,left,cuff_side,left,1.0,2.4976019516453896e-11,True
D:\GRIP_Dataset\New_model\Chirality_Crops\aug27_final_v2_bbox\val\left\12-43-09\images\left\left__GRIP_2026-08-27_12-43-09__e000119.jpg,left,centre,left,1.0,3.848406926465486e-09,True
D:\GRIP_Dataset\New_model\Chirality_Crops\aug27_final_v2_bbox\val\left\12-43-09\images\left\left__GRIP_2026-08-27_12-43-09__e000119.jpg,left,top_background,left,1.0,2.233693780070642e-13,True
D:\GRIP_Dataset\New_model\Chirality_Crops\aug27_final_v2_bbox\val\left\12-43-09\images\left\left__GRIP_2026-08-27_12-43-09__e000119.jpg,left,bottom_background,left,1.0,2.233693780070642e-13,True
D:\GRIP_Dataset\New_model\Chirality_Crops\aug27_final_v2_bbox\val\left\12-43-09\images\left\left__GRIP_2026-08-27_12-43-09__e000122.jpg,left,original,left,1.0,2.7202002428339256e-08,True
D:\GRIP_Dataset\New_model\Chirality_Crops\aug27_final_v2_bbox\val\left\12-43-09\images\left\left__GRIP_2026-08-27_12-43-09__e000122.jpg,left,finger_side,left,0.9999991655349731,8.80302081895934e-07,True
D:\GRIP_Dataset\New_model\Chirality_Crops\aug27_final_v2_bbox\val\left\12-43-09\images\left\left__GRIP_2026-08-27_12-43-09__e000122.jpg,left,cuff_side,left,0.9999855756759644,1.4421674677578267e-05,True
D:\GRIP_Dataset\New_model\Chirality_Crops\aug27_final_v2_bbox\val\left\12-43-09\images\left\left__GRIP_2026-08-27_12-43-09__e000122.jpg,left,centre,left,0.9994768500328064,0.0005232026451267302,True
D:\GRIP_Dataset\New_model\Chirality_Crops\aug27_final_v2_bbox\val\left\12-43-09\images\left\left__GRIP_2026-08-27_12-43-09__e000122.jpg,left,top_background,left,1.0,2.7202002428339256e-08,True
D:\GRIP_Dataset\New_model\Chirality_Crops\aug27_final_v2_bbox\val\left\12-43-09\images\left\left__GRIP_2026-08-27_12-43-09__e000122.jpg,left,bottom_background,left,1.0,2.7202002428339256e-08,True
D:\GRIP_Dataset\New_model\Chirality_Crops\aug27_final_v2_bbox\val\left\12-43-09\images\left\left__GRIP_2026-08-27_12-43-09__e000123.jpg,left,original,left,1.0,2.0997878991124708e-08,True
D:\GRIP_Dataset\New_model\Chirality_Crops\aug27_final_v2_bbox\val\left\12-43-09\images\left\left__GRIP_2026-08-27_12-43-09__e000123.jpg,left,finger_side,left,0.9993337988853455,0.0006662113009952009,True
D:\GRIP_Dataset\New_model\Chirality_Crops\aug27_final_v2_bbox\val\left\12-43-09\images\left\left__GRIP_2026-08-27_12-43-09__e000123.jpg,left,cuff_side,left,0.9999998807907104,1.0946337880568535e-07,True
D:\GRIP_Dataset\New_model\Chirality_Crops\aug27_final_v2_bbox\val\left\12-43-09\images\left\left__GRIP_2026-08-27_12-43-09__e000123.jpg,left,centre,left,0.9998212456703186,0.00017875657067634165,True
D:\GRIP_Dataset\New_model\Chirality_Crops\aug27_final_v2_bbox\val\left\12-43-09\images\left\left__GRIP_2026-08-27_12-43-09__e000123.jpg,left,top_background,left,1.0,2.369471197027906e-08,True
D:\GRIP_Dataset\New_model\Chirality_Crops\aug27_final_v2_bbox\val\left\12-43-09\images\left\left__GRIP_2026-08-27_12-43-09__e000123.jpg,left,bottom_background,left,1.0,2.483658079199813e-08,True
D:\GRIP_Dataset\New_model\Chirality_Crops\aug27_final_v2_bbox\val\left\12-43-09\images\left\left__GRIP_2026-08-27_12-43-09__e000125.jpg,left,original,left,0.999998927116394,1.1194915714440867e-06,True
D:\GRIP_Dataset\New_model\Chirality_Crops\aug27_final_v2_bbox\val\left\12-43-09\images\left\left__GRIP_2026-08-27_12-43-09__e000125.jpg,left,finger_side,left,0.9999814033508301,1.854355650721118e-05,True
D:\GRIP_Dataset\New_model\Chirality_Crops\aug27_final_v2_bbox\val\left\12-43-09\images\left\left__GRIP_2026-08-27_12-43-09__e000125.jpg,left,cuff_side,left,0.9999606609344482,3.937253859476186e-05,True
D:\GRIP_Dataset\New_model\Chirality_Crops\aug27_final_v2_bbox\val\left\12-43-09\images\left\left__GRIP_2026-08-27_12-43-09__e000125.jpg,left,centre,left,0.9998325109481812,0.00016747156041674316,True
D:\GRIP_Dataset\New_model\Chirality_Crops\aug27_final_v2_bbox\val\left\12-43-09\images\left\left__GRIP_2026-08-27_12-43-09__e000125.jpg,left,top_background,left,0.9999992847442627,6.95617700330331e-07,True
D:\GRIP_Dataset\New_model\Chirality_Crops\aug27_final_v2_bbox\val\left\12-43-09\images\left\left__GRIP_2026-08-27_12-43-09__e000125.jpg,left,bottom_background,left,0.9999988079071045,1.1934108670175192e-06,True
D:\GRIP_Dataset\New_model\Chirality_Crops\aug27_final_v2_bbox\val\left\12-43-09\images\left\left__GRIP_2026-08-27_12-43-09__e000126.jpg,left,original,left,1.0,5.610944104215008e-17,True
D:\GRIP_Dataset\New_model\Chirality_Crops\aug27_final_v2_bbox\val\left\12-43-09\images\left\left__GRIP_2026-08-27_12-43-09__e000126.jpg,left,finger_side,left,1.0,9.281291707408101e-11,True
D:\GRIP_Dataset\New_model\Chirality_Crops\aug27_final_v2_bbox\val\left\12-43-09\images\left\left__GRIP_2026-08-27_12-43-09__e000126.jpg,left,cuff_side,left,1.0,1.0193746888265132e-12,True
D:\GRIP_Dataset\New_model\Chirality_Crops\aug27_final_v2_bbox\val\left\12-43-09\images\left\left__GRIP_2026-08-27_12-43-09__e000126.jpg,left,centre,left,0.9999982118606567,1.8264688605995616e-06,True
D:\GRIP_Dataset\New_model\Chirality_Crops\aug27_final_v2_bbox\val\left\12-43-09\images\left\left__GRIP_2026-08-27_12-43-09__e000126.jpg,left,top_background,left,1.0,1.2674639710221787e-16,True
D:\GRIP_Dataset\New_model\Chirality_Crops\aug27_final_v2_bbox\val\left\12-43-09\images\left\left__GRIP_2026-08-27_12-43-09__e000126.jpg,left,bottom_background,left,1.0,2.992422025656787e-18,True
D:\GRIP_Dataset\New_model\Chirality_Crops\aug27_final_v2_bbox\val\left\12-43-09\images\left\left__GRIP_2026-08-27_12-43-09__e000127.jpg,left,original,left,1.0,3.1447728865430236e-09,True
D:\GRIP_Dataset\New_model\Chirality_Crops\aug27_final_v2_bbox\val\left\12-43-09\images\left\left__GRIP_2026-08-27_12-43-09__e000127.jpg,left,finger_side,left,1.0,2.1975208319702233e-09,True
D:\GRIP_Dataset\New_model\Chirality_Crops\aug27_final_v2_bbox\val\left\12-43-09\images\left\left__GRIP_2026-08-27_12-43-09__e000127.jpg,left,cuff_side,left,0.9999967813491821,3.2193956940318458e-06,True
D:\GRIP_Dataset\New_model\Chirality_Crops\aug27_final_v2_bbox\val\left\12-43-09\images\left\left__GRIP_2026-08-27_12-43-09__e000127.jpg,left,centre,left,0.9993165731430054,0.0006834581145085394,True
D:\GRIP_Dataset\New_model\Chirality_Crops\aug27_final_v2_bbox\val\left\12-43-09\images\left\left__GRIP_2026-08-27_12-43-09__e000127.jpg,left,top_background,left,1.0,2.6634012773030236e-09,True
D:\GRIP_Dataset\New_model\Chirality_Crops\aug27_final_v2_bbox\val\left\12-43-09\images\left\left__GRIP_2026-08-27_12-43-09__e000127.jpg,left,bottom_background,left,1.0,3.1200502181860656e-09,True
D:\GRIP_Dataset\New_model\Chirality_Crops\aug27_final_v2_bbox\val\left\12-43-09\images\left\left__GRIP_2026-08-27_12-43-09__e000128.jpg,left,original,left,0.9994638562202454,0.0005361575749702752,True
D:\GRIP_Dataset\New_model\Chirality_Crops\aug27_final_v2_bbox\val\left\12-43-09\images\left\left__GRIP_2026-08-27_12-43-09__e000128.jpg,left,finger_side,left,0.6019997000694275,0.3980003595352173,True
D:\GRIP_Dataset\New_model\Chirality_Crops\aug27_final_v2_bbox\val\left\12-43-09\images\left\left__GRIP_2026-08-27_12-43-09__e000128.jpg,left,cuff_side,left,0.9932528138160706,0.0067472392693161964,True
D:\GRIP_Dataset\New_model\Chirality_Crops\aug27_final_v2_bbox\val\left\12-43-09\images\left\left__GRIP_2026-08-27_12-43-09__e000128.jpg,left,centre,left,0.9998471736907959,0.0001527442946098745,True
D:\GRIP_Dataset\New_model\Chirality_Crops\aug27_final_v2_bbox\val\left\12-43-09\images\left\left__GRIP_2026-08-27_12-43-09__e000128.jpg,left,top_background,left,0.9993911981582642,0.0006087403744459152,True
D:\GRIP_Dataset\New_model\Chirality_Crops\aug27_final_v2_bbox\val\left\12-43-09\images\left\left__GRIP_2026-08-27_12-43-09__e000128.jpg,left,bottom_background,left,0.9994279742240906,0.0005720049375668168,True
D:\GRIP_Dataset\New_model\Chirality_Crops\aug27_final_v2_bbox\val\left\12-43-09\images\left\left__GRIP_2026-08-27_12-43-09__e000135.jpg,left,original,left,1.0,3.6202923390247013e-14,True
D:\GRIP_Dataset\New_model\Chirality_Crops\aug27_final_v2_bbox\val\left\12-43-09\images\left\left__GRIP_2026-08-27_12-43-09__e000135.jpg,left,finger_side,left,1.0,2.450855907110139e-10,True
D:\GRIP_Dataset\New_model\Chirality_Crops\aug27_final_v2_bbox\val\left\12-43-09\images\left\left__GRIP_2026-08-27_12-43-09__e000135.jpg,left,cuff_side,left,1.0,1.0986440923677065e-10,True
D:\GRIP_Dataset\New_model\Chirality_Crops\aug27_final_v2_bbox\val\left\12-43-09\images\left\left__GRIP_2026-08-27_12-43-09__e000135.jpg,left,centre,left,1.0,3.4157242367882645e-08,True
D:\GRIP_Dataset\New_model\Chirality_Crops\aug27_final_v2_bbox\val\left\12-43-09\images\left\left__GRIP_2026-08-27_12-43-09__e000135.jpg,left,top_background,left,1.0,2.8004120493341743e-14,True
D:\GRIP_Dataset\New_model\Chirality_Crops\aug27_final_v2_bbox\val\left\12-43-09\images\left\left__GRIP_2026-08-27_12-43-09__e000135.jpg,left,bottom_background,left,1.0,1.0129467963471573e-14,True
D:\GRIP_Dataset\New_model\Chirality_Crops\aug27_final_v2_bbox\val\left\12-43-09\images\left\left__GRIP_2026-08-27_12-43-09__e000136.jpg,left,original,left,1.0,4.558652066943836e-11,True
D:\GRIP_Dataset\New_model\Chirality_Crops\aug27_final_v2_bbox\val\left\12-43-09\images\left\left__GRIP_2026-08-27_12-43-09__e000136.jpg,left,finger_side,left,0.9999380111694336,6.194129673531279e-05,True
D:\GRIP_Dataset\New_model\Chirality_Crops\aug27_final_v2_bbox\val\left\12-43-09\images\left\left__GRIP_2026-08-27_12-43-09__e000136.jpg,left,cuff_side,left,1.0,1.6972859229191783e-10,True
D:\GRIP_Dataset\New_model\Chirality_Crops\aug27_final_v2_bbox\val\left\12-43-09\images\left\left__GRIP_2026-08-27_12-43-09__e000136.jpg,left,centre,left,0.9999984502792358,1.5245476561176474e-06,True
D:\GRIP_Dataset\New_model\Chirality_Crops\aug27_final_v2_bbox\val\left\12-43-09\images\left\left__GRIP_2026-08-27_12-43-09__e000136.jpg,left,top_background,left,1.0,3.1304309838775524e-11,True
D:\GRIP_Dataset\New_model\Chirality_Crops\aug27_final_v2_bbox\val\left\12-43-09\images\left\left__GRIP_2026-08-27_12-43-09__e000136.jpg,left,bottom_background,left,1.0,4.8708908434447196e-11,True
D:\GRIP_Dataset\New_model\Chirality_Crops\aug27_final_v2_bbox\val\left\12-43-09\images\left\left__GRIP_2026-08-27_12-43-09__e000137.jpg,left,original,left,1.0,2.3261935433449565e-10,True
D:\GRIP_Dataset\New_model\Chirality_Crops\aug27_final_v2_bbox\val\left\12-43-09\images\left\left__GRIP_2026-08-27_12-43-09__e000137.jpg,left,finger_side,left,0.9486367702484131,0.05136328563094139,True
D:\GRIP_Dataset\New_model\Chirality_Crops\aug27_final_v2_bbox\val\left\12-43-09\images\left\left__GRIP_2026-08-27_12-43-09__e000137.jpg,left,cuff_side,left,0.9999996423721313,3.790790970015223e-07,True
D:\GRIP_Dataset\New_model\Chirality_Crops\aug27_final_v2_bbox\val\left\12-43-09\images\left\left__GRIP_2026-08-27_12-43-09__e000137.jpg,left,centre,left,0.9999954700469971,4.4814328248321544e-06,True
D:\GRIP_Dataset\New_model\Chirality_Crops\aug27_final_v2_bbox\val\left\12-43-09\images\left\left__GRIP_2026-08-27_12-43-09__e000137.jpg,left,top_background,left,1.0,2.628035844498555e-10,True
D:\GRIP_Dataset\New_model\Chirality_Crops\aug27_final_v2_bbox\val\left\12-43-09\images\left\left__GRIP_2026-08-27_12-43-09__e000137.jpg,left,bottom_background,left,1.0,4.4826067857606233e-10,True
D:\GRIP_Dataset\New_model\Chirality_Crops\aug27_final_v2_bbox\val\left\12-43-09\images\left\left__GRIP_2026-08-27_12-43-09__e000138.jpg,left,original,left,0.9999995231628418,5.174463808543805e-07,True
D:\GRIP_Dataset\New_model\Chirality_Crops\aug27_final_v2_bbox\val\left\12-43-09\images\left\left__GRIP_2026-08-27_12-43-09__e000138.jpg,left,finger_side,left,0.9456300139427185,0.05437003821134567,True
D:\GRIP_Dataset\New_model\Chirality_Crops\aug27_final_v2_bbox\val\left\12-43-09\images\left\left__GRIP_2026-08-27_12-43-09__e000138.jpg,left,cuff_side,left,0.9996540546417236,0.00034594672615639865,True
D:\GRIP_Dataset\New_model\Chirality_Crops\aug27_final_v2_bbox\val\left\12-43-09\images\left\left__GRIP_2026-08-27_12-43-09__e000138.jpg,left,centre,left,0.9220669269561768,0.07793308049440384,True
D:\GRIP_Dataset\New_model\Chirality_Crops\aug27_final_v2_bbox\val\left\12-43-09\images\left\left__GRIP_2026-08-27_12-43-09__e000138.jpg,left,top_background,left,0.9999997615814209,2.909895613356639e-07,True
D:\GRIP_Dataset\New_model\Chirality_Crops\aug27_final_v2_bbox\val\left\12-43-09\images\left\left__GRIP_2026-08-27_12-43-09__e000138.jpg,left,bottom_background,left,0.9999998807907104,1.1475789563064609e-07,True
D:\GRIP_Dataset\New_model\Chirality_Crops\aug27_final_v2_bbox\val\left\12-43-09\images\left\left__GRIP_2026-08-27_12-43-09__e000140.jpg,left,original,left,0.999998927116394,1.0494458138055052e-06,True
D:\GRIP_Dataset\New_model\Chirality_Crops\aug27_final_v2_bbox\val\left\12-43-09\images\left\left__GRIP_2026-08-27_12-43-09__e000140.jpg,left,finger_side,left,0.9999995231628418,4.590681612626213e-07,True
D:\GRIP_Dataset\New_model\Chirality_Crops\aug27_final_v2_bbox\val\left\12-43-09\images\left\left__GRIP_2026-08-27_12-43-09__e000140.jpg,left,cuff_side,left,0.9999992847442627,6.828583423157397e-07,True
D:\GRIP_Dataset\New_model\Chirality_Crops\aug27_final_v2_bbox\val\left\12-43-09\images\left\left__GRIP_2026-08-27_12-43-09__e000140.jpg,left,centre,left,0.9578220248222351,0.04217802360653877,True
D:\GRIP_Dataset\New_model\Chirality_Crops\aug27_final_v2_bbox\val\left\12-43-09\images\left\left__GRIP_2026-08-27_12-43-09__e000140.jpg,left,top_background,left,0.9999996423721313,3.213057198081515e-07,True
D:\GRIP_Dataset\New_model\Chirality_Crops\aug27_final_v2_bbox\val\left\12-43-09\images\left\left__GRIP_2026-08-27_12-43-09__e000140.jpg,left,bottom_background,left,0.9999996423721313,3.062802136355458e-07,True
D:\GRIP_Dataset\New_model\Chirality_Crops\aug27_final_v2_bbox\val\left\12-43-09\images\left\left__GRIP_2026-08-27_12-43-09__e000141.jpg,left,original,left,0.9905908703804016,0.009409163147211075,True
D:\GRIP_Dataset\New_model\Chirality_Crops\aug27_final_v2_bbox\val\left\12-43-09\images\left\left__GRIP_2026-08-27_12-43-09__e000141.jpg,left,finger_side,left,0.8833431601524353,0.11665690690279007,True
D:\GRIP_Dataset\New_model\Chirality_Crops\aug27_final_v2_bbox\val\left\12-43-09\images\left\left__GRIP_2026-08-27_12-43-09__e000141.jpg,left,cuff_side,left,0.9940522313117981,0.005947769619524479,True
D:\GRIP_Dataset\New_model\Chirality_Crops\aug27_final_v2_bbox\val\left\12-43-09\images\left\left__GRIP_2026-08-27_12-43-09__e000141.jpg,left,centre,left,0.9991582632064819,0.0008417732897214592,True
D:\GRIP_Dataset\New_model\Chirality_Crops\aug27_final_v2_bbox\val\left\12-43-09\images\left\left__GRIP_2026-08-27_12-43-09__e000141.jpg,left,top_background,left,0.9885998964309692,0.01140013337135315,True
D:\GRIP_Dataset\New_model\Chirality_Crops\aug27_final_v2_bbox\val\left\12-43-09\images\left\left__GRIP_2026-08-27_12-43-09__e000141.jpg,left,bottom_background,left,0.9891319870948792,0.010867960751056671,True
D:\GRIP_Dataset\New_model\Chirality_Crops\aug27_final_v2_bbox\val\left\12-43-09\images\left\left__GRIP_2026-08-27_12-43-09__e000143.jpg,left,original,left,1.0,2.1627268948838e-15,True
D:\GRIP_Dataset\New_model\Chirality_Crops\aug27_final_v2_bbox\val\left\12-43-09\images\left\left__GRIP_2026-08-27_12-43-09__e000143.jpg,left,finger_side,left,0.9999990463256836,9.176952744383016e-07,True
D:\GRIP_Dataset\New_model\Chirality_Crops\aug27_final_v2_bbox\val\left\12-43-09\images\left\left__GRIP_2026-08-27_12-43-09__e000143.jpg,left,cuff_side,left,1.0,4.998183941382073e-13,True
D:\GRIP_Dataset\New_model\Chirality_Crops\aug27_final_v2_bbox\val\left\12-43-09\images\left\left__GRIP_2026-08-27_12-43-09__e000143.jpg,left,centre,left,1.0,1.341249000752498e-09,True
D:\GRIP_Dataset\New_model\Chirality_Crops\aug27_final_v2_bbox\val\left\12-43-09\images\left\left__GRIP_2026-08-27_12-43-09__e000143.jpg,left,top_background,left,1.0,2.1627268948838e-15,True
D:\GRIP_Dataset\New_model\Chirality_Crops\aug27_final_v2_bbox\val\left\12-43-09\images\left\left__GRIP_2026-08-27_12-43-09__e000143.jpg,left,bottom_background,left,1.0,2.1627268948838e-15,True
D:\GRIP_Dataset\New_model\Chirality_Crops\aug27_final_v2_bbox\val\left\12-43-09\images\left\left__GRIP_2026-08-27_12-43-09__e000144.jpg,left,original,left,1.0,4.823637488244638e-15,True
D:\GRIP_Dataset\New_model\Chirality_Crops\aug27_final_v2_bbox\val\left\12-43-09\images\left\left__GRIP_2026-08-27_12-43-09__e000144.jpg,left,finger_side,left,1.0,2.0668274203217152e-08,True
D:\GRIP_Dataset\New_model\Chirality_Crops\aug27_final_v2_bbox\val\left\12-43-09\images\left\left__GRIP_2026-08-27_12-43-09__e000144.jpg,left,cuff_side,left,1.0,8.709136523066263e-09,True
D:\GRIP_Dataset\New_model\Chirality_Crops\aug27_final_v2_bbox\val\left\12-43-09\images\left\left__GRIP_2026-08-27_12-43-09__e000144.jpg,left,centre,left,1.0,6.301700938848853e-09,True
D:\GRIP_Dataset\New_model\Chirality_Crops\aug27_final_v2_bbox\val\left\12-43-09\images\left\left__GRIP_2026-08-27_12-43-09__e000144.jpg,left,top_background,left,1.0,4.144442001906409e-15,True
D:\GRIP_Dataset\New_model\Chirality_Crops\aug27_final_v2_bbox\val\left\12-43-09\images\left\left__GRIP_2026-08-27_12-43-09__e000144.jpg,left,bottom_background,left,1.0,4.043852180738751e-15,True
D:\GRIP_Dataset\New_model\Chirality_Crops\aug27_final_v2_bbox\val\left\12-43-09\images\left\left__GRIP_2026-08-27_12-43-09__e000147.jpg,left,original,left,1.0,9.615981344524016e-10,True
D:\GRIP_Dataset\New_model\Chirality_Crops\aug27_final_v2_bbox\val\left\12-43-09\images\left\left__GRIP_2026-08-27_12-43-09__e000147.jpg,left,finger_side,left,0.997968852519989,0.0020310846157372,True
D:\GRIP_Dataset\New_model\Chirality_Crops\aug27_final_v2_bbox\val\left\12-43-09\images\left\left__GRIP_2026-08-27_12-43-09__e000147.jpg,left,cuff_side,left,0.9999986886978149,1.3049095741735073e-06,True
D:\GRIP_Dataset\New_model\Chirality_Crops\aug27_final_v2_bbox\val\left\12-43-09\images\left\left__GRIP_2026-08-27_12-43-09__e000147.jpg,left,centre,left,0.9993307590484619,0.0006692780880257487,True
D:\GRIP_Dataset\New_model\Chirality_Crops\aug27_final_v2_bbox\val\left\12-43-09\images\left\left__GRIP_2026-08-27_12-43-09__e000147.jpg,left,top_background,left,1.0,8.317146416025878e-10,True
D:\GRIP_Dataset\New_model\Chirality_Crops\aug27_final_v2_bbox\val\left\12-43-09\images\left\left__GRIP_2026-08-27_12-43-09__e000147.jpg,left,bottom_background,left,1.0,8.816953278589779e-10,True
D:\GRIP_Dataset\New_model\Chirality_Crops\aug27_final_v2_bbox\val\left\12-43-09\images\left\left__GRIP_2026-08-27_12-43-09__e000150.jpg,left,original,left,1.0,7.062329887563834e-11,True
D:\GRIP_Dataset\New_model\Chirality_Crops\aug27_final_v2_bbox\val\left\12-43-09\images\left\left__GRIP_2026-08-27_12-43-09__e000150.jpg,left,finger_side,left,0.9999918937683105,8.103229447442573e-06,True
D:\GRIP_Dataset\New_model\Chirality_Crops\aug27_final_v2_bbox\val\left\12-43-09\images\left\left__GRIP_2026-08-27_12-43-09__e000150.jpg,left,cuff_side,left,1.0,1.21561862798103e-08,True
D:\GRIP_Dataset\New_model\Chirality_Crops\aug27_final_v2_bbox\val\left\12-43-09\images\left\left__GRIP_2026-08-27_12-43-09__e000150.jpg,left,centre,left,0.9999796152114868,2.038867933151778e-05,True
D:\GRIP_Dataset\New_model\Chirality_Crops\aug27_final_v2_bbox\val\left\12-43-09\images\left\left__GRIP_2026-08-27_12-43-09__e000150.jpg,left,top_background,left,1.0,7.83878725818532e-11,True
D:\GRIP_Dataset\New_model\Chirality_Crops\aug27_final_v2_bbox\val\left\12-43-09\images\left\left__GRIP_2026-08-27_12-43-09__e000150.jpg,left,bottom_background,left,1.0,5.0656017575034795e-11,True
D:\GRIP_Dataset\New_model\Chirality_Crops\aug27_final_v2_bbox\val\left\12-43-09\images\left\left__GRIP_2026-08-27_12-43-09__e000151.jpg,left,original,left,1.0,1.5671726340694275e-13,True
D:\GRIP_Dataset\New_model\Chirality_Crops\aug27_final_v2_bbox\val\left\12-43-09\images\left\left__GRIP_2026-08-27_12-43-09__e000151.jpg,left,finger_side,left,0.9999983310699463,1.65516007655242e-06,True
D:\GRIP_Dataset\New_model\Chirality_Crops\aug27_final_v2_bbox\val\left\12-43-09\images\left\left__GRIP_2026-08-27_12-43-09__e000151.jpg,left,cuff_side,left,1.0,2.2323205783880695e-11,True
D:\GRIP_Dataset\New_model\Chirality_Crops\aug27_final_v2_bbox\val\left\12-43-09\images\left\left__GRIP_2026-08-27_12-43-09__e000151.jpg,left,centre,left,0.9999998807907104,1.3400560305854015e-07,True
D:\GRIP_Dataset\New_model\Chirality_Crops\aug27_final_v2_bbox\val\left\12-43-09\images\left\left__GRIP_2026-08-27_12-43-09__e000151.jpg,left,top_background,left,1.0,1.5671726340694275e-13,True
D:\GRIP_Dataset\New_model\Chirality_Crops\aug27_final_v2_bbox\val\left\12-43-09\images\left\left__GRIP_2026-08-27_12-43-09__e000151.jpg,left,bottom_background,left,1.0,1.5671726340694275e-13,True
D:\GRIP_Dataset\New_model\Chirality_Crops\aug27_final_v2_bbox\val\left\12-43-09\images\left\left__GRIP_2026-08-27_12-43-09__e000152.jpg,left,original,left,0.9999998807907104,1.720951559036621e-07,True
D:\GRIP_Dataset\New_model\Chirality_Crops\aug27_final_v2_bbox\val\left\12-43-09\images\left\left__GRIP_2026-08-27_12-43-09__e000152.jpg,left,finger_side,left,0.9962194561958313,0.00378055521287024,True
D:\GRIP_Dataset\New_model\Chirality_Crops\aug27_final_v2_bbox\val\left\12-43-09\images\left\left__GRIP_2026-08-27_12-43-09__e000152.jpg,left,cuff_side,left,0.9946520328521729,0.00534794619306922,True
D:\GRIP_Dataset\New_model\Chirality_Crops\aug27_final_v2_bbox\val\left\12-43-09\images\left\left__GRIP_2026-08-27_12-43-09__e000152.jpg,left,centre,left,0.9998950958251953,0.00010490757995285094,True
D:\GRIP_Dataset\New_model\Chirality_Crops\aug27_final_v2_bbox\val\left\12-43-09\images\left\left__GRIP_2026-08-27_12-43-09__e000152.jpg,left,top_background,left,0.9999997615814209,2.6185875867668074e-07,True
D:\GRIP_Dataset\New_model\Chirality_Crops\aug27_final_v2_bbox\val\left\12-43-09\images\left\left__GRIP_2026-08-27_12-43-09__e000152.jpg,left,bottom_background,left,0.9999996423721313,3.0526629757332557e-07,True
D:\GRIP_Dataset\New_model\Chirality_Crops\aug27_final_v2_bbox\val\left\12-43-09\images\left\left__GRIP_2026-08-27_12-43-09__e000153.jpg,left,original,left,1.0,2.403949750373613e-08,True
D:\GRIP_Dataset\New_model\Chirality_Crops\aug27_final_v2_bbox\val\left\12-43-09\images\left\left__GRIP_2026-08-27_12-43-09__e000153.jpg,left,finger_side,left,0.9998753070831299,0.00012468131899368018,True
D:\GRIP_Dataset\New_model\Chirality_Crops\aug27_final_v2_bbox\val\left\12-43-09\images\left\left__GRIP_2026-08-27_12-43-09__e000153.jpg,left,cuff_side,left,1.0,5.008474701639898e-08,True
D:\GRIP_Dataset\New_model\Chirality_Crops\aug27_final_v2_bbox\val\left\12-43-09\images\left\left__GRIP_2026-08-27_12-43-09__e000153.jpg,left,centre,left,0.9995618462562561,0.00043817152618430555,True
D:\GRIP_Dataset\New_model\Chirality_Crops\aug27_final_v2_bbox\val\left\12-43-09\images\left\left__GRIP_2026-08-27_12-43-09__e000153.jpg,left,top_background,left,1.0,2.5790418689553007e-08,True
D:\GRIP_Dataset\New_model\Chirality_Crops\aug27_final_v2_bbox\val\left\12-43-09\images\left\left__GRIP_2026-08-27_12-43-09__e000153.jpg,left,bottom_background,left,1.0,2.409576538298097e-09,True
D:\GRIP_Dataset\New_model\Chirality_Crops\aug27_final_v2_bbox\val\left\12-43-09\images\left\left__GRIP_2026-08-27_12-43-09__e000155.jpg,left,original,left,1.0,1.0197715068216429e-12,True
D:\GRIP_Dataset\New_model\Chirality_Crops\aug27_final_v2_bbox\val\left\12-43-09\images\left\left__GRIP_2026-08-27_12-43-09__e000155.jpg,left,finger_side,left,1.0,1.756888745596541e-09,True
D:\GRIP_Dataset\New_model\Chirality_Crops\aug27_final_v2_bbox\val\left\12-43-09\images\left\left__GRIP_2026-08-27_12-43-09__e000155.jpg,left,cuff_side,left,0.9999996423721313,3.122284510936879e-07,True
D:\GRIP_Dataset\New_model\Chirality_Crops\aug27_final_v2_bbox\val\left\12-43-09\images\left\left__GRIP_2026-08-27_12-43-09__e000155.jpg,left,centre,left,0.999981164932251,1.8853632354876027e-05,True
D:\GRIP_Dataset\New_model\Chirality_Crops\aug27_final_v2_bbox\val\left\12-43-09\images\left\left__GRIP_2026-08-27_12-43-09__e000155.jpg,left,top_background,left,1.0,1.0197715068216429e-12,True
D:\GRIP_Dataset\New_model\Chirality_Crops\aug27_final_v2_bbox\val\left\12-43-09\images\left\left__GRIP_2026-08-27_12-43-09__e000155.jpg,left,bottom_background,left,1.0,1.0197715068216429e-12,True
D:\GRIP_Dataset\New_model\Chirality_Crops\aug27_final_v2_bbox\val\left\12-43-09\images\left\left__GRIP_2026-08-27_12-43-09__e000156.jpg,left,original,left,0.9999998807907104,1.3634011963858939e-07,True
D:\GRIP_Dataset\New_model\Chirality_Crops\aug27_final_v2_bbox\val\left\12-43-09\images\left\left__GRIP_2026-08-27_12-43-09__e000156.jpg,left,finger_side,left,0.9999984502792358,1.5233472367981449e-06,True
D:\GRIP_Dataset\New_model\Chirality_Crops\aug27_final_v2_bbox\val\left\12-43-09\images\left\left__GRIP_2026-08-27_12-43-09__e000156.jpg,left,cuff_side,left,0.9998218417167664,0.00017813857994042337,True
D:\GRIP_Dataset\New_model\Chirality_Crops\aug27_final_v2_bbox\val\left\12-43-09\images\left\left__GRIP_2026-08-27_12-43-09__e000156.jpg,left,centre,left,0.9828967452049255,0.017103232443332672,True
D:\GRIP_Dataset\New_model\Chirality_Crops\aug27_final_v2_bbox\val\left\12-43-09\images\left\left__GRIP_2026-08-27_12-43-09__e000156.jpg,left,top_background,left,1.0,1.8357122488765754e-09,True
D:\GRIP_Dataset\New_model\Chirality_Crops\aug27_final_v2_bbox\val\left\12-43-09\images\left\left__GRIP_2026-08-27_12-43-09__e000156.jpg,left,bottom_background,left,1.0,5.588945839463122e-08,True
D:\GRIP_Dataset\New_model\Chirality_Crops\aug27_final_v2_bbox\val\left\12-43-09\images\left\left__GRIP_2026-08-27_12-43-09__e000159.jpg,left,original,left,0.9983813762664795,0.0016186530701816082,True
D:\GRIP_Dataset\New_model\Chirality_Crops\aug27_final_v2_bbox\val\left\12-43-09\images\left\left__GRIP_2026-08-27_12-43-09__e000159.jpg,left,finger_side,left,0.9210727214813232,0.07892724871635437,True
D:\GRIP_Dataset\New_model\Chirality_Crops\aug27_final_v2_bbox\val\left\12-43-09\images\left\left__GRIP_2026-08-27_12-43-09__e000159.jpg,left,cuff_side,left,0.9640886783599854,0.03591132536530495,True
D:\GRIP_Dataset\New_model\Chirality_Crops\aug27_final_v2_bbox\val\left\12-43-09\images\left\left__GRIP_2026-08-27_12-43-09__e000159.jpg,left,centre,left,0.5589916110038757,0.44100844860076904,True
D:\GRIP_Dataset\New_model\Chirality_Crops\aug27_final_v2_bbox\val\left\12-43-09\images\left\left__GRIP_2026-08-27_12-43-09__e000159.jpg,left,top_background,left,0.9996441602706909,0.0003558120224624872,True
D:\GRIP_Dataset\New_model\Chirality_Crops\aug27_final_v2_bbox\val\left\12-43-09\images\left\left__GRIP_2026-08-27_12-43-09__e000159.jpg,left,bottom_background,left,0.99979168176651,0.00020830371067859232,True
D:\GRIP_Dataset\New_model\Chirality_Crops\aug27_final_v2_bbox\val\left\12-43-09\images\left\left__GRIP_2026-08-27_12-43-09__e000161.jpg,left,original,left,0.9996925592422485,0.0003075046406593174,True
D:\GRIP_Dataset\New_model\Chirality_Crops\aug27_final_v2_bbox\val\left\12-43-09\images\left\left__GRIP_2026-08-27_12-43-09__e000161.jpg,left,finger_side,left,0.9968389272689819,0.003161040833219886,True
D:\GRIP_Dataset\New_model\Chirality_Crops\aug27_final_v2_bbox\val\left\12-43-09\images\left\left__GRIP_2026-08-27_12-43-09__e000161.jpg,left,cuff_side,left,0.9991820454597473,0.000817887659650296,True
D:\GRIP_Dataset\New_model\Chirality_Crops\aug27_final_v2_bbox\val\left\12-43-09\images\left\left__GRIP_2026-08-27_12-43-09__e000161.jpg,left,centre,left,0.9981672763824463,0.0018326541176065803,True
D:\GRIP_Dataset\New_model\Chirality_Crops\aug27_final_v2_bbox\val\left\12-43-09\images\left\left__GRIP_2026-08-27_12-43-09__e000161.jpg,left,top_background,left,0.9996452331542969,0.0003547430969774723,True
D:\GRIP_Dataset\New_model\Chirality_Crops\aug27_final_v2_bbox\val\left\12-43-09\images\left\left__GRIP_2026-08-27_12-43-09__e000161.jpg,left,bottom_background,left,0.9996931552886963,0.00030692797736264765,True
D:\GRIP_Dataset\New_model\Chirality_Crops\aug27_final_v2_bbox\val\left\12-43-09\images\left\left__GRIP_2026-08-27_12-43-09__e000162.jpg,left,original,left,0.9999936819076538,6.361291070788866e-06,True
D:\GRIP_Dataset\New_model\Chirality_Crops\aug27_final_v2_bbox\val\left\12-43-09\images\left\left__GRIP_2026-08-27_12-43-09__e000162.jpg,left,finger_side,left,0.999262273311615,0.0007376938592642546,True
D:\GRIP_Dataset\New_model\Chirality_Crops\aug27_final_v2_bbox\val\left\12-43-09\images\left\left__GRIP_2026-08-27_12-43-09__e000162.jpg,left,cuff_side,left,0.9992035031318665,0.0007964740507304668,True
D:\GRIP_Dataset\New_model\Chirality_Crops\aug27_final_v2_bbox\val\left\12-43-09\images\left\left__GRIP_2026-08-27_12-43-09__e000162.jpg,left,centre,left,0.9990009665489197,0.000998988514766097,True
D:\GRIP_Dataset\New_model\Chirality_Crops\aug27_final_v2_bbox\val\left\12-43-09\images\left\left__GRIP_2026-08-27_12-43-09__e000162.jpg,left,top_background,left,0.999990701675415,9.243467502528802e-06,True
D:\GRIP_Dataset\New_model\Chirality_Crops\aug27_final_v2_bbox\val\left\12-43-09\images\left\left__GRIP_2026-08-27_12-43-09__e000162.jpg,left,bottom_background,left,0.9999978542327881,2.10956432056264e-06,True
D:\GRIP_Dataset\New_model\Chirality_Crops\aug27_final_v2_bbox\val\left\12-43-09\images\left\left__GRIP_2026-08-27_12-43-09__e000163.jpg,left,original,left,1.0,7.481217034754906e-12,True
D:\GRIP_Dataset\New_model\Chirality_Crops\aug27_final_v2_bbox\val\left\12-43-09\images\left\left__GRIP_2026-08-27_12-43-09__e000163.jpg,left,finger_side,left,0.9996535778045654,0.00034647516440600157,True
D:\GRIP_Dataset\New_model\Chirality_Crops\aug27_final_v2_bbox\val\left\12-43-09\images\left\left__GRIP_2026-08-27_12-43-09__e000163.jpg,left,cuff_side,left,0.9999997615814209,2.6321879431634443e-07,True
D:\GRIP_Dataset\New_model\Chirality_Crops\aug27_final_v2_bbox\val\left\12-43-09\images\left\left__GRIP_2026-08-27_12-43-09__e000163.jpg,left,centre,left,0.999992847442627,7.177159204729833e-06,True
D:\GRIP_Dataset\New_model\Chirality_Crops\aug27_final_v2_bbox\val\left\12-43-09\images\left\left__GRIP_2026-08-27_12-43-09__e000163.jpg,left,top_background,left,1.0,1.5762035773803085e-11,True
D:\GRIP_Dataset\New_model\Chirality_Crops\aug27_final_v2_bbox\val\left\12-43-09\images\left\left__GRIP_2026-08-27_12-43-09__e000163.jpg,left,bottom_background,left,1.0,4.778538328920057e-11,True
D:\GRIP_Dataset\New_model\Chirality_Crops\aug27_final_v2_bbox\val\left\12-43-09\images\left\left__GRIP_2026-08-27_12-43-09__e000165.jpg,left,original,left,1.0,2.3847853633558978e-17,True
D:\GRIP_Dataset\New_model\Chirality_Crops\aug27_final_v2_bbox\val\left\12-43-09\images\left\left__GRIP_2026-08-27_12-43-09__e000165.jpg,left,finger_side,left,0.9999998807907104,1.5872377900905121e-07,True
D:\GRIP_Dataset\New_model\Chirality_Crops\aug27_final_v2_bbox\val\left\12-43-09\images\left\left__GRIP_2026-08-27_12-43-09__e000165.jpg,left,cuff_side,left,1.0,3.504700463218338e-14,True
D:\GRIP_Dataset\New_model\Chirality_Crops\aug27_final_v2_bbox\val\left\12-43-09\images\left\left__GRIP_2026-08-27_12-43-09__e000165.jpg,left,centre,left,1.0,6.408652081235644e-11,True
D:\GRIP_Dataset\New_model\Chirality_Crops\aug27_final_v2_bbox\val\left\12-43-09\images\left\left__GRIP_2026-08-27_12-43-09__e000165.jpg,left,top_background,left,1.0,2.3847853633558978e-17,True
D:\GRIP_Dataset\New_model\Chirality_Crops\aug27_final_v2_bbox\val\left\12-43-09\images\left\left__GRIP_2026-08-27_12-43-09__e000165.jpg,left,bottom_background,left,1.0,2.3847853633558978e-17,True
D:\GRIP_Dataset\New_model\Chirality_Crops\aug27_final_v2_bbox\val\left\12-43-09\images\left\left__GRIP_2026-08-27_12-43-09__e000166.jpg,left,original,left,1.0,2.154980837873466e-12,True
D:\GRIP_Dataset\New_model\Chirality_Crops\aug27_final_v2_bbox\val\left\12-43-09\images\left\left__GRIP_2026-08-27_12-43-09__e000166.jpg,left,finger_side,left,1.0,1.4793364755405491e-08,True
D:\GRIP_Dataset\New_model\Chirality_Crops\aug27_final_v2_bbox\val\left\12-43-09\images\left\left__GRIP_2026-08-27_12-43-09__e000166.jpg,left,cuff_side,left,1.0,1.57109738552208e-08,True
D:\GRIP_Dataset\New_model\Chirality_Crops\aug27_final_v2_bbox\val\left\12-43-09\images\left\left__GRIP_2026-08-27_12-43-09__e000166.jpg,left,centre,left,1.0,4.550217147514246e-11,True
D:\GRIP_Dataset\New_model\Chirality_Crops\aug27_final_v2_bbox\val\left\12-43-09\images\left\left__GRIP_2026-08-27_12-43-09__e000166.jpg,left,top_background,left,1.0,2.154980837873466e-12,True
D:\GRIP_Dataset\New_model\Chirality_Crops\aug27_final_v2_bbox\val\left\12-43-09\images\left\left__GRIP_2026-08-27_12-43-09__e000166.jpg,left,bottom_background,left,1.0,2.154980837873466e-12,True
D:\GRIP_Dataset\New_model\Chirality_Crops\aug27_final_v2_bbox\val\left\12-43-09\images\left\left__GRIP_2026-08-27_12-43-09__e000168.jpg,left,original,left,1.0,4.774409845254013e-08,True
D:\GRIP_Dataset\New_model\Chirality_Crops\aug27_final_v2_bbox\val\left\12-43-09\images\left\left__GRIP_2026-08-27_12-43-09__e000168.jpg,left,finger_side,left,0.9999302625656128,6.971429684199393e-05,True
D:\GRIP_Dataset\New_model\Chirality_Crops\aug27_final_v2_bbox\val\left\12-43-09\images\left\left__GRIP_2026-08-27_12-43-09__e000168.jpg,left,cuff_side,left,0.9999275207519531,7.245304732350633e-05,True
D:\GRIP_Dataset\New_model\Chirality_Crops\aug27_final_v2_bbox\val\left\12-43-09\images\left\left__GRIP_2026-08-27_12-43-09__e000168.jpg,left,centre,left,0.9991477727890015,0.0008522141724824905,True
D:\GRIP_Dataset\New_model\Chirality_Crops\aug27_final_v2_bbox\val\left\12-43-09\images\left\left__GRIP_2026-08-27_12-43-09__e000168.jpg,left,top_background,left,0.9999998807907104,8.975062826266367e-08,True
D:\GRIP_Dataset\New_model\Chirality_Crops\aug27_final_v2_bbox\val\left\12-43-09\images\left\left__GRIP_2026-08-27_12-43-09__e000168.jpg,left,bottom_background,left,1.0,3.301042994507952e-08,True
D:\GRIP_Dataset\New_model\Chirality_Crops\aug27_final_v2_bbox\val\left\12-43-09\images\left\left__GRIP_2026-08-27_12-43-09__e000169.jpg,left,original,left,1.0,1.4837432671388484e-10,True
D:\GRIP_Dataset\New_model\Chirality_Crops\aug27_final_v2_bbox\val\left\12-43-09\images\left\left__GRIP_2026-08-27_12-43-09__e000169.jpg,left,finger_side,left,0.9999980926513672,1.8523072640164173e-06,True
D:\GRIP_Dataset\New_model\Chirality_Crops\aug27_final_v2_bbox\val\left\12-43-09\images\left\left__GRIP_2026-08-27_12-43-09__e000169.jpg,left,cuff_side,left,0.9999978542327881,2.1534010556933936e-06,True
D:\GRIP_Dataset\New_model\Chirality_Crops\aug27_final_v2_bbox\val\left\12-43-09\images\left\left__GRIP_2026-08-27_12-43-09__e000169.jpg,left,centre,left,0.9999992847442627,6.710444040436414e-07,True
D:\GRIP_Dataset\New_model\Chirality_Crops\aug27_final_v2_bbox\val\left\12-43-09\images\left\left__GRIP_2026-08-27_12-43-09__e000169.jpg,left,top_background,left,1.0,1.6364005983593444e-10,True
D:\GRIP_Dataset\New_model\Chirality_Crops\aug27_final_v2_bbox\val\left\12-43-09\images\left\left__GRIP_2026-08-27_12-43-09__e000169.jpg,left,bottom_background,left,1.0,1.3211821914271837e-10,True
D:\GRIP_Dataset\New_model\Chirality_Crops\aug27_final_v2_bbox\val\left\12-43-09\images\left\left__GRIP_2026-08-27_12-43-09__e000171.jpg,left,original,left,1.0,4.264321304381889e-15,True
D:\GRIP_Dataset\New_model\Chirality_Crops\aug27_final_v2_bbox\val\left\12-43-09\images\left\left__GRIP_2026-08-27_12-43-09__e000171.jpg,left,finger_side,left,0.9999779462814331,2.2089217964094132e-05,True
D:\GRIP_Dataset\New_model\Chirality_Crops\aug27_final_v2_bbox\val\left\12-43-09\images\left\left__GRIP_2026-08-27_12-43-09__e000171.jpg,left,cuff_side,left,1.0,4.090492389252631e-10,True
D:\GRIP_Dataset\New_model\Chirality_Crops\aug27_final_v2_bbox\val\left\12-43-09\images\left\left__GRIP_2026-08-27_12-43-09__e000171.jpg,left,centre,left,1.0,5.325644369946758e-10,True
D:\GRIP_Dataset\New_model\Chirality_Crops\aug27_final_v2_bbox\val\left\12-43-09\images\left\left__GRIP_2026-08-27_12-43-09__e000171.jpg,left,top_background,left,1.0,3.8448002851669376e-15,True
D:\GRIP_Dataset\New_model\Chirality_Crops\aug27_final_v2_bbox\val\left\12-43-09\images\left\left__GRIP_2026-08-27_12-43-09__e000171.jpg,left,bottom_background,left,1.0,4.149694029695859e-15,True
D:\GRIP_Dataset\New_model\Chirality_Crops\aug27_final_v2_bbox\val\left\12-43-09\images\left\left__GRIP_2026-08-27_12-43-09__e000172.jpg,left,original,left,1.0,4.848095776354843e-16,True
D:\GRIP_Dataset\New_model\Chirality_Crops\aug27_final_v2_bbox\val\left\12-43-09\images\left\left__GRIP_2026-08-27_12-43-09__e000172.jpg,left,finger_side,left,0.9530296325683594,0.04697033017873764,True
D:\GRIP_Dataset\New_model\Chirality_Crops\aug27_final_v2_bbox\val\left\12-43-09\images\left\left__GRIP_2026-08-27_12-43-09__e000172.jpg,left,cuff_side,left,1.0,4.505120912825025e-15,True
D:\GRIP_Dataset\New_model\Chirality_Crops\aug27_final_v2_bbox\val\left\12-43-09\images\left\left__GRIP_2026-08-27_12-43-09__e000172.jpg,left,centre,left,0.9999997615814209,2.6366348038209253e-07,True
D:\GRIP_Dataset\New_model\Chirality_Crops\aug27_final_v2_bbox\val\left\12-43-09\images\left\left__GRIP_2026-08-27_12-43-09__e000172.jpg,left,top_background,left,1.0,4.968805382876869e-16,True
D:\GRIP_Dataset\New_model\Chirality_Crops\aug27_final_v2_bbox\val\left\12-43-09\images\left\left__GRIP_2026-08-27_12-43-09__e000172.jpg,left,bottom_background,left,1.0,4.848095776354843e-16,True
D:\GRIP_Dataset\New_model\Chirality_Crops\aug27_final_v2_bbox\val\left\12-43-09\images\left\left__GRIP_2026-08-27_12-43-09__e000173.jpg,left,original,left,1.0,9.987458776672398e-12,True
D:\GRIP_Dataset\New_model\Chirality_Crops\aug27_final_v2_bbox\val\left\12-43-09\images\left\left__GRIP_2026-08-27_12-43-09__e000173.jpg,left,finger_side,left,0.9999984502792358,1.547469423712755e-06,True
D:\GRIP_Dataset\New_model\Chirality_Crops\aug27_final_v2_bbox\val\left\12-43-09\images\left\left__GRIP_2026-08-27_12-43-09__e000173.jpg,left,cuff_side,left,1.0,1.672065680358159e-10,True
D:\GRIP_Dataset\New_model\Chirality_Crops\aug27_final_v2_bbox\val\left\12-43-09\images\left\left__GRIP_2026-08-27_12-43-09__e000173.jpg,left,centre,left,0.9999817609786987,1.825818071665708e-05,True
D:\GRIP_Dataset\New_model\Chirality_Crops\aug27_final_v2_bbox\val\left\12-43-09\images\left\left__GRIP_2026-08-27_12-43-09__e000173.jpg,left,top_background,left,1.0,1.050036013000577e-11,True
D:\GRIP_Dataset\New_model\Chirality_Crops\aug27_final_v2_bbox\val\left\12-43-09\images\left\left__GRIP_2026-08-27_12-43-09__e000173.jpg,left,bottom_background,left,1.0,1.0110855729050794e-11,True
D:\GRIP_Dataset\New_model\Chirality_Crops\aug27_final_v2_bbox\val\left\12-43-09\images\left\left__GRIP_2026-08-27_12-43-09__e000175.jpg,left,original,left,1.0,1.9259760453138597e-09,True
D:\GRIP_Dataset\New_model\Chirality_Crops\aug27_final_v2_bbox\val\left\12-43-09\images\left\left__GRIP_2026-08-27_12-43-09__e000175.jpg,left,finger_side,left,0.9946874380111694,0.005312545225024223,True
D:\GRIP_Dataset\New_model\Chirality_Crops\aug27_final_v2_bbox\val\left\12-43-09\images\left\left__GRIP_2026-08-27_12-43-09__e000175.jpg,left,cuff_side,left,1.0,2.2782451480907184e-09,True
D:\GRIP_Dataset\New_model\Chirality_Crops\aug27_final_v2_bbox\val\left\12-43-09\images\left\left__GRIP_2026-08-27_12-43-09__e000175.jpg,left,centre,left,0.9999899864196777,9.979790775105357e-06,True
D:\GRIP_Dataset\New_model\Chirality_Crops\aug27_final_v2_bbox\val\left\12-43-09\images\left\left__GRIP_2026-08-27_12-43-09__e000175.jpg,left,top_background,left,1.0,1.9259760453138597e-09,True
D:\GRIP_Dataset\New_model\Chirality_Crops\aug27_final_v2_bbox\val\left\12-43-09\images\left\left__GRIP_2026-08-27_12-43-09__e000175.jpg,left,bottom_background,left,1.0,1.9259760453138597e-09,True
D:\GRIP_Dataset\New_model\Chirality_Crops\aug27_final_v2_bbox\val\left\12-43-09\images\left\left__GRIP_2026-08-27_12-43-09__e000178.jpg,left,original,left,1.0,2.739714677346683e-09,True
D:\GRIP_Dataset\New_model\Chirality_Crops\aug27_final_v2_bbox\val\left\12-43-09\images\left\left__GRIP_2026-08-27_12-43-09__e000178.jpg,left,finger_side,left,0.9987157583236694,0.0012842825381085277,True
D:\GRIP_Dataset\New_model\Chirality_Crops\aug27_final_v2_bbox\val\left\12-43-09\images\left\left__GRIP_2026-08-27_12-43-09__e000178.jpg,left,cuff_side,left,1.0,2.0307935333363503e-09,True
D:\GRIP_Dataset\New_model\Chirality_Crops\aug27_final_v2_bbox\val\left\12-43-09\images\left\left__GRIP_2026-08-27_12-43-09__e000178.jpg,left,centre,left,0.9988924860954285,0.0011075310176238418,True
D:\GRIP_Dataset\New_model\Chirality_Crops\aug27_final_v2_bbox\val\left\12-43-09\images\left\left__GRIP_2026-08-27_12-43-09__e000178.jpg,left,top_background,left,1.0,3.6326279762022295e-09,True
D:\GRIP_Dataset\New_model\Chirality_Crops\aug27_final_v2_bbox\val\left\12-43-09\images\left\left__GRIP_2026-08-27_12-43-09__e000178.jpg,left,bottom_background,left,1.0,2.979848368056537e-09,True
D:\GRIP_Dataset\New_model\Chirality_Crops\aug27_final_v2_bbox\val\left\12-43-09\images\left\left__GRIP_2026-08-27_12-43-09__e000180.jpg,left,original,left,0.99665367603302,0.0033462909050285816,True
D:\GRIP_Dataset\New_model\Chirality_Crops\aug27_final_v2_bbox\val\left\12-43-09\images\left\left__GRIP_2026-08-27_12-43-09__e000180.jpg,left,finger_side,left,0.7775571942329407,0.2224428355693817,True
D:\GRIP_Dataset\New_model\Chirality_Crops\aug27_final_v2_bbox\val\left\12-43-09\images\left\left__GRIP_2026-08-27_12-43-09__e000180.jpg,left,cuff_side,left,0.9548821449279785,0.04511784762144089,True
D:\GRIP_Dataset\New_model\Chirality_Crops\aug27_final_v2_bbox\val\left\12-43-09\images\left\left__GRIP_2026-08-27_12-43-09__e000180.jpg,left,centre,right,0.484622985124588,0.5153769850730896,False
D:\GRIP_Dataset\New_model\Chirality_Crops\aug27_final_v2_bbox\val\left\12-43-09\images\left\left__GRIP_2026-08-27_12-43-09__e000180.jpg,left,top_background,left,0.9863471388816833,0.01365291140973568,True
D:\GRIP_Dataset\New_model\Chirality_Crops\aug27_final_v2_bbox\val\left\12-43-09\images\left\left__GRIP_2026-08-27_12-43-09__e000180.jpg,left,bottom_background,left,0.9976416826248169,0.002358374884352088,True
D:\GRIP_Dataset\New_model\Chirality_Crops\aug27_final_v2_bbox\val\left\12-43-09\images\left\left__GRIP_2026-08-27_12-43-09__e000182.jpg,left,original,left,1.0,2.8781785982312513e-11,True
D:\GRIP_Dataset\New_model\Chirality_Crops\aug27_final_v2_bbox\val\left\12-43-09\images\left\left__GRIP_2026-08-27_12-43-09__e000182.jpg,left,finger_side,left,0.9999998807907104,1.7560695653173752e-07,True
D:\GRIP_Dataset\New_model\Chirality_Crops\aug27_final_v2_bbox\val\left\12-43-09\images\left\left__GRIP_2026-08-27_12-43-09__e000182.jpg,left,cuff_side,left,0.9999997615814209,2.346791916352231e-07,True
D:\GRIP_Dataset\New_model\Chirality_Crops\aug27_final_v2_bbox\val\left\12-43-09\images\left\left__GRIP_2026-08-27_12-43-09__e000182.jpg,left,centre,left,1.0,9.881947704570848e-09,True
D:\GRIP_Dataset\New_model\Chirality_Crops\aug27_final_v2_bbox\val\left\12-43-09\images\left\left__GRIP_2026-08-27_12-43-09__e000182.jpg,left,top_background,left,1.0,2.8781785982312513e-11,True
D:\GRIP_Dataset\New_model\Chirality_Crops\aug27_final_v2_bbox\val\left\12-43-09\images\left\left__GRIP_2026-08-27_12-43-09__e000182.jpg,left,bottom_background,left,1.0,2.8781785982312513e-11,True
D:\GRIP_Dataset\New_model\Chirality_Crops\aug27_final_v2_bbox\val\left\12-43-09\images\left\left__GRIP_2026-08-27_12-43-09__e000183.jpg,left,original,left,1.0,5.025605626096663e-11,True
D:\GRIP_Dataset\New_model\Chirality_Crops\aug27_final_v2_bbox\val\left\12-43-09\images\left\left__GRIP_2026-08-27_12-43-09__e000183.jpg,left,finger_side,left,0.9999954700469971,4.520226411841577e-06,True
D:\GRIP_Dataset\New_model\Chirality_Crops\aug27_final_v2_bbox\val\left\12-43-09\images\left\left__GRIP_2026-08-27_12-43-09__e000183.jpg,left,cuff_side,left,0.9999866485595703,1.3305220818438102e-05,True
D:\GRIP_Dataset\New_model\Chirality_Crops\aug27_final_v2_bbox\val\left\12-43-09\images\left\left__GRIP_2026-08-27_12-43-09__e000183.jpg,left,centre,left,0.9999921321868896,7.890737833804451e-06,True
D:\GRIP_Dataset\New_model\Chirality_Crops\aug27_final_v2_bbox\val\left\12-43-09\images\left\left__GRIP_2026-08-27_12-43-09__e000183.jpg,left,top_background,left,1.0,1.2313575159517143e-10,True
D:\GRIP_Dataset\New_model\Chirality_Crops\aug27_final_v2_bbox\val\left\12-43-09\images\left\left__GRIP_2026-08-27_12-43-09__e000183.jpg,left,bottom_background,left,1.0,6.576941768976496e-11,True
D:\GRIP_Dataset\New_model\Chirality_Crops\aug27_final_v2_bbox\val\left\12-43-09\images\left\left__GRIP_2026-08-27_12-43-09__e000185.jpg,left,original,left,1.0,9.245207918185446e-16,True
D:\GRIP_Dataset\New_model\Chirality_Crops\aug27_final_v2_bbox\val\left\12-43-09\images\left\left__GRIP_2026-08-27_12-43-09__e000185.jpg,left,finger_side,left,0.9999994039535522,5.990256113364012e-07,True
D:\GRIP_Dataset\New_model\Chirality_Crops\aug27_final_v2_bbox\val\left\12-43-09\images\left\left__GRIP_2026-08-27_12-43-09__e000185.jpg,left,cuff_side,left,1.0,2.2638260623736306e-12,True
D:\GRIP_Dataset\New_model\Chirality_Crops\aug27_final_v2_bbox\val\left\12-43-09\images\left\left__GRIP_2026-08-27_12-43-09__e000185.jpg,left,centre,left,0.9999998807907104,1.3546333832437085e-07,True
D:\GRIP_Dataset\New_model\Chirality_Crops\aug27_final_v2_bbox\val\left\12-43-09\images\left\left__GRIP_2026-08-27_12-43-09__e000185.jpg,left,top_background,left,1.0,9.245207918185446e-16,True
D:\GRIP_Dataset\New_model\Chirality_Crops\aug27_final_v2_bbox\val\left\12-43-09\images\left\left__GRIP_2026-08-27_12-43-09__e000185.jpg,left,bottom_background,left,1.0,9.245207918185446e-16,True
D:\GRIP_Dataset\New_model\Chirality_Crops\aug27_final_v2_bbox\val\left\12-43-09\images\left\left__GRIP_2026-08-27_12-43-09__e000186.jpg,left,original,left,1.0,1.213819304535799e-14,True
D:\GRIP_Dataset\New_model\Chirality_Crops\aug27_final_v2_bbox\val\left\12-43-09\images\left\left__GRIP_2026-08-27_12-43-09__e000186.jpg,left,finger_side,left,0.9999998807907104,1.6974034622307954e-07,True
D:\GRIP_Dataset\New_model\Chirality_Crops\aug27_final_v2_bbox\val\left\12-43-09\images\left\left__GRIP_2026-08-27_12-43-09__e000186.jpg,left,cuff_side,left,1.0,1.6488677090364945e-09,True
D:\GRIP_Dataset\New_model\Chirality_Crops\aug27_final_v2_bbox\val\left\12-43-09\images\left\left__GRIP_2026-08-27_12-43-09__e000186.jpg,left,centre,left,1.0,1.809011962450313e-08,True
D:\GRIP_Dataset\New_model\Chirality_Crops\aug27_final_v2_bbox\val\left\12-43-09\images\left\left__GRIP_2026-08-27_12-43-09__e000186.jpg,left,top_background,left,1.0,1.213819304535799e-14,True
D:\GRIP_Dataset\New_model\Chirality_Crops\aug27_final_v2_bbox\val\left\12-43-09\images\left\left__GRIP_2026-08-27_12-43-09__e000186.jpg,left,bottom_background,left,1.0,1.213819304535799e-14,True
D:\GRIP_Dataset\New_model\Chirality_Crops\aug27_final_v2_bbox\val\left\12-43-09\images\left\left__GRIP_2026-08-27_12-43-09__e000189.jpg,left,original,left,1.0,1.3545603527731487e-10,True
D:\GRIP_Dataset\New_model\Chirality_Crops\aug27_final_v2_bbox\val\left\12-43-09\images\left\left__GRIP_2026-08-27_12-43-09__e000189.jpg,left,finger_side,left,0.9999986886978149,1.3152620113032754e-06,True
D:\GRIP_Dataset\New_model\Chirality_Crops\aug27_final_v2_bbox\val\left\12-43-09\images\left\left__GRIP_2026-08-27_12-43-09__e000189.jpg,left,cuff_side,left,0.9999991655349731,8.859051945364627e-07,True
D:\GRIP_Dataset\New_model\Chirality_Crops\aug27_final_v2_bbox\val\left\12-43-09\images\left\left__GRIP_2026-08-27_12-43-09__e000189.jpg,left,centre,left,0.9999990463256836,9.00170221029839e-07,True
D:\GRIP_Dataset\New_model\Chirality_Crops\aug27_final_v2_bbox\val\left\12-43-09\images\left\left__GRIP_2026-08-27_12-43-09__e000189.jpg,left,top_background,left,1.0,9.579839699291881e-11,True
D:\GRIP_Dataset\New_model\Chirality_Crops\aug27_final_v2_bbox\val\left\12-43-09\images\left\left__GRIP_2026-08-27_12-43-09__e000189.jpg,left,bottom_background,left,1.0,1.365715596168826e-10,True
D:\GRIP_Dataset\New_model\Chirality_Crops\aug27_final_v2_bbox\val\left\12-43-09\images\left\left__GRIP_2026-08-27_12-43-09__e000191.jpg,left,original,left,1.0,3.127837344598511e-13,True
D:\GRIP_Dataset\New_model\Chirality_Crops\aug27_final_v2_bbox\val\left\12-43-09\images\left\left__GRIP_2026-08-27_12-43-09__e000191.jpg,left,finger_side,left,0.9996694326400757,0.00033061258727684617,True
D:\GRIP_Dataset\New_model\Chirality_Crops\aug27_final_v2_bbox\val\left\12-43-09\images\left\left__GRIP_2026-08-27_12-43-09__e000191.jpg,left,cuff_side,left,1.0,4.473913683966657e-09,True
D:\GRIP_Dataset\New_model\Chirality_Crops\aug27_final_v2_bbox\val\left\12-43-09\images\left\left__GRIP_2026-08-27_12-43-09__e000191.jpg,left,centre,left,1.0,1.3363595563475883e-08,True
D:\GRIP_Dataset\New_model\Chirality_Crops\aug27_final_v2_bbox\val\left\12-43-09\images\left\left__GRIP_2026-08-27_12-43-09__e000191.jpg,left,top_background,left,1.0,2.967794738260865e-13,True
D:\GRIP_Dataset\New_model\Chirality_Crops\aug27_final_v2_bbox\val\left\12-43-09\images\left\left__GRIP_2026-08-27_12-43-09__e000191.jpg,left,bottom_background,left,1.0,3.212460408363177e-13,True
D:\GRIP_Dataset\New_model\Chirality_Crops\aug27_final_v2_bbox\val\left\12-43-09\images\left\left__GRIP_2026-08-27_12-43-09__e000193.jpg,left,original,left,1.0,1.1205542854828172e-14,True
D:\GRIP_Dataset\New_model\Chirality_Crops\aug27_final_v2_bbox\val\left\12-43-09\images\left\left__GRIP_2026-08-27_12-43-09__e000193.jpg,left,finger_side,left,0.9999988079071045,1.139142000283755e-06,True
D:\GRIP_Dataset\New_model\Chirality_Crops\aug27_final_v2_bbox\val\left\12-43-09\images\left\left__GRIP_2026-08-27_12-43-09__e000193.jpg,left,cuff_side,left,1.0,1.158515838817209e-09,True
D:\GRIP_Dataset\New_model\Chirality_Crops\aug27_final_v2_bbox\val\left\12-43-09\images\left\left__GRIP_2026-08-27_12-43-09__e000193.jpg,left,centre,left,1.0,2.7851804418332904e-08,True
D:\GRIP_Dataset\New_model\Chirality_Crops\aug27_final_v2_bbox\val\left\12-43-09\images\left\left__GRIP_2026-08-27_12-43-09__e000193.jpg,left,top_background,left,1.0,3.897535370616864e-14,True
D:\GRIP_Dataset\New_model\Chirality_Crops\aug27_final_v2_bbox\val\left\12-43-09\images\left\left__GRIP_2026-08-27_12-43-09__e000193.jpg,left,bottom_background,left,1.0,2.5449989202652387e-14,True
D:\GRIP_Dataset\New_model\Chirality_Crops\aug27_final_v2_bbox\val\left\12-43-09\images\left\left__GRIP_2026-08-27_12-43-09__e000195.jpg,left,original,left,0.9999998807907104,1.3989769342970249e-07,True
D:\GRIP_Dataset\New_model\Chirality_Crops\aug27_final_v2_bbox\val\left\12-43-09\images\left\left__GRIP_2026-08-27_12-43-09__e000195.jpg,left,finger_side,left,0.9994614720344543,0.0005385551485233009,True
D:\GRIP_Dataset\New_model\Chirality_Crops\aug27_final_v2_bbox\val\left\12-43-09\images\left\left__GRIP_2026-08-27_12-43-09__e000195.jpg,left,cuff_side,left,0.9999912977218628,8.648323273519054e-06,True
D:\GRIP_Dataset\New_model\Chirality_Crops\aug27_final_v2_bbox\val\left\12-43-09\images\left\left__GRIP_2026-08-27_12-43-09__e000195.jpg,left,centre,left,0.9999995231628418,5.284049393594614e-07,True
D:\GRIP_Dataset\New_model\Chirality_Crops\aug27_final_v2_bbox\val\left\12-43-09\images\left\left__GRIP_2026-08-27_12-43-09__e000195.jpg,left,top_background,left,0.9999998807907104,1.3989769342970249e-07,True
D:\GRIP_Dataset\New_model\Chirality_Crops\aug27_final_v2_bbox\val\left\12-43-09\images\left\left__GRIP_2026-08-27_12-43-09__e000195.jpg,left,bottom_background,left,0.9999998807907104,1.3989769342970249e-07,True
D:\GRIP_Dataset\New_model\Chirality_Crops\aug27_final_v2_bbox\val\left\12-43-09\images\left\left__GRIP_2026-08-27_12-43-09__e000196.jpg,left,original,left,1.0,1.452671316570786e-10,True
D:\GRIP_Dataset\New_model\Chirality_Crops\aug27_final_v2_bbox\val\left\12-43-09\images\left\left__GRIP_2026-08-27_12-43-09__e000196.jpg,left,finger_side,left,0.9999998807907104,1.4091197897414531e-07,True
D:\GRIP_Dataset\New_model\Chirality_Crops\aug27_final_v2_bbox\val\left\12-43-09\images\left\left__GRIP_2026-08-27_12-43-09__e000196.jpg,left,cuff_side,left,0.9999949932098389,5.014189810026437e-06,True
D:\GRIP_Dataset\New_model\Chirality_Crops\aug27_final_v2_bbox\val\left\12-43-09\images\left\left__GRIP_2026-08-27_12-43-09__e000196.jpg,left,centre,left,0.9999932050704956,6.800496976211434e-06,True
D:\GRIP_Dataset\New_model\Chirality_Crops\aug27_final_v2_bbox\val\left\12-43-09\images\left\left__GRIP_2026-08-27_12-43-09__e000196.jpg,left,top_background,left,1.0,1.452671316570786e-10,True
D:\GRIP_Dataset\New_model\Chirality_Crops\aug27_final_v2_bbox\val\left\12-43-09\images\left\left__GRIP_2026-08-27_12-43-09__e000196.jpg,left,bottom_background,left,1.0,1.452671316570786e-10,True
D:\GRIP_Dataset\New_model\Chirality_Crops\aug27_final_v2_bbox\val\left\12-43-09\images\left\left__GRIP_2026-08-27_12-43-09__e000201.jpg,left,original,left,1.0,6.996828839917054e-16,True
D:\GRIP_Dataset\New_model\Chirality_Crops\aug27_final_v2_bbox\val\left\12-43-09\images\left\left__GRIP_2026-08-27_12-43-09__e000201.jpg,left,finger_side,left,1.0,1.0550735979331094e-10,True
D:\GRIP_Dataset\New_model\Chirality_Crops\aug27_final_v2_bbox\val\left\12-43-09\images\left\left__GRIP_2026-08-27_12-43-09__e000201.jpg,left,cuff_side,left,1.0,3.940240578259591e-09,True
D:\GRIP_Dataset\New_model\Chirality_Crops\aug27_final_v2_bbox\val\left\12-43-09\images\left\left__GRIP_2026-08-27_12-43-09__e000201.jpg,left,centre,left,0.9999996423721313,3.790501921230316e-07,True
D:\GRIP_Dataset\New_model\Chirality_Crops\aug27_final_v2_bbox\val\left\12-43-09\images\left\left__GRIP_2026-08-27_12-43-09__e000201.jpg,left,top_background,left,1.0,5.17881608484114e-16,True
D:\GRIP_Dataset\New_model\Chirality_Crops\aug27_final_v2_bbox\val\left\12-43-09\images\left\left__GRIP_2026-08-27_12-43-09__e000201.jpg,left,bottom_background,left,1.0,5.924465011660613e-16,True
D:\GRIP_Dataset\New_model\Chirality_Crops\aug27_final_v2_bbox\val\left\12-43-09\images\left\left__GRIP_2026-08-27_12-43-09__e000202.jpg,left,original,left,1.0,1.6701887811144955e-13,True
D:\GRIP_Dataset\New_model\Chirality_Crops\aug27_final_v2_bbox\val\left\12-43-09\images\left\left__GRIP_2026-08-27_12-43-09__e000202.jpg,left,finger_side,left,1.0,4.128769326428028e-09,True
D:\GRIP_Dataset\New_model\Chirality_Crops\aug27_final_v2_bbox\val\left\12-43-09\images\left\left__GRIP_2026-08-27_12-43-09__e000202.jpg,left,cuff_side,left,1.0,2.114424901833445e-08,True
D:\GRIP_Dataset\New_model\Chirality_Crops\aug27_final_v2_bbox\val\left\12-43-09\images\left\left__GRIP_2026-08-27_12-43-09__e000202.jpg,left,centre,left,1.0,2.155706724238371e-10,True
D:\GRIP_Dataset\New_model\Chirality_Crops\aug27_final_v2_bbox\val\left\12-43-09\images\left\left__GRIP_2026-08-27_12-43-09__e000202.jpg,left,top_background,left,1.0,1.826188668601486e-13,True
D:\GRIP_Dataset\New_model\Chirality_Crops\aug27_final_v2_bbox\val\left\12-43-09\images\left\left__GRIP_2026-08-27_12-43-09__e000202.jpg,left,bottom_background,left,1.0,1.6747951495695718e-13,True
D:\GRIP_Dataset\New_model\Chirality_Crops\aug27_final_v2_bbox\val\left\12-43-09\images\left\left__GRIP_2026-08-27_12-43-09__e000204.jpg,left,original,left,1.0,6.877867719801145e-11,True
D:\GRIP_Dataset\New_model\Chirality_Crops\aug27_final_v2_bbox\val\left\12-43-09\images\left\left__GRIP_2026-08-27_12-43-09__e000204.jpg,left,finger_side,left,0.9985114932060242,0.001488436828367412,True
D:\GRIP_Dataset\New_model\Chirality_Crops\aug27_final_v2_bbox\val\left\12-43-09\images\left\left__GRIP_2026-08-27_12-43-09__e000204.jpg,left,cuff_side,left,1.0,2.859594516735342e-08,True
D:\GRIP_Dataset\New_model\Chirality_Crops\aug27_final_v2_bbox\val\left\12-43-09\images\left\left__GRIP_2026-08-27_12-43-09__e000204.jpg,left,centre,left,0.9999873638153076,1.2639328815566842e-05,True
D:\GRIP_Dataset\New_model\Chirality_Crops\aug27_final_v2_bbox\val\left\12-43-09\images\left\left__GRIP_2026-08-27_12-43-09__e000204.jpg,left,top_background,left,1.0,1.1876456762482945e-10,True
D:\GRIP_Dataset\New_model\Chirality_Crops\aug27_final_v2_bbox\val\left\12-43-09\images\left\left__GRIP_2026-08-27_12-43-09__e000204.jpg,left,bottom_background,left,1.0,4.1623284680047945e-12,True
D:\GRIP_Dataset\New_model\Chirality_Crops\aug27_final_v2_bbox\val\left\12-43-09\images\left\left__GRIP_2026-08-27_12-43-09__e000206.jpg,left,original,left,1.0,3.5533895704348284e-12,True
D:\GRIP_Dataset\New_model\Chirality_Crops\aug27_final_v2_bbox\val\left\12-43-09\images\left\left__GRIP_2026-08-27_12-43-09__e000206.jpg,left,finger_side,left,0.99998939037323,1.0589459634502418e-05,True
D:\GRIP_Dataset\New_model\Chirality_Crops\aug27_final_v2_bbox\val\left\12-43-09\images\left\left__GRIP_2026-08-27_12-43-09__e000206.jpg,left,cuff_side,left,1.0,1.2609129740326352e-08,True
D:\GRIP_Dataset\New_model\Chirality_Crops\aug27_final_v2_bbox\val\left\12-43-09\images\left\left__GRIP_2026-08-27_12-43-09__e000206.jpg,left,centre,left,1.0,3.7207545489081895e-08,True
D:\GRIP_Dataset\New_model\Chirality_Crops\aug27_final_v2_bbox\val\left\12-43-09\images\left\left__GRIP_2026-08-27_12-43-09__e000206.jpg,left,top_background,left,1.0,3.5533895704348284e-12,True
D:\GRIP_Dataset\New_model\Chirality_Crops\aug27_final_v2_bbox\val\left\12-43-09\images\left\left__GRIP_2026-08-27_12-43-09__e000206.jpg,left,bottom_background,left,1.0,3.5533895704348284e-12,True
D:\GRIP_Dataset\New_model\Chirality_Crops\aug27_final_v2_bbox\val\left\12-43-09\images\left\left__GRIP_2026-08-27_12-43-09__e000207.jpg,left,original,left,1.0,1.7487344851265657e-13,True
D:\GRIP_Dataset\New_model\Chirality_Crops\aug27_final_v2_bbox\val\left\12-43-09\images\left\left__GRIP_2026-08-27_12-43-09__e000207.jpg,left,finger_side,left,0.9999997615814209,2.8920152317368775e-07,True
D:\GRIP_Dataset\New_model\Chirality_Crops\aug27_final_v2_bbox\val\left\12-43-09\images\left\left__GRIP_2026-08-27_12-43-09__e000207.jpg,left,cuff_side,left,1.0,4.152030455562006e-11,True
D:\GRIP_Dataset\New_model\Chirality_Crops\aug27_final_v2_bbox\val\left\12-43-09\images\left\left__GRIP_2026-08-27_12-43-09__e000207.jpg,left,centre,left,0.9999996423721313,3.960134051794739e-07,True
D:\GRIP_Dataset\New_model\Chirality_Crops\aug27_final_v2_bbox\val\left\12-43-09\images\left\left__GRIP_2026-08-27_12-43-09__e000207.jpg,left,top_background,left,1.0,1.5424051196411687e-13,True
D:\GRIP_Dataset\New_model\Chirality_Crops\aug27_final_v2_bbox\val\left\12-43-09\images\left\left__GRIP_2026-08-27_12-43-09__e000207.jpg,left,bottom_background,left,1.0,1.8012812920929766e-13,True
D:\GRIP_Dataset\New_model\Chirality_Crops\aug27_final_v2_bbox\val\left\12-43-09\images\left\left__GRIP_2026-08-27_12-43-09__e000208.jpg,left,original,left,0.9999985694885254,1.3744918305746978e-06,True
D:\GRIP_Dataset\New_model\Chirality_Crops\aug27_final_v2_bbox\val\left\12-43-09\images\left\left__GRIP_2026-08-27_12-43-09__e000208.jpg,left,finger_side,left,0.9999983310699463,1.6498491959282546e-06,True
D:\GRIP_Dataset\New_model\Chirality_Crops\aug27_final_v2_bbox\val\left\12-43-09\images\left\left__GRIP_2026-08-27_12-43-09__e000208.jpg,left,cuff_side,left,0.9986971020698547,0.0013028949033468962,True
D:\GRIP_Dataset\New_model\Chirality_Crops\aug27_final_v2_bbox\val\left\12-43-09\images\left\left__GRIP_2026-08-27_12-43-09__e000208.jpg,left,centre,left,0.9999992847442627,6.568313324351038e-07,True
D:\GRIP_Dataset\New_model\Chirality_Crops\aug27_final_v2_bbox\val\left\12-43-09\images\left\left__GRIP_2026-08-27_12-43-09__e000208.jpg,left,top_background,left,0.9999985694885254,1.3744918305746978e-06,True
D:\GRIP_Dataset\New_model\Chirality_Crops\aug27_final_v2_bbox\val\left\12-43-09\images\left\left__GRIP_2026-08-27_12-43-09__e000208.jpg,left,bottom_background,left,0.9999985694885254,1.3744918305746978e-06,True
D:\GRIP_Dataset\New_model\Chirality_Crops\aug27_final_v2_bbox\val\left\12-43-09\images\left\left__GRIP_2026-08-27_12-43-09__e000209.jpg,left,original,left,1.0,3.950205140768048e-08,True
D:\GRIP_Dataset\New_model\Chirality_Crops\aug27_final_v2_bbox\val\left\12-43-09\images\left\left__GRIP_2026-08-27_12-43-09__e000209.jpg,left,finger_side,left,0.9992757439613342,0.0007242174469865859,True
D:\GRIP_Dataset\New_model\Chirality_Crops\aug27_final_v2_bbox\val\left\12-43-09\images\left\left__GRIP_2026-08-27_12-43-09__e000209.jpg,left,cuff_side,left,0.9999884366989136,1.1577250916161574e-05,True
D:\GRIP_Dataset\New_model\Chirality_Crops\aug27_final_v2_bbox\val\left\12-43-09\images\left\left__GRIP_2026-08-27_12-43-09__e000209.jpg,left,centre,left,0.9950156807899475,0.004984308034181595,True
D:\GRIP_Dataset\New_model\Chirality_Crops\aug27_final_v2_bbox\val\left\12-43-09\images\left\left__GRIP_2026-08-27_12-43-09__e000209.jpg,left,top_background,left,1.0,3.792953151560141e-08,True
D:\GRIP_Dataset\New_model\Chirality_Crops\aug27_final_v2_bbox\val\left\12-43-09\images\left\left__GRIP_2026-08-27_12-43-09__e000209.jpg,left,bottom_background,left,1.0,4.0463664419121415e-08,True
D:\GRIP_Dataset\New_model\Chirality_Crops\aug27_final_v2_bbox\val\left\12-43-09\images\left\left__GRIP_2026-08-27_12-43-09__e000212.jpg,left,original,left,0.9999994039535522,5.953373829470365e-07,True
D:\GRIP_Dataset\New_model\Chirality_Crops\aug27_final_v2_bbox\val\left\12-43-09\images\left\left__GRIP_2026-08-27_12-43-09__e000212.jpg,left,finger_side,left,0.9992824196815491,0.0007176361395977437,True
D:\GRIP_Dataset\New_model\Chirality_Crops\aug27_final_v2_bbox\val\left\12-43-09\images\left\left__GRIP_2026-08-27_12-43-09__e000212.jpg,left,cuff_side,left,0.9999985694885254,1.4518192301693489e-06,True
D:\GRIP_Dataset\New_model\Chirality_Crops\aug27_final_v2_bbox\val\left\12-43-09\images\left\left__GRIP_2026-08-27_12-43-09__e000212.jpg,left,centre,left,0.999854326248169,0.00014569425547961146,True
D:\GRIP_Dataset\New_model\Chirality_Crops\aug27_final_v2_bbox\val\left\12-43-09\images\left\left__GRIP_2026-08-27_12-43-09__e000212.jpg,left,top_background,left,0.9999994039535522,5.953373829470365e-07,True
D:\GRIP_Dataset\New_model\Chirality_Crops\aug27_final_v2_bbox\val\left\12-43-09\images\left\left__GRIP_2026-08-27_12-43-09__e000212.jpg,left,bottom_background,left,0.9999994039535522,5.953373829470365e-07,True
D:\GRIP_Dataset\New_model\Chirality_Crops\aug27_final_v2_bbox\val\left\12-43-09\images\left\left__GRIP_2026-08-27_12-43-09__e000214.jpg,left,original,left,1.0,1.1212923899930546e-13,True
D:\GRIP_Dataset\New_model\Chirality_Crops\aug27_final_v2_bbox\val\left\12-43-09\images\left\left__GRIP_2026-08-27_12-43-09__e000214.jpg,left,finger_side,left,1.0,2.0392163513349715e-09,True
D:\GRIP_Dataset\New_model\Chirality_Crops\aug27_final_v2_bbox\val\left\12-43-09\images\left\left__GRIP_2026-08-27_12-43-09__e000214.jpg,left,cuff_side,left,0.9999998807907104,9.261251676662141e-08,True
D:\GRIP_Dataset\New_model\Chirality_Crops\aug27_final_v2_bbox\val\left\12-43-09\images\left\left__GRIP_2026-08-27_12-43-09__e000214.jpg,left,centre,left,1.0,2.2599046189952787e-08,True
D:\GRIP_Dataset\New_model\Chirality_Crops\aug27_final_v2_bbox\val\left\12-43-09\images\left\left__GRIP_2026-08-27_12-43-09__e000214.jpg,left,top_background,left,1.0,1.2668810228308458e-13,True
D:\GRIP_Dataset\New_model\Chirality_Crops\aug27_final_v2_bbox\val\left\12-43-09\images\left\left__GRIP_2026-08-27_12-43-09__e000214.jpg,left,bottom_background,left,1.0,1.130257115656251e-13,True
D:\GRIP_Dataset\New_model\Chirality_Crops\aug27_final_v2_bbox\val\left\12-43-09\images\left\left__GRIP_2026-08-27_12-43-09__e000215.jpg,left,original,left,1.0,6.487680618422198e-12,True
D:\GRIP_Dataset\New_model\Chirality_Crops\aug27_final_v2_bbox\val\left\12-43-09\images\left\left__GRIP_2026-08-27_12-43-09__e000215.jpg,left,finger_side,left,0.9997691512107849,0.00023088570742402226,True
D:\GRIP_Dataset\New_model\Chirality_Crops\aug27_final_v2_bbox\val\left\12-43-09\images\left\left__GRIP_2026-08-27_12-43-09__e000215.jpg,left,cuff_side,left,1.0,2.1980448572378464e-09,True
D:\GRIP_Dataset\New_model\Chirality_Crops\aug27_final_v2_bbox\val\left\12-43-09\images\left\left__GRIP_2026-08-27_12-43-09__e000215.jpg,left,centre,left,1.0,2.1910964154159274e-09,True
D:\GRIP_Dataset\New_model\Chirality_Crops\aug27_final_v2_bbox\val\left\12-43-09\images\left\left__GRIP_2026-08-27_12-43-09__e000215.jpg,left,top_background,left,1.0,1.0615627300814001e-11,True
D:\GRIP_Dataset\New_model\Chirality_Crops\aug27_final_v2_bbox\val\left\12-43-09\images\left\left__GRIP_2026-08-27_12-43-09__e000215.jpg,left,bottom_background,left,1.0,7.033155741825725e-12,True
D:\GRIP_Dataset\New_model\Chirality_Crops\aug27_final_v2_bbox\val\left\12-43-09\images\left\left__GRIP_2026-08-27_12-43-09__e000217.jpg,left,original,left,1.0,1.1444002689930954e-10,True
D:\GRIP_Dataset\New_model\Chirality_Crops\aug27_final_v2_bbox\val\left\12-43-09\images\left\left__GRIP_2026-08-27_12-43-09__e000217.jpg,left,finger_side,left,0.9999808073043823,1.9210616301279515e-05,True
D:\GRIP_Dataset\New_model\Chirality_Crops\aug27_final_v2_bbox\val\left\12-43-09\images\left\left__GRIP_2026-08-27_12-43-09__e000217.jpg,left,cuff_side,left,0.9999998807907104,1.6336399255578726e-07,True
D:\GRIP_Dataset\New_model\Chirality_Crops\aug27_final_v2_bbox\val\left\12-43-09\images\left\left__GRIP_2026-08-27_12-43-09__e000217.jpg,left,centre,left,0.9999982118606567,1.7424615634809015e-06,True
D:\GRIP_Dataset\New_model\Chirality_Crops\aug27_final_v2_bbox\val\left\12-43-09\images\left\left__GRIP_2026-08-27_12-43-09__e000217.jpg,left,top_background,left,1.0,1.1841397307144064e-10,True
D:\GRIP_Dataset\New_model\Chirality_Crops\aug27_final_v2_bbox\val\left\12-43-09\images\left\left__GRIP_2026-08-27_12-43-09__e000217.jpg,left,bottom_background,left,1.0,1.208213529224622e-10,True
D:\GRIP_Dataset\New_model\Chirality_Crops\aug27_final_v2_bbox\val\left\12-43-09\images\left\left__GRIP_2026-08-27_12-43-09__e000219.jpg,left,original,left,1.0,2.1893835214833318e-13,True
D:\GRIP_Dataset\New_model\Chirality_Crops\aug27_final_v2_bbox\val\left\12-43-09\images\left\left__GRIP_2026-08-27_12-43-09__e000219.jpg,left,finger_side,left,0.9999998807907104,6.324340517949167e-08,True
D:\GRIP_Dataset\New_model\Chirality_Crops\aug27_final_v2_bbox\val\left\12-43-09\images\left\left__GRIP_2026-08-27_12-43-09__e000219.jpg,left,cuff_side,left,1.0,5.928846302794e-10,True
D:\GRIP_Dataset\New_model\Chirality_Crops\aug27_final_v2_bbox\val\left\12-43-09\images\left\left__GRIP_2026-08-27_12-43-09__e000219.jpg,left,centre,left,0.9999998807907104,9.74668807884882e-08,True
D:\GRIP_Dataset\New_model\Chirality_Crops\aug27_final_v2_bbox\val\left\12-43-09\images\left\left__GRIP_2026-08-27_12-43-09__e000219.jpg,left,top_background,left,1.0,1.377202253063578e-13,True
D:\GRIP_Dataset\New_model\Chirality_Crops\aug27_final_v2_bbox\val\left\12-43-09\images\left\left__GRIP_2026-08-27_12-43-09__e000219.jpg,left,bottom_background,left,1.0,2.0573866503677263e-13,True
D:\GRIP_Dataset\New_model\Chirality_Crops\aug27_final_v2_bbox\val\left\12-43-09\images\left\left__GRIP_2026-08-27_12-43-09__e000221.jpg,left,original,left,1.0,2.203187676741436e-08,True
D:\GRIP_Dataset\New_model\Chirality_Crops\aug27_final_v2_bbox\val\left\12-43-09\images\left\left__GRIP_2026-08-27_12-43-09__e000221.jpg,left,finger_side,left,0.9999969005584717,3.1544218472845387e-06,True
D:\GRIP_Dataset\New_model\Chirality_Crops\aug27_final_v2_bbox\val\left\12-43-09\images\left\left__GRIP_2026-08-27_12-43-09__e000221.jpg,left,cuff_side,left,0.9999936819076538,6.31225657343748e-06,True
D:\GRIP_Dataset\New_model\Chirality_Crops\aug27_final_v2_bbox\val\left\12-43-09\images\left\left__GRIP_2026-08-27_12-43-09__e000221.jpg,left,centre,left,0.9999901056289673,9.88735155260656e-06,True
D:\GRIP_Dataset\New_model\Chirality_Crops\aug27_final_v2_bbox\val\left\12-43-09\images\left\left__GRIP_2026-08-27_12-43-09__e000221.jpg,left,top_background,left,1.0,2.2310894465249476e-08,True
D:\GRIP_Dataset\New_model\Chirality_Crops\aug27_final_v2_bbox\val\left\12-43-09\images\left\left__GRIP_2026-08-27_12-43-09__e000221.jpg,left,bottom_background,left,1.0,2.3267903159762682e-08,True
D:\GRIP_Dataset\New_model\Chirality_Crops\aug27_final_v2_bbox\val\left\12-43-09\images\left\left__GRIP_2026-08-27_12-43-09__e000222.jpg,left,original,left,1.0,4.925659879972955e-10,True
D:\GRIP_Dataset\New_model\Chirality_Crops\aug27_final_v2_bbox\val\left\12-43-09\images\left\left__GRIP_2026-08-27_12-43-09__e000222.jpg,left,finger_side,left,0.9999995231628418,4.780396238857065e-07,True
D:\GRIP_Dataset\New_model\Chirality_Crops\aug27_final_v2_bbox\val\left\12-43-09\images\left\left__GRIP_2026-08-27_12-43-09__e000222.jpg,left,cuff_side,left,0.9999994039535522,5.956962922937237e-07,True
D:\GRIP_Dataset\New_model\Chirality_Crops\aug27_final_v2_bbox\val\left\12-43-09\images\left\left__GRIP_2026-08-27_12-43-09__e000222.jpg,left,centre,left,1.0,3.423381400580183e-08,True
D:\GRIP_Dataset\New_model\Chirality_Crops\aug27_final_v2_bbox\val\left\12-43-09\images\left\left__GRIP_2026-08-27_12-43-09__e000222.jpg,left,top_background,left,1.0,4.925659879972955e-10,True
D:\GRIP_Dataset\New_model\Chirality_Crops\aug27_final_v2_bbox\val\left\12-43-09\images\left\left__GRIP_2026-08-27_12-43-09__e000222.jpg,left,bottom_background,left,1.0,4.925659879972955e-10,True
D:\GRIP_Dataset\New_model\Chirality_Crops\aug27_final_v2_bbox\val\left\12-43-09\images\left\left__GRIP_2026-08-27_12-43-09__e000223.jpg,left,original,left,1.0,3.2398243159439954e-13,True
D:\GRIP_Dataset\New_model\Chirality_Crops\aug27_final_v2_bbox\val\left\12-43-09\images\left\left__GRIP_2026-08-27_12-43-09__e000223.jpg,left,finger_side,left,1.0,1.2819206141045925e-08,True
D:\GRIP_Dataset\New_model\Chirality_Crops\aug27_final_v2_bbox\val\left\12-43-09\images\left\left__GRIP_2026-08-27_12-43-09__e000223.jpg,left,cuff_side,left,1.0,4.1671284478628223e-11,True
D:\GRIP_Dataset\New_model\Chirality_Crops\aug27_final_v2_bbox\val\left\12-43-09\images\left\left__GRIP_2026-08-27_12-43-09__e000223.jpg,left,centre,left,0.9999998807907104,1.126713300436677e-07,True
D:\GRIP_Dataset\New_model\Chirality_Crops\aug27_final_v2_bbox\val\left\12-43-09\images\left\left__GRIP_2026-08-27_12-43-09__e000223.jpg,left,top_background,left,1.0,5.07870492622714e-13,True
D:\GRIP_Dataset\New_model\Chirality_Crops\aug27_final_v2_bbox\val\left\12-43-09\images\left\left__GRIP_2026-08-27_12-43-09__e000223.jpg,left,bottom_background,left,1.0,5.5970144832847776e-14,True
D:\GRIP_Dataset\New_model\Chirality_Crops\aug27_final_v2_bbox\val\left\12-43-09\images\left\left__GRIP_2026-08-27_12-43-09__e000225.jpg,left,original,left,1.0,1.0932935491619523e-16,True
D:\GRIP_Dataset\New_model\Chirality_Crops\aug27_final_v2_bbox\val\left\12-43-09\images\left\left__GRIP_2026-08-27_12-43-09__e000225.jpg,left,finger_side,left,1.0,2.354620720623757e-09,True
D:\GRIP_Dataset\New_model\Chirality_Crops\aug27_final_v2_bbox\val\left\12-43-09\images\left\left__GRIP_2026-08-27_12-43-09__e000225.jpg,left,cuff_side,left,1.0,1.468766497314533e-10,True
D:\GRIP_Dataset\New_model\Chirality_Crops\aug27_final_v2_bbox\val\left\12-43-09\images\left\left__GRIP_2026-08-27_12-43-09__e000225.jpg,left,centre,left,1.0,2.452583925879881e-12,True
D:\GRIP_Dataset\New_model\Chirality_Crops\aug27_final_v2_bbox\val\left\12-43-09\images\left\left__GRIP_2026-08-27_12-43-09__e000225.jpg,left,top_background,left,1.0,9.071608383296779e-17,True
D:\GRIP_Dataset\New_model\Chirality_Crops\aug27_final_v2_bbox\val\left\12-43-09\images\left\left__GRIP_2026-08-27_12-43-09__e000225.jpg,left,bottom_background,left,1.0,9.929141230374583e-17,True
D:\GRIP_Dataset\New_model\Chirality_Crops\aug27_final_v2_bbox\val\left\12-43-09\images\left\left__GRIP_2026-08-27_12-43-09__e000227.jpg,left,original,left,1.0,4.712379819693524e-09,True
D:\GRIP_Dataset\New_model\Chirality_Crops\aug27_final_v2_bbox\val\left\12-43-09\images\left\left__GRIP_2026-08-27_12-43-09__e000227.jpg,left,finger_side,left,1.0,1.275326066974003e-08,True
D:\GRIP_Dataset\New_model\Chirality_Crops\aug27_final_v2_bbox\val\left\12-43-09\images\left\left__GRIP_2026-08-27_12-43-09__e000227.jpg,left,cuff_side,left,0.9999943971633911,5.585467079072259e-06,True
D:\GRIP_Dataset\New_model\Chirality_Crops\aug27_final_v2_bbox\val\left\12-43-09\images\left\left__GRIP_2026-08-27_12-43-09__e000227.jpg,left,centre,left,0.9999551773071289,4.478554183151573e-05,True
D:\GRIP_Dataset\New_model\Chirality_Crops\aug27_final_v2_bbox\val\left\12-43-09\images\left\left__GRIP_2026-08-27_12-43-09__e000227.jpg,left,top_background,left,1.0,1.175342156933823e-09,True
D:\GRIP_Dataset\New_model\Chirality_Crops\aug27_final_v2_bbox\val\left\12-43-09\images\left\left__GRIP_2026-08-27_12-43-09__e000227.jpg,left,bottom_background,left,1.0,4.144170340225628e-09,True
D:\GRIP_Dataset\New_model\Chirality_Crops\aug27_final_v2_bbox\val\left\12-43-09\images\left\left__GRIP_2026-08-27_12-43-09__e000228.jpg,left,original,left,0.9999872446060181,1.271243945666356e-05,True
D:\GRIP_Dataset\New_model\Chirality_Crops\aug27_final_v2_bbox\val\left\12-43-09\images\left\left__GRIP_2026-08-27_12-43-09__e000228.jpg,left,finger_side,left,0.999969482421875,3.055492925341241e-05,True
D:\GRIP_Dataset\New_model\Chirality_Crops\aug27_final_v2_bbox\val\left\12-43-09\images\left\left__GRIP_2026-08-27_12-43-09__e000228.jpg,left,cuff_side,left,0.9990447163581848,0.0009552466799505055,True
D:\GRIP_Dataset\New_model\Chirality_Crops\aug27_final_v2_bbox\val\left\12-43-09\images\left\left__GRIP_2026-08-27_12-43-09__e000228.jpg,left,centre,left,0.9974157810211182,0.0025842252653092146,True
D:\GRIP_Dataset\New_model\Chirality_Crops\aug27_final_v2_bbox\val\left\12-43-09\images\left\left__GRIP_2026-08-27_12-43-09__e000228.jpg,left,top_background,left,0.9999908208847046,9.170564226224087e-06,True
D:\GRIP_Dataset\New_model\Chirality_Crops\aug27_final_v2_bbox\val\left\12-43-09\images\left\left__GRIP_2026-08-27_12-43-09__e000228.jpg,left,bottom_background,left,0.9999979734420776,2.0568131731124595e-06,True
D:\GRIP_Dataset\New_model\Chirality_Crops\aug27_final_v2_bbox\val\left\12-43-09\images\left\left__GRIP_2026-08-27_12-43-09__e000229.jpg,left,original,left,1.0,9.3738027661717e-15,True
D:\GRIP_Dataset\New_model\Chirality_Crops\aug27_final_v2_bbox\val\left\12-43-09\images\left\left__GRIP_2026-08-27_12-43-09__e000229.jpg,left,finger_side,left,0.9999991655349731,8.335813390658586e-07,True
D:\GRIP_Dataset\New_model\Chirality_Crops\aug27_final_v2_bbox\val\left\12-43-09\images\left\left__GRIP_2026-08-27_12-43-09__e000229.jpg,left,cuff_side,left,1.0,5.784908142791867e-12,True
D:\GRIP_Dataset\New_model\Chirality_Crops\aug27_final_v2_bbox\val\left\12-43-09\images\left\left__GRIP_2026-08-27_12-43-09__e000229.jpg,left,centre,left,1.0,1.2478332145349214e-08,True
D:\GRIP_Dataset\New_model\Chirality_Crops\aug27_final_v2_bbox\val\left\12-43-09\images\left\left__GRIP_2026-08-27_12-43-09__e000229.jpg,left,top_background,left,1.0,1.0559572659362467e-14,True
D:\GRIP_Dataset\New_model\Chirality_Crops\aug27_final_v2_bbox\val\left\12-43-09\images\left\left__GRIP_2026-08-27_12-43-09__e000229.jpg,left,bottom_background,left,1.0,1.0461422716599375e-14,True
D:\GRIP_Dataset\New_model\Chirality_Crops\aug27_final_v2_bbox\val\left\12-43-09\images\left\left__GRIP_2026-08-27_12-43-09__e000230.jpg,left,original,left,1.0,3.25088184587934e-19,True
D:\GRIP_Dataset\New_model\Chirality_Crops\aug27_final_v2_bbox\val\left\12-43-09\images\left\left__GRIP_2026-08-27_12-43-09__e000230.jpg,left,finger_side,left,1.0,1.8410191773843287e-11,True
D:\GRIP_Dataset\New_model\Chirality_Crops\aug27_final_v2_bbox\val\left\12-43-09\images\left\left__GRIP_2026-08-27_12-43-09__e000230.jpg,left,cuff_side,left,1.0,9.196149294539782e-14,True
D:\GRIP_Dataset\New_model\Chirality_Crops\aug27_final_v2_bbox\val\left\12-43-09\images\left\left__GRIP_2026-08-27_12-43-09__e000230.jpg,left,centre,left,0.9999992847442627,6.667728484899271e-07,True
D:\GRIP_Dataset\New_model\Chirality_Crops\aug27_final_v2_bbox\val\left\12-43-09\images\left\left__GRIP_2026-08-27_12-43-09__e000230.jpg,left,top_background,left,1.0,2.834117750990037e-19,True
D:\GRIP_Dataset\New_model\Chirality_Crops\aug27_final_v2_bbox\val\left\12-43-09\images\left\left__GRIP_2026-08-27_12-43-09__e000230.jpg,left,bottom_background,left,1.0,3.009672618837639e-19,True
D:\GRIP_Dataset\New_model\Chirality_Crops\aug27_final_v2_bbox\val\left\12-43-09\images\left\left__GRIP_2026-08-27_12-43-09__e000232.jpg,left,original,left,0.9999934434890747,6.535044121847022e-06,True
D:\GRIP_Dataset\New_model\Chirality_Crops\aug27_final_v2_bbox\val\left\12-43-09\images\left\left__GRIP_2026-08-27_12-43-09__e000232.jpg,left,finger_side,left,0.9932760000228882,0.006723992060869932,True
D:\GRIP_Dataset\New_model\Chirality_Crops\aug27_final_v2_bbox\val\left\12-43-09\images\left\left__GRIP_2026-08-27_12-43-09__e000232.jpg,left,cuff_side,left,0.9926388263702393,0.00736115500330925,True
D:\GRIP_Dataset\New_model\Chirality_Crops\aug27_final_v2_bbox\val\left\12-43-09\images\left\left__GRIP_2026-08-27_12-43-09__e000232.jpg,left,centre,left,0.9999946355819702,5.32752574144979e-06,True
D:\GRIP_Dataset\New_model\Chirality_Crops\aug27_final_v2_bbox\val\left\12-43-09\images\left\left__GRIP_2026-08-27_12-43-09__e000232.jpg,left,top_background,left,0.9999934434890747,6.535044121847022e-06,True
D:\GRIP_Dataset\New_model\Chirality_Crops\aug27_final_v2_bbox\val\left\12-43-09\images\left\left__GRIP_2026-08-27_12-43-09__e000232.jpg,left,bottom_background,left,0.9999934434890747,6.535044121847022e-06,True
D:\GRIP_Dataset\New_model\Chirality_Crops\aug27_final_v2_bbox\val\left\12-43-09\images\left\left__GRIP_2026-08-27_12-43-09__e000233.jpg,left,original,left,1.0,9.564900087244421e-12,True
D:\GRIP_Dataset\New_model\Chirality_Crops\aug27_final_v2_bbox\val\left\12-43-09\images\left\left__GRIP_2026-08-27_12-43-09__e000233.jpg,left,finger_side,left,0.9999909400939941,9.103157026402187e-06,True
D:\GRIP_Dataset\New_model\Chirality_Crops\aug27_final_v2_bbox\val\left\12-43-09\images\left\left__GRIP_2026-08-27_12-43-09__e000233.jpg,left,cuff_side,left,1.0,1.7700796384190198e-10,True
D:\GRIP_Dataset\New_model\Chirality_Crops\aug27_final_v2_bbox\val\left\12-43-09\images\left\left__GRIP_2026-08-27_12-43-09__e000233.jpg,left,centre,left,0.9999994039535522,5.559642772823281e-07,True
D:\GRIP_Dataset\New_model\Chirality_Crops\aug27_final_v2_bbox\val\left\12-43-09\images\left\left__GRIP_2026-08-27_12-43-09__e000233.jpg,left,top_background,left,1.0,1.1338836987395684e-11,True
D:\GRIP_Dataset\New_model\Chirality_Crops\aug27_final_v2_bbox\val\left\12-43-09\images\left\left__GRIP_2026-08-27_12-43-09__e000233.jpg,left,bottom_background,left,1.0,9.350014686104746e-12,True
D:\GRIP_Dataset\New_model\Chirality_Crops\aug27_final_v2_bbox\val\left\12-43-09\images\left\left__GRIP_2026-08-27_12-43-09__e000234.jpg,left,original,left,1.0,2.5748894336152794e-11,True
D:\GRIP_Dataset\New_model\Chirality_Crops\aug27_final_v2_bbox\val\left\12-43-09\images\left\left__GRIP_2026-08-27_12-43-09__e000234.jpg,left,finger_side,left,0.9999992847442627,7.044956760182686e-07,True
D:\GRIP_Dataset\New_model\Chirality_Crops\aug27_final_v2_bbox\val\left\12-43-09\images\left\left__GRIP_2026-08-27_12-43-09__e000234.jpg,left,cuff_side,left,1.0,6.342252056867892e-09,True
D:\GRIP_Dataset\New_model\Chirality_Crops\aug27_final_v2_bbox\val\left\12-43-09\images\left\left__GRIP_2026-08-27_12-43-09__e000234.jpg,left,centre,left,0.9999991655349731,8.232108257288928e-07,True
D:\GRIP_Dataset\New_model\Chirality_Crops\aug27_final_v2_bbox\val\left\12-43-09\images\left\left__GRIP_2026-08-27_12-43-09__e000234.jpg,left,top_background,left,1.0,2.8281786634831718e-11,True
D:\GRIP_Dataset\New_model\Chirality_Crops\aug27_final_v2_bbox\val\left\12-43-09\images\left\left__GRIP_2026-08-27_12-43-09__e000234.jpg,left,bottom_background,left,1.0,2.0180570756145322e-11,True
D:\GRIP_Dataset\New_model\Chirality_Crops\aug27_final_v2_bbox\val\left\12-43-09\images\left\left__GRIP_2026-08-27_12-43-09__e000236.jpg,left,original,left,1.0,2.1654071591381552e-10,True
D:\GRIP_Dataset\New_model\Chirality_Crops\aug27_final_v2_bbox\val\left\12-43-09\images\left\left__GRIP_2026-08-27_12-43-09__e000236.jpg,left,finger_side,left,0.9998749494552612,0.00012505409540608525,True
D:\GRIP_Dataset\New_model\Chirality_Crops\aug27_final_v2_bbox\val\left\12-43-09\images\left\left__GRIP_2026-08-27_12-43-09__e000236.jpg,left,cuff_side,left,1.0,1.454780207410522e-08,True
D:\GRIP_Dataset\New_model\Chirality_Crops\aug27_final_v2_bbox\val\left\12-43-09\images\left\left__GRIP_2026-08-27_12-43-09__e000236.jpg,left,centre,left,0.9999997615814209,2.2892432127719076e-07,True
D:\GRIP_Dataset\New_model\Chirality_Crops\aug27_final_v2_bbox\val\left\12-43-09\images\left\left__GRIP_2026-08-27_12-43-09__e000236.jpg,left,top_background,left,1.0,2.1654071591381552e-10,True
D:\GRIP_Dataset\New_model\Chirality_Crops\aug27_final_v2_bbox\val\left\12-43-09\images\left\left__GRIP_2026-08-27_12-43-09__e000236.jpg,left,bottom_background,left,1.0,2.1654071591381552e-10,True
D:\GRIP_Dataset\New_model\Chirality_Crops\aug27_final_v2_bbox\val\left\12-43-09\images\left\left__GRIP_2026-08-27_12-43-09__e000237.jpg,left,original,left,0.991565465927124,0.008434537798166275,True
D:\GRIP_Dataset\New_model\Chirality_Crops\aug27_final_v2_bbox\val\left\12-43-09\images\left\left__GRIP_2026-08-27_12-43-09__e000237.jpg,left,finger_side,left,0.9999414682388306,5.849618901265785e-05,True
D:\GRIP_Dataset\New_model\Chirality_Crops\aug27_final_v2_bbox\val\left\12-43-09\images\left\left__GRIP_2026-08-27_12-43-09__e000237.jpg,left,cuff_side,right,0.08187229931354523,0.918127715587616,False
D:\GRIP_Dataset\New_model\Chirality_Crops\aug27_final_v2_bbox\val\left\12-43-09\images\left\left__GRIP_2026-08-27_12-43-09__e000237.jpg,left,centre,right,0.21313852071762085,0.7868615388870239,False
D:\GRIP_Dataset\New_model\Chirality_Crops\aug27_final_v2_bbox\val\left\12-43-09\images\left\left__GRIP_2026-08-27_12-43-09__e000237.jpg,left,top_background,left,0.9920880198478699,0.007911953143775463,True
D:\GRIP_Dataset\New_model\Chirality_Crops\aug27_final_v2_bbox\val\left\12-43-09\images\left\left__GRIP_2026-08-27_12-43-09__e000237.jpg,left,bottom_background,left,0.9982196688652039,0.001780333579517901,True
D:\GRIP_Dataset\New_model\Chirality_Crops\aug27_final_v2_bbox\val\left\12-43-09\images\left\left__GRIP_2026-08-27_12-43-09__e000238.jpg,left,original,left,1.0,1.9801570105837385e-11,True
D:\GRIP_Dataset\New_model\Chirality_Crops\aug27_final_v2_bbox\val\left\12-43-09\images\left\left__GRIP_2026-08-27_12-43-09__e000238.jpg,left,finger_side,left,1.0,4.945016396362689e-09,True
D:\GRIP_Dataset\New_model\Chirality_Crops\aug27_final_v2_bbox\val\left\12-43-09\images\left\left__GRIP_2026-08-27_12-43-09__e000238.jpg,left,cuff_side,left,0.9999998807907104,1.4965567629587895e-07,True
D:\GRIP_Dataset\New_model\Chirality_Crops\aug27_final_v2_bbox\val\left\12-43-09\images\left\left__GRIP_2026-08-27_12-43-09__e000238.jpg,left,centre,left,0.9999938011169434,6.200512416398851e-06,True
D:\GRIP_Dataset\New_model\Chirality_Crops\aug27_final_v2_bbox\val\left\12-43-09\images\left\left__GRIP_2026-08-27_12-43-09__e000238.jpg,left,top_background,left,1.0,3.026320860577414e-11,True
D:\GRIP_Dataset\New_model\Chirality_Crops\aug27_final_v2_bbox\val\left\12-43-09\images\left\left__GRIP_2026-08-27_12-43-09__e000238.jpg,left,bottom_background,left,1.0,1.956378462009134e-11,True
D:\GRIP_Dataset\New_model\Chirality_Crops\aug27_final_v2_bbox\val\left\12-43-09\images\left\left__GRIP_2026-08-27_12-43-09__e000239.jpg,left,original,left,1.0,3.283015459487615e-08,True
D:\GRIP_Dataset\New_model\Chirality_Crops\aug27_final_v2_bbox\val\left\12-43-09\images\left\left__GRIP_2026-08-27_12-43-09__e000239.jpg,left,finger_side,left,0.8221026659011841,0.17789733409881592,True
D:\GRIP_Dataset\New_model\Chirality_Crops\aug27_final_v2_bbox\val\left\12-43-09\images\left\left__GRIP_2026-08-27_12-43-09__e000239.jpg,left,cuff_side,left,1.0,2.707311885785657e-08,True
D:\GRIP_Dataset\New_model\Chirality_Crops\aug27_final_v2_bbox\val\left\12-43-09\images\left\left__GRIP_2026-08-27_12-43-09__e000239.jpg,left,centre,left,0.9999780654907227,2.1992385882185772e-05,True
D:\GRIP_Dataset\New_model\Chirality_Crops\aug27_final_v2_bbox\val\left\12-43-09\images\left\left__GRIP_2026-08-27_12-43-09__e000239.jpg,left,top_background,left,1.0,3.238071855093949e-08,True
D:\GRIP_Dataset\New_model\Chirality_Crops\aug27_final_v2_bbox\val\left\12-43-09\images\left\left__GRIP_2026-08-27_12-43-09__e000239.jpg,left,bottom_background,left,1.0,3.440407070343099e-08,True
D:\GRIP_Dataset\New_model\Chirality_Crops\aug27_final_v2_bbox\val\left\12-43-09\images\left\left__GRIP_2026-08-27_12-43-09__e000240.jpg,left,original,left,1.0,1.9190922462275495e-10,True
D:\GRIP_Dataset\New_model\Chirality_Crops\aug27_final_v2_bbox\val\left\12-43-09\images\left\left__GRIP_2026-08-27_12-43-09__e000240.jpg,left,finger_side,left,0.9999927282333374,7.305765393539332e-06,True
D:\GRIP_Dataset\New_model\Chirality_Crops\aug27_final_v2_bbox\val\left\12-43-09\images\left\left__GRIP_2026-08-27_12-43-09__e000240.jpg,left,cuff_side,left,0.9999998807907104,1.2870096099959483e-07,True
D:\GRIP_Dataset\New_model\Chirality_Crops\aug27_final_v2_bbox\val\left\12-43-09\images\left\left__GRIP_2026-08-27_12-43-09__e000240.jpg,left,centre,left,0.998251736164093,0.001748221693560481,True
D:\GRIP_Dataset\New_model\Chirality_Crops\aug27_final_v2_bbox\val\left\12-43-09\images\left\left__GRIP_2026-08-27_12-43-09__e000240.jpg,left,top_background,left,1.0,6.381016826040309e-10,True
D:\GRIP_Dataset\New_model\Chirality_Crops\aug27_final_v2_bbox\val\left\12-43-09\images\left\left__GRIP_2026-08-27_12-43-09__e000240.jpg,left,bottom_background,left,1.0,1.723523580798858e-11,True
D:\GRIP_Dataset\New_model\Chirality_Crops\aug27_final_v2_bbox\val\left\12-43-09\images\left\left__GRIP_2026-08-27_12-43-09__e000241.jpg,left,original,left,0.9999985694885254,1.3745443538937252e-06,True
D:\GRIP_Dataset\New_model\Chirality_Crops\aug27_final_v2_bbox\val\left\12-43-09\images\left\left__GRIP_2026-08-27_12-43-09__e000241.jpg,left,finger_side,left,0.999970555305481,2.9387108952505514e-05,True
D:\GRIP_Dataset\New_model\Chirality_Crops\aug27_final_v2_bbox\val\left\12-43-09\images\left\left__GRIP_2026-08-27_12-43-09__e000241.jpg,left,cuff_side,left,0.9975128173828125,0.0024871649220585823,True
D:\GRIP_Dataset\New_model\Chirality_Crops\aug27_final_v2_bbox\val\left\12-43-09\images\left\left__GRIP_2026-08-27_12-43-09__e000241.jpg,left,centre,left,0.9989055395126343,0.0010944177629426122,True
D:\GRIP_Dataset\New_model\Chirality_Crops\aug27_final_v2_bbox\val\left\12-43-09\images\left\left__GRIP_2026-08-27_12-43-09__e000241.jpg,left,top_background,left,0.9999985694885254,1.3745443538937252e-06,True
D:\GRIP_Dataset\New_model\Chirality_Crops\aug27_final_v2_bbox\val\left\12-43-09\images\left\left__GRIP_2026-08-27_12-43-09__e000241.jpg,left,bottom_background,left,0.9999985694885254,1.3745443538937252e-06,True
D:\GRIP_Dataset\New_model\Chirality_Crops\aug27_final_v2_bbox\val\left\12-43-09\images\left\left__GRIP_2026-08-27_12-43-09__e000242.jpg,left,original,left,0.9999855756759644,1.4412972632271703e-05,True
D:\GRIP_Dataset\New_model\Chirality_Crops\aug27_final_v2_bbox\val\left\12-43-09\images\left\left__GRIP_2026-08-27_12-43-09__e000242.jpg,left,finger_side,left,0.9972435235977173,0.002756452886387706,True
D:\GRIP_Dataset\New_model\Chirality_Crops\aug27_final_v2_bbox\val\left\12-43-09\images\left\left__GRIP_2026-08-27_12-43-09__e000242.jpg,left,cuff_side,left,0.9999839067459106,1.6097739717224613e-05,True
D:\GRIP_Dataset\New_model\Chirality_Crops\aug27_final_v2_bbox\val\left\12-43-09\images\left\left__GRIP_2026-08-27_12-43-09__e000242.jpg,left,centre,left,0.9987132549285889,0.0012867870973423123,True
D:\GRIP_Dataset\New_model\Chirality_Crops\aug27_final_v2_bbox\val\left\12-43-09\images\left\left__GRIP_2026-08-27_12-43-09__e000242.jpg,left,top_background,left,0.9999855756759644,1.4412972632271703e-05,True
D:\GRIP_Dataset\New_model\Chirality_Crops\aug27_final_v2_bbox\val\left\12-43-09\images\left\left__GRIP_2026-08-27_12-43-09__e000242.jpg,left,bottom_background,left,0.9999855756759644,1.4412972632271703e-05,True
D:\GRIP_Dataset\New_model\Chirality_Crops\aug27_final_v2_bbox\val\left\12-43-09\images\left\left__GRIP_2026-08-27_12-43-09__e000243.jpg,left,original,left,0.9307554960250854,0.06924449652433395,True
D:\GRIP_Dataset\New_model\Chirality_Crops\aug27_final_v2_bbox\val\left\12-43-09\images\left\left__GRIP_2026-08-27_12-43-09__e000243.jpg,left,finger_side,left,0.9460403323173523,0.05395961552858353,True
D:\GRIP_Dataset\New_model\Chirality_Crops\aug27_final_v2_bbox\val\left\12-43-09\images\left\left__GRIP_2026-08-27_12-43-09__e000243.jpg,left,cuff_side,left,0.7984517812728882,0.20154820382595062,True
D:\GRIP_Dataset\New_model\Chirality_Crops\aug27_final_v2_bbox\val\left\12-43-09\images\left\left__GRIP_2026-08-27_12-43-09__e000243.jpg,left,centre,left,0.9839861392974854,0.01601387932896614,True
D:\GRIP_Dataset\New_model\Chirality_Crops\aug27_final_v2_bbox\val\left\12-43-09\images\left\left__GRIP_2026-08-27_12-43-09__e000243.jpg,left,top_background,left,0.9307554960250854,0.06924449652433395,True
D:\GRIP_Dataset\New_model\Chirality_Crops\aug27_final_v2_bbox\val\left\12-43-09\images\left\left__GRIP_2026-08-27_12-43-09__e000243.jpg,left,bottom_background,left,0.9307554960250854,0.06924449652433395,True
D:\GRIP_Dataset\New_model\Chirality_Crops\aug27_final_v2_bbox\val\left\12-43-09\images\left\left__GRIP_2026-08-27_12-43-09__e000244.jpg,left,original,left,1.0,1.6115766707236467e-11,True
D:\GRIP_Dataset\New_model\Chirality_Crops\aug27_final_v2_bbox\val\left\12-43-09\images\left\left__GRIP_2026-08-27_12-43-09__e000244.jpg,left,finger_side,left,0.9999998807907104,6.230686011576836e-08,True
D:\GRIP_Dataset\New_model\Chirality_Crops\aug27_final_v2_bbox\val\left\12-43-09\images\left\left__GRIP_2026-08-27_12-43-09__e000244.jpg,left,cuff_side,left,1.0,2.473389049129082e-09,True
D:\GRIP_Dataset\New_model\Chirality_Crops\aug27_final_v2_bbox\val\left\12-43-09\images\left\left__GRIP_2026-08-27_12-43-09__e000244.jpg,left,centre,left,0.9998569488525391,0.00014308142999652773,True
D:\GRIP_Dataset\New_model\Chirality_Crops\aug27_final_v2_bbox\val\left\12-43-09\images\left\left__GRIP_2026-08-27_12-43-09__e000244.jpg,left,top_background,left,1.0,1.6115766707236467e-11,True
D:\GRIP_Dataset\New_model\Chirality_Crops\aug27_final_v2_bbox\val\left\12-43-09\images\left\left__GRIP_2026-08-27_12-43-09__e000244.jpg,left,bottom_background,left,1.0,1.6115766707236467e-11,True
D:\GRIP_Dataset\New_model\Chirality_Crops\aug27_final_v2_bbox\val\left\12-43-09\images\left\left__GRIP_2026-08-27_12-43-09__e000245.jpg,left,original,left,1.0,4.976341561047093e-10,True
D:\GRIP_Dataset\New_model\Chirality_Crops\aug27_final_v2_bbox\val\left\12-43-09\images\left\left__GRIP_2026-08-27_12-43-09__e000245.jpg,left,finger_side,left,0.9999998807907104,7.916387545492398e-08,True
D:\GRIP_Dataset\New_model\Chirality_Crops\aug27_final_v2_bbox\val\left\12-43-09\images\left\left__GRIP_2026-08-27_12-43-09__e000245.jpg,left,cuff_side,left,0.9999996423721313,3.6344698628454353e-07,True
D:\GRIP_Dataset\New_model\Chirality_Crops\aug27_final_v2_bbox\val\left\12-43-09\images\left\left__GRIP_2026-08-27_12-43-09__e000245.jpg,left,centre,left,0.9965761303901672,0.003423898248001933,True
D:\GRIP_Dataset\New_model\Chirality_Crops\aug27_final_v2_bbox\val\left\12-43-09\images\left\left__GRIP_2026-08-27_12-43-09__e000245.jpg,left,top_background,left,1.0,3.531360481812129e-10,True
D:\GRIP_Dataset\New_model\Chirality_Crops\aug27_final_v2_bbox\val\left\12-43-09\images\left\left__GRIP_2026-08-27_12-43-09__e000245.jpg,left,bottom_background,left,1.0,5.524564139491872e-10,True
D:\GRIP_Dataset\New_model\Chirality_Crops\aug27_final_v2_bbox\val\left\12-43-09\images\left\left__GRIP_2026-08-27_12-43-09__e000247.jpg,left,original,left,1.0,4.256786329676077e-12,True
D:\GRIP_Dataset\New_model\Chirality_Crops\aug27_final_v2_bbox\val\left\12-43-09\images\left\left__GRIP_2026-08-27_12-43-09__e000247.jpg,left,finger_side,left,1.0,6.8069696546047e-09,True
D:\GRIP_Dataset\New_model\Chirality_Crops\aug27_final_v2_bbox\val\left\12-43-09\images\left\left__GRIP_2026-08-27_12-43-09__e000247.jpg,left,cuff_side,left,1.0,3.135688331212805e-08,True
D:\GRIP_Dataset\New_model\Chirality_Crops\aug27_final_v2_bbox\val\left\12-43-09\images\left\left__GRIP_2026-08-27_12-43-09__e000247.jpg,left,centre,left,0.9999998807907104,1.0760528112996326e-07,True
D:\GRIP_Dataset\New_model\Chirality_Crops\aug27_final_v2_bbox\val\left\12-43-09\images\left\left__GRIP_2026-08-27_12-43-09__e000247.jpg,left,top_background,left,1.0,4.256786329676077e-12,True
D:\GRIP_Dataset\New_model\Chirality_Crops\aug27_final_v2_bbox\val\left\12-43-09\images\left\left__GRIP_2026-08-27_12-43-09__e000247.jpg,left,bottom_background,left,1.0,4.256786329676077e-12,True
D:\GRIP_Dataset\New_model\Chirality_Crops\aug27_final_v2_bbox\val\left\12-43-09\images\left\left__GRIP_2026-08-27_12-43-09__e000248.jpg,left,original,left,1.0,1.2990916783468419e-15,True
D:\GRIP_Dataset\New_model\Chirality_Crops\aug27_final_v2_bbox\val\left\12-43-09\images\left\left__GRIP_2026-08-27_12-43-09__e000248.jpg,left,finger_side,left,1.0,1.6984698092414874e-08,True
D:\GRIP_Dataset\New_model\Chirality_Crops\aug27_final_v2_bbox\val\left\12-43-09\images\left\left__GRIP_2026-08-27_12-43-09__e000248.jpg,left,cuff_side,left,1.0,1.0408859191235464e-10,True
D:\GRIP_Dataset\New_model\Chirality_Crops\aug27_final_v2_bbox\val\left\12-43-09\images\left\left__GRIP_2026-08-27_12-43-09__e000248.jpg,left,centre,left,1.0,1.5793272939435e-11,True
D:\GRIP_Dataset\New_model\Chirality_Crops\aug27_final_v2_bbox\val\left\12-43-09\images\left\left__GRIP_2026-08-27_12-43-09__e000248.jpg,left,top_background,left,1.0,1.2990916783468419e-15,True
D:\GRIP_Dataset\New_model\Chirality_Crops\aug27_final_v2_bbox\val\left\12-43-09\images\left\left__GRIP_2026-08-27_12-43-09__e000248.jpg,left,bottom_background,left,1.0,1.2990916783468419e-15,True
D:\GRIP_Dataset\New_model\Chirality_Crops\aug27_final_v2_bbox\val\left\12-43-09\images\left\left__GRIP_2026-08-27_12-43-09__e000249.jpg,left,original,left,1.0,1.0804666724848182e-14,True
D:\GRIP_Dataset\New_model\Chirality_Crops\aug27_final_v2_bbox\val\left\12-43-09\images\left\left__GRIP_2026-08-27_12-43-09__e000249.jpg,left,finger_side,left,0.999988317489624,1.1636625458777416e-05,True
D:\GRIP_Dataset\New_model\Chirality_Crops\aug27_final_v2_bbox\val\left\12-43-09\images\left\left__GRIP_2026-08-27_12-43-09__e000249.jpg,left,cuff_side,left,1.0,2.3718210013200236e-13,True
D:\GRIP_Dataset\New_model\Chirality_Crops\aug27_final_v2_bbox\val\left\12-43-09\images\left\left__GRIP_2026-08-27_12-43-09__e000249.jpg,left,centre,left,0.999997615814209,2.364977945035207e-06,True
D:\GRIP_Dataset\New_model\Chirality_Crops\aug27_final_v2_bbox\val\left\12-43-09\images\left\left__GRIP_2026-08-27_12-43-09__e000249.jpg,left,top_background,left,1.0,8.328459077174433e-15,True
D:\GRIP_Dataset\New_model\Chirality_Crops\aug27_final_v2_bbox\val\left\12-43-09\images\left\left__GRIP_2026-08-27_12-43-09__e000249.jpg,left,bottom_background,left,1.0,2.8627661679880628e-15,True
D:\GRIP_Dataset\New_model\Chirality_Crops\aug27_final_v2_bbox\val\left\12-43-09\images\left\left__GRIP_2026-08-27_12-43-09__e000250.jpg,left,original,left,1.0,2.8229036539957966e-14,True
D:\GRIP_Dataset\New_model\Chirality_Crops\aug27_final_v2_bbox\val\left\12-43-09\images\left\left__GRIP_2026-08-27_12-43-09__e000250.jpg,left,finger_side,left,1.0,2.7159683391175804e-09,True
D:\GRIP_Dataset\New_model\Chirality_Crops\aug27_final_v2_bbox\val\left\12-43-09\images\left\left__GRIP_2026-08-27_12-43-09__e000250.jpg,left,cuff_side,left,1.0,1.3700003353989132e-09,True
D:\GRIP_Dataset\New_model\Chirality_Crops\aug27_final_v2_bbox\val\left\12-43-09\images\left\left__GRIP_2026-08-27_12-43-09__e000250.jpg,left,centre,left,0.9998981952667236,0.00010176550131291151,True
D:\GRIP_Dataset\New_model\Chirality_Crops\aug27_final_v2_bbox\val\left\12-43-09\images\left\left__GRIP_2026-08-27_12-43-09__e000250.jpg,left,top_background,left,1.0,1.7345093460477412e-14,True
D:\GRIP_Dataset\New_model\Chirality_Crops\aug27_final_v2_bbox\val\left\12-43-09\images\left\left__GRIP_2026-08-27_12-43-09__e000250.jpg,left,bottom_background,left,1.0,2.953100749505076e-14,True
D:\GRIP_Dataset\New_model\Chirality_Crops\aug27_final_v2_bbox\val\left\12-43-09\images\left\left__GRIP_2026-08-27_12-43-09__e000253.jpg,left,original,left,1.0,3.2045717533561724e-13,True
D:\GRIP_Dataset\New_model\Chirality_Crops\aug27_final_v2_bbox\val\left\12-43-09\images\left\left__GRIP_2026-08-27_12-43-09__e000253.jpg,left,finger_side,left,0.9999996423721313,4.082243094671867e-07,True
D:\GRIP_Dataset\New_model\Chirality_Crops\aug27_final_v2_bbox\val\left\12-43-09\images\left\left__GRIP_2026-08-27_12-43-09__e000253.jpg,left,cuff_side,left,1.0,1.7945489538817583e-10,True
D:\GRIP_Dataset\New_model\Chirality_Crops\aug27_final_v2_bbox\val\left\12-43-09\images\left\left__GRIP_2026-08-27_12-43-09__e000253.jpg,left,centre,left,0.9999990463256836,9.174702881864505e-07,True
D:\GRIP_Dataset\New_model\Chirality_Crops\aug27_final_v2_bbox\val\left\12-43-09\images\left\left__GRIP_2026-08-27_12-43-09__e000253.jpg,left,top_background,left,1.0,3.2045717533561724e-13,True
D:\GRIP_Dataset\New_model\Chirality_Crops\aug27_final_v2_bbox\val\left\12-43-09\images\left\left__GRIP_2026-08-27_12-43-09__e000253.jpg,left,bottom_background,left,1.0,3.2045717533561724e-13,True
D:\GRIP_Dataset\New_model\Chirality_Crops\aug27_final_v2_bbox\val\left\12-43-09\images\left\left__GRIP_2026-08-27_12-43-09__e000254.jpg,left,original,left,1.0,1.094221602215839e-09,True
D:\GRIP_Dataset\New_model\Chirality_Crops\aug27_final_v2_bbox\val\left\12-43-09\images\left\left__GRIP_2026-08-27_12-43-09__e000254.jpg,left,finger_side,left,1.0,9.095081909826774e-10,True
D:\GRIP_Dataset\New_model\Chirality_Crops\aug27_final_v2_bbox\val\left\12-43-09\images\left\left__GRIP_2026-08-27_12-43-09__e000254.jpg,left,cuff_side,left,0.9999709129333496,2.910602961492259e-05,True
D:\GRIP_Dataset\New_model\Chirality_Crops\aug27_final_v2_bbox\val\left\12-43-09\images\left\left__GRIP_2026-08-27_12-43-09__e000254.jpg,left,centre,left,0.9999980926513672,1.9387443899177015e-06,True
D:\GRIP_Dataset\New_model\Chirality_Crops\aug27_final_v2_bbox\val\left\12-43-09\images\left\left__GRIP_2026-08-27_12-43-09__e000254.jpg,left,top_background,left,1.0,1.7579613320606313e-09,True
D:\GRIP_Dataset\New_model\Chirality_Crops\aug27_final_v2_bbox\val\left\12-43-09\images\left\left__GRIP_2026-08-27_12-43-09__e000254.jpg,left,bottom_background,left,1.0,1.1026963786520128e-09,True
D:\GRIP_Dataset\New_model\Chirality_Crops\aug27_final_v2_bbox\val\left\12-43-09\images\left\left__GRIP_2026-08-27_12-43-09__e000256.jpg,left,original,left,0.9999135732650757,8.64023677422665e-05,True
D:\GRIP_Dataset\New_model\Chirality_Crops\aug27_final_v2_bbox\val\left\12-43-09\images\left\left__GRIP_2026-08-27_12-43-09__e000256.jpg,left,finger_side,right,0.4640815258026123,0.5359184741973877,False
D:\GRIP_Dataset\New_model\Chirality_Crops\aug27_final_v2_bbox\val\left\12-43-09\images\left\left__GRIP_2026-08-27_12-43-09__e000256.jpg,left,cuff_side,left,0.9999150037765503,8.493194764014333e-05,True
D:\GRIP_Dataset\New_model\Chirality_Crops\aug27_final_v2_bbox\val\left\12-43-09\images\left\left__GRIP_2026-08-27_12-43-09__e000256.jpg,left,centre,left,0.9999487400054932,5.128009070176631e-05,True
D:\GRIP_Dataset\New_model\Chirality_Crops\aug27_final_v2_bbox\val\left\12-43-09\images\left\left__GRIP_2026-08-27_12-43-09__e000256.jpg,left,top_background,left,0.9999135732650757,8.64023677422665e-05,True
D:\GRIP_Dataset\New_model\Chirality_Crops\aug27_final_v2_bbox\val\left\12-43-09\images\left\left__GRIP_2026-08-27_12-43-09__e000256.jpg,left,bottom_background,left,0.9999135732650757,8.64023677422665e-05,True
D:\GRIP_Dataset\New_model\Chirality_Crops\aug27_final_v2_bbox\val\left\12-43-09\images\left\left__GRIP_2026-08-27_12-43-09__e000257.jpg,left,original,left,0.9999271631240845,7.277947588590905e-05,True
D:\GRIP_Dataset\New_model\Chirality_Crops\aug27_final_v2_bbox\val\left\12-43-09\images\left\left__GRIP_2026-08-27_12-43-09__e000257.jpg,left,finger_side,left,0.9996193647384644,0.00038058304926380515,True
D:\GRIP_Dataset\New_model\Chirality_Crops\aug27_final_v2_bbox\val\left\12-43-09\images\left\left__GRIP_2026-08-27_12-43-09__e000257.jpg,left,cuff_side,left,0.9909842014312744,0.009015732444822788,True
D:\GRIP_Dataset\New_model\Chirality_Crops\aug27_final_v2_bbox\val\left\12-43-09\images\left\left__GRIP_2026-08-27_12-43-09__e000257.jpg,left,centre,left,0.9976149797439575,0.0023850402794778347,True
D:\GRIP_Dataset\New_model\Chirality_Crops\aug27_final_v2_bbox\val\left\12-43-09\images\left\left__GRIP_2026-08-27_12-43-09__e000257.jpg,left,top_background,left,0.9999271631240845,7.277947588590905e-05,True
D:\GRIP_Dataset\New_model\Chirality_Crops\aug27_final_v2_bbox\val\left\12-43-09\images\left\left__GRIP_2026-08-27_12-43-09__e000257.jpg,left,bottom_background,left,0.9999271631240845,7.277947588590905e-05,True
D:\GRIP_Dataset\New_model\Chirality_Crops\aug27_final_v2_bbox\val\left\12-43-09\images\left\left__GRIP_2026-08-27_12-43-09__e000258.jpg,left,original,left,0.9999877214431763,1.2236170732649043e-05,True
D:\GRIP_Dataset\New_model\Chirality_Crops\aug27_final_v2_bbox\val\left\12-43-09\images\left\left__GRIP_2026-08-27_12-43-09__e000258.jpg,left,finger_side,left,0.9999943971633911,5.63469893677393e-06,True
D:\GRIP_Dataset\New_model\Chirality_Crops\aug27_final_v2_bbox\val\left\12-43-09\images\left\left__GRIP_2026-08-27_12-43-09__e000258.jpg,left,cuff_side,left,0.9973668456077576,0.002633175114169717,True
D:\GRIP_Dataset\New_model\Chirality_Crops\aug27_final_v2_bbox\val\left\12-43-09\images\left\left__GRIP_2026-08-27_12-43-09__e000258.jpg,left,centre,right,0.2977138161659241,0.7022862434387207,False
D:\GRIP_Dataset\New_model\Chirality_Crops\aug27_final_v2_bbox\val\left\12-43-09\images\left\left__GRIP_2026-08-27_12-43-09__e000258.jpg,left,top_background,left,0.9999809265136719,1.9034761862712912e-05,True
D:\GRIP_Dataset\New_model\Chirality_Crops\aug27_final_v2_bbox\val\left\12-43-09\images\left\left__GRIP_2026-08-27_12-43-09__e000258.jpg,left,bottom_background,left,0.9999990463256836,9.71998019849707e-07,True
D:\GRIP_Dataset\New_model\Chirality_Crops\aug27_final_v2_bbox\val\left\12-43-09\images\left\left__GRIP_2026-08-27_12-43-09__e000260.jpg,left,original,left,0.9999996423721313,3.2855592735359096e-07,True
D:\GRIP_Dataset\New_model\Chirality_Crops\aug27_final_v2_bbox\val\left\12-43-09\images\left\left__GRIP_2026-08-27_12-43-09__e000260.jpg,left,finger_side,left,0.9743271470069885,0.0256727933883667,True
D:\GRIP_Dataset\New_model\Chirality_Crops\aug27_final_v2_bbox\val\left\12-43-09\images\left\left__GRIP_2026-08-27_12-43-09__e000260.jpg,left,cuff_side,left,0.9999992847442627,6.702986183881876e-07,True
D:\GRIP_Dataset\New_model\Chirality_Crops\aug27_final_v2_bbox\val\left\12-43-09\images\left\left__GRIP_2026-08-27_12-43-09__e000260.jpg,left,centre,left,0.9996813535690308,0.00031863743788562715,True
D:\GRIP_Dataset\New_model\Chirality_Crops\aug27_final_v2_bbox\val\left\12-43-09\images\left\left__GRIP_2026-08-27_12-43-09__e000260.jpg,left,top_background,left,0.9999996423721313,3.2855592735359096e-07,True
D:\GRIP_Dataset\New_model\Chirality_Crops\aug27_final_v2_bbox\val\left\12-43-09\images\left\left__GRIP_2026-08-27_12-43-09__e000260.jpg,left,bottom_background,left,0.9999996423721313,3.2855592735359096e-07,True
D:\GRIP_Dataset\New_model\Chirality_Crops\aug27_final_v2_bbox\val\left\12-43-09\images\left\left__GRIP_2026-08-27_12-43-09__e000262.jpg,left,original,left,0.9999867677688599,1.3235994629212655e-05,True
D:\GRIP_Dataset\New_model\Chirality_Crops\aug27_final_v2_bbox\val\left\12-43-09\images\left\left__GRIP_2026-08-27_12-43-09__e000262.jpg,left,finger_side,left,0.9968074560165405,0.0031925393268465996,True
D:\GRIP_Dataset\New_model\Chirality_Crops\aug27_final_v2_bbox\val\left\12-43-09\images\left\left__GRIP_2026-08-27_12-43-09__e000262.jpg,left,cuff_side,left,0.9999234676361084,7.658288814127445e-05,True
D:\GRIP_Dataset\New_model\Chirality_Crops\aug27_final_v2_bbox\val\left\12-43-09\images\left\left__GRIP_2026-08-27_12-43-09__e000262.jpg,left,centre,left,0.6657544374465942,0.3342455327510834,True
D:\GRIP_Dataset\New_model\Chirality_Crops\aug27_final_v2_bbox\val\left\12-43-09\images\left\left__GRIP_2026-08-27_12-43-09__e000262.jpg,left,top_background,left,0.9999872446060181,1.2780001270584762e-05,True
D:\GRIP_Dataset\New_model\Chirality_Crops\aug27_final_v2_bbox\val\left\12-43-09\images\left\left__GRIP_2026-08-27_12-43-09__e000262.jpg,left,bottom_background,left,0.9999856948852539,1.4276718502514996e-05,True
D:\GRIP_Dataset\New_model\Chirality_Crops\aug27_final_v2_bbox\val\left\12-43-09\images\left\left__GRIP_2026-08-27_12-43-09__e000263.jpg,left,original,left,0.993401825428009,0.006598114036023617,True
D:\GRIP_Dataset\New_model\Chirality_Crops\aug27_final_v2_bbox\val\left\12-43-09\images\left\left__GRIP_2026-08-27_12-43-09__e000263.jpg,left,finger_side,left,0.9954745173454285,0.004525524564087391,True
D:\GRIP_Dataset\New_model\Chirality_Crops\aug27_final_v2_bbox\val\left\12-43-09\images\left\left__GRIP_2026-08-27_12-43-09__e000263.jpg,left,cuff_side,left,0.9865531325340271,0.01344683300703764,True
D:\GRIP_Dataset\New_model\Chirality_Crops\aug27_final_v2_bbox\val\left\12-43-09\images\left\left__GRIP_2026-08-27_12-43-09__e000263.jpg,left,centre,left,0.9976656436920166,0.0023344040382653475,True
D:\GRIP_Dataset\New_model\Chirality_Crops\aug27_final_v2_bbox\val\left\12-43-09\images\left\left__GRIP_2026-08-27_12-43-09__e000263.jpg,left,top_background,left,0.9926296472549438,0.007370348554104567,True
D:\GRIP_Dataset\New_model\Chirality_Crops\aug27_final_v2_bbox\val\left\12-43-09\images\left\left__GRIP_2026-08-27_12-43-09__e000263.jpg,left,bottom_background,left,0.9930740594863892,0.006925924681127071,True
D:\GRIP_Dataset\New_model\Chirality_Crops\aug27_final_v2_bbox\val\left\12-43-09\images\left\left__GRIP_2026-08-27_12-43-09__e000264.jpg,left,original,left,0.9590126276016235,0.040987346321344376,True
D:\GRIP_Dataset\New_model\Chirality_Crops\aug27_final_v2_bbox\val\left\12-43-09\images\left\left__GRIP_2026-08-27_12-43-09__e000264.jpg,left,finger_side,left,0.9999786615371704,2.1395617295638658e-05,True
D:\GRIP_Dataset\New_model\Chirality_Crops\aug27_final_v2_bbox\val\left\12-43-09\images\left\left__GRIP_2026-08-27_12-43-09__e000264.jpg,left,cuff_side,right,0.3932431638240814,0.6067568063735962,False
D:\GRIP_Dataset\New_model\Chirality_Crops\aug27_final_v2_bbox\val\left\12-43-09\images\left\left__GRIP_2026-08-27_12-43-09__e000264.jpg,left,centre,left,0.9864104390144348,0.013589581474661827,True
D:\GRIP_Dataset\New_model\Chirality_Crops\aug27_final_v2_bbox\val\left\12-43-09\images\left\left__GRIP_2026-08-27_12-43-09__e000264.jpg,left,top_background,left,0.9660009145736694,0.03399910405278206,True
D:\GRIP_Dataset\New_model\Chirality_Crops\aug27_final_v2_bbox\val\left\12-43-09\images\left\left__GRIP_2026-08-27_12-43-09__e000264.jpg,left,bottom_background,left,0.9800706505775452,0.019929317757487297,True
D:\GRIP_Dataset\New_model\Chirality_Crops\aug27_final_v2_bbox\val\left\12-43-09\images\left\left__GRIP_2026-08-27_12-43-09__e000265.jpg,left,original,left,0.9999998807907104,7.282798719643324e-08,True
D:\GRIP_Dataset\New_model\Chirality_Crops\aug27_final_v2_bbox\val\left\12-43-09\images\left\left__GRIP_2026-08-27_12-43-09__e000265.jpg,left,finger_side,left,1.0,3.803269166269274e-08,True
D:\GRIP_Dataset\New_model\Chirality_Crops\aug27_final_v2_bbox\val\left\12-43-09\images\left\left__GRIP_2026-08-27_12-43-09__e000265.jpg,left,cuff_side,left,0.998202919960022,0.0017970504704862833,True
D:\GRIP_Dataset\New_model\Chirality_Crops\aug27_final_v2_bbox\val\left\12-43-09\images\left\left__GRIP_2026-08-27_12-43-09__e000265.jpg,left,centre,left,0.9999681711196899,3.178160113748163e-05,True
D:\GRIP_Dataset\New_model\Chirality_Crops\aug27_final_v2_bbox\val\left\12-43-09\images\left\left__GRIP_2026-08-27_12-43-09__e000265.jpg,left,top_background,left,0.9999998807907104,7.282798719643324e-08,True
D:\GRIP_Dataset\New_model\Chirality_Crops\aug27_final_v2_bbox\val\left\12-43-09\images\left\left__GRIP_2026-08-27_12-43-09__e000265.jpg,left,bottom_background,left,0.9999998807907104,7.282798719643324e-08,True
D:\GRIP_Dataset\New_model\Chirality_Crops\aug27_final_v2_bbox\val\left\12-43-09\images\left\left__GRIP_2026-08-27_12-43-09__e000266.jpg,left,original,left,1.0,8.39688052423071e-09,True
D:\GRIP_Dataset\New_model\Chirality_Crops\aug27_final_v2_bbox\val\left\12-43-09\images\left\left__GRIP_2026-08-27_12-43-09__e000266.jpg,left,finger_side,left,0.9995996356010437,0.0004003438225481659,True
D:\GRIP_Dataset\New_model\Chirality_Crops\aug27_final_v2_bbox\val\left\12-43-09\images\left\left__GRIP_2026-08-27_12-43-09__e000266.jpg,left,cuff_side,left,1.0,1.0124360017016443e-08,True
D:\GRIP_Dataset\New_model\Chirality_Crops\aug27_final_v2_bbox\val\left\12-43-09\images\left\left__GRIP_2026-08-27_12-43-09__e000266.jpg,left,centre,left,0.9999825954437256,1.738945684337523e-05,True
D:\GRIP_Dataset\New_model\Chirality_Crops\aug27_final_v2_bbox\val\left\12-43-09\images\left\left__GRIP_2026-08-27_12-43-09__e000266.jpg,left,top_background,left,1.0,8.39688052423071e-09,True
D:\GRIP_Dataset\New_model\Chirality_Crops\aug27_final_v2_bbox\val\left\12-43-09\images\left\left__GRIP_2026-08-27_12-43-09__e000266.jpg,left,bottom_background,left,1.0,8.39688052423071e-09,True
D:\GRIP_Dataset\New_model\Chirality_Crops\aug27_final_v2_bbox\val\left\12-43-09\images\left\left__GRIP_2026-08-27_12-43-09__e000267.jpg,left,original,left,1.0,7.019788084150491e-10,True
D:\GRIP_Dataset\New_model\Chirality_Crops\aug27_final_v2_bbox\val\left\12-43-09\images\left\left__GRIP_2026-08-27_12-43-09__e000267.jpg,left,finger_side,left,1.0,1.0240923664639467e-09,True
D:\GRIP_Dataset\New_model\Chirality_Crops\aug27_final_v2_bbox\val\left\12-43-09\images\left\left__GRIP_2026-08-27_12-43-09__e000267.jpg,left,cuff_side,left,0.9999709129333496,2.9115797588019632e-05,True
D:\GRIP_Dataset\New_model\Chirality_Crops\aug27_final_v2_bbox\val\left\12-43-09\images\left\left__GRIP_2026-08-27_12-43-09__e000267.jpg,left,centre,left,0.9999741315841675,2.590204167063348e-05,True
D:\GRIP_Dataset\New_model\Chirality_Crops\aug27_final_v2_bbox\val\left\12-43-09\images\left\left__GRIP_2026-08-27_12-43-09__e000267.jpg,left,top_background,left,1.0,7.64083629700707e-10,True
D:\GRIP_Dataset\New_model\Chirality_Crops\aug27_final_v2_bbox\val\left\12-43-09\images\left\left__GRIP_2026-08-27_12-43-09__e000267.jpg,left,bottom_background,left,1.0,7.500541299165775e-10,True
D:\GRIP_Dataset\New_model\Chirality_Crops\aug27_final_v2_bbox\val\left\12-43-09\images\left\left__GRIP_2026-08-27_12-43-09__e000268.jpg,left,original,left,1.0,4.975320936490002e-12,True
D:\GRIP_Dataset\New_model\Chirality_Crops\aug27_final_v2_bbox\val\left\12-43-09\images\left\left__GRIP_2026-08-27_12-43-09__e000268.jpg,left,finger_side,left,1.0,1.0782404302744908e-08,True
D:\GRIP_Dataset\New_model\Chirality_Crops\aug27_final_v2_bbox\val\left\12-43-09\images\left\left__GRIP_2026-08-27_12-43-09__e000268.jpg,left,cuff_side,left,1.0,8.409494434147291e-09,True
D:\GRIP_Dataset\New_model\Chirality_Crops\aug27_final_v2_bbox\val\left\12-43-09\images\left\left__GRIP_2026-08-27_12-43-09__e000268.jpg,left,centre,left,0.9999997615814209,2.8320840783635504e-07,True
D:\GRIP_Dataset\New_model\Chirality_Crops\aug27_final_v2_bbox\val\left\12-43-09\images\left\left__GRIP_2026-08-27_12-43-09__e000268.jpg,left,top_background,left,1.0,4.975320936490002e-12,True
D:\GRIP_Dataset\New_model\Chirality_Crops\aug27_final_v2_bbox\val\left\12-43-09\images\left\left__GRIP_2026-08-27_12-43-09__e000268.jpg,left,bottom_background,left,1.0,4.975320936490002e-12,True
D:\GRIP_Dataset\New_model\Chirality_Crops\aug27_final_v2_bbox\val\left\12-43-09\images\left\left__GRIP_2026-08-27_12-43-09__e000269.jpg,left,original,left,1.0,8.096093795373349e-10,True
D:\GRIP_Dataset\New_model\Chirality_Crops\aug27_final_v2_bbox\val\left\12-43-09\images\left\left__GRIP_2026-08-27_12-43-09__e000269.jpg,left,finger_side,left,0.9999938011169434,6.18338799540652e-06,True
D:\GRIP_Dataset\New_model\Chirality_Crops\aug27_final_v2_bbox\val\left\12-43-09\images\left\left__GRIP_2026-08-27_12-43-09__e000269.jpg,left,cuff_side,left,0.9999724626541138,2.758305345196277e-05,True
D:\GRIP_Dataset\New_model\Chirality_Crops\aug27_final_v2_bbox\val\left\12-43-09\images\left\left__GRIP_2026-08-27_12-43-09__e000269.jpg,left,centre,left,0.9999897480010986,1.0275148270011414e-05,True
D:\GRIP_Dataset\New_model\Chirality_Crops\aug27_final_v2_bbox\val\left\12-43-09\images\left\left__GRIP_2026-08-27_12-43-09__e000269.jpg,left,top_background,left,1.0,8.096093795373349e-10,True
D:\GRIP_Dataset\New_model\Chirality_Crops\aug27_final_v2_bbox\val\left\12-43-09\images\left\left__GRIP_2026-08-27_12-43-09__e000269.jpg,left,bottom_background,left,1.0,8.096093795373349e-10,True
D:\GRIP_Dataset\New_model\Chirality_Crops\aug27_final_v2_bbox\val\left\12-43-09\images\left\left__GRIP_2026-08-27_12-43-09__e000270.jpg,left,original,left,0.9999988079071045,1.1868791034430615e-06,True
D:\GRIP_Dataset\New_model\Chirality_Crops\aug27_final_v2_bbox\val\left\12-43-09\images\left\left__GRIP_2026-08-27_12-43-09__e000270.jpg,left,finger_side,left,0.9999897480010986,1.0241641575703397e-05,True
D:\GRIP_Dataset\New_model\Chirality_Crops\aug27_final_v2_bbox\val\left\12-43-09\images\left\left__GRIP_2026-08-27_12-43-09__e000270.jpg,left,cuff_side,left,0.9998549222946167,0.00014503501006402075,True
D:\GRIP_Dataset\New_model\Chirality_Crops\aug27_final_v2_bbox\val\left\12-43-09\images\left\left__GRIP_2026-08-27_12-43-09__e000270.jpg,left,centre,left,0.9873336553573608,0.012666364200413227,True
D:\GRIP_Dataset\New_model\Chirality_Crops\aug27_final_v2_bbox\val\left\12-43-09\images\left\left__GRIP_2026-08-27_12-43-09__e000270.jpg,left,top_background,left,0.9999996423721313,3.284713443463261e-07,True
D:\GRIP_Dataset\New_model\Chirality_Crops\aug27_final_v2_bbox\val\left\12-43-09\images\left\left__GRIP_2026-08-27_12-43-09__e000270.jpg,left,bottom_background,left,0.9999991655349731,8.450214750155283e-07,True
D:\GRIP_Dataset\New_model\Chirality_Crops\aug27_final_v2_bbox\val\left\12-43-09\images\left\left__GRIP_2026-08-27_12-43-09__e000272.jpg,left,original,left,0.9999969005584717,3.055609795410419e-06,True
D:\GRIP_Dataset\New_model\Chirality_Crops\aug27_final_v2_bbox\val\left\12-43-09\images\left\left__GRIP_2026-08-27_12-43-09__e000272.jpg,left,finger_side,left,0.9991703033447266,0.0008297612075693905,True
D:\GRIP_Dataset\New_model\Chirality_Crops\aug27_final_v2_bbox\val\left\12-43-09\images\left\left__GRIP_2026-08-27_12-43-09__e000272.jpg,left,cuff_side,left,0.9999264478683472,7.356530841207132e-05,True
D:\GRIP_Dataset\New_model\Chirality_Crops\aug27_final_v2_bbox\val\left\12-43-09\images\left\left__GRIP_2026-08-27_12-43-09__e000272.jpg,left,centre,left,0.999925971031189,7.400704635074362e-05,True
D:\GRIP_Dataset\New_model\Chirality_Crops\aug27_final_v2_bbox\val\left\12-43-09\images\left\left__GRIP_2026-08-27_12-43-09__e000272.jpg,left,top_background,left,0.9999969005584717,3.055609795410419e-06,True
D:\GRIP_Dataset\New_model\Chirality_Crops\aug27_final_v2_bbox\val\left\12-43-09\images\left\left__GRIP_2026-08-27_12-43-09__e000272.jpg,left,bottom_background,left,0.9999969005584717,3.055609795410419e-06,True
D:\GRIP_Dataset\New_model\Chirality_Crops\aug27_final_v2_bbox\val\left\12-43-09\images\left\left__GRIP_2026-08-27_12-43-09__e000274.jpg,left,original,left,0.9999982118606567,1.8216798025605385e-06,True
D:\GRIP_Dataset\New_model\Chirality_Crops\aug27_final_v2_bbox\val\left\12-43-09\images\left\left__GRIP_2026-08-27_12-43-09__e000274.jpg,left,finger_side,left,0.9980409741401672,0.001959108281880617,True
D:\GRIP_Dataset\New_model\Chirality_Crops\aug27_final_v2_bbox\val\left\12-43-09\images\left\left__GRIP_2026-08-27_12-43-09__e000274.jpg,left,cuff_side,left,0.9999891519546509,1.0878296961891465e-05,True
D:\GRIP_Dataset\New_model\Chirality_Crops\aug27_final_v2_bbox\val\left\12-43-09\images\left\left__GRIP_2026-08-27_12-43-09__e000274.jpg,left,centre,left,0.9998102784156799,0.00018970060045830905,True
D:\GRIP_Dataset\New_model\Chirality_Crops\aug27_final_v2_bbox\val\left\12-43-09\images\left\left__GRIP_2026-08-27_12-43-09__e000274.jpg,left,top_background,left,0.9999982118606567,1.8216798025605385e-06,True
D:\GRIP_Dataset\New_model\Chirality_Crops\aug27_final_v2_bbox\val\left\12-43-09\images\left\left__GRIP_2026-08-27_12-43-09__e000274.jpg,left,bottom_background,left,0.9999982118606567,1.8216798025605385e-06,True
D:\GRIP_Dataset\New_model\Chirality_Crops\aug27_final_v2_bbox\val\left\12-43-09\images\left\left__GRIP_2026-08-27_12-43-09__e000275.jpg,left,original,left,0.9999947547912598,5.2698396757477894e-06,True
D:\GRIP_Dataset\New_model\Chirality_Crops\aug27_final_v2_bbox\val\left\12-43-09\images\left\left__GRIP_2026-08-27_12-43-09__e000275.jpg,left,finger_side,left,0.9999982118606567,1.8169534996559378e-06,True
D:\GRIP_Dataset\New_model\Chirality_Crops\aug27_final_v2_bbox\val\left\12-43-09\images\left\left__GRIP_2026-08-27_12-43-09__e000275.jpg,left,cuff_side,left,0.9956990480422974,0.004301025532186031,True
D:\GRIP_Dataset\New_model\Chirality_Crops\aug27_final_v2_bbox\val\left\12-43-09\images\left\left__GRIP_2026-08-27_12-43-09__e000275.jpg,left,centre,left,0.9997168183326721,0.000283184606814757,True
D:\GRIP_Dataset\New_model\Chirality_Crops\aug27_final_v2_bbox\val\left\12-43-09\images\left\left__GRIP_2026-08-27_12-43-09__e000275.jpg,left,top_background,left,0.9999984502792358,1.5856325035201735e-06,True
D:\GRIP_Dataset\New_model\Chirality_Crops\aug27_final_v2_bbox\val\left\12-43-09\images\left\left__GRIP_2026-08-27_12-43-09__e000275.jpg,left,bottom_background,left,0.9999955892562866,4.458214334590593e-06,True
D:\GRIP_Dataset\New_model\Chirality_Crops\aug27_final_v2_bbox\val\left\12-43-09\images\left\left__GRIP_2026-08-27_12-43-09__e000277.jpg,left,original,left,1.0,2.370107221594253e-09,True
D:\GRIP_Dataset\New_model\Chirality_Crops\aug27_final_v2_bbox\val\left\12-43-09\images\left\left__GRIP_2026-08-27_12-43-09__e000277.jpg,left,finger_side,left,0.999991774559021,8.202249773603398e-06,True
D:\GRIP_Dataset\New_model\Chirality_Crops\aug27_final_v2_bbox\val\left\12-43-09\images\left\left__GRIP_2026-08-27_12-43-09__e000277.jpg,left,cuff_side,left,0.9999985694885254,1.4681037328045932e-06,True
D:\GRIP_Dataset\New_model\Chirality_Crops\aug27_final_v2_bbox\val\left\12-43-09\images\left\left__GRIP_2026-08-27_12-43-09__e000277.jpg,left,centre,left,0.9999685287475586,3.1472784030484036e-05,True
D:\GRIP_Dataset\New_model\Chirality_Crops\aug27_final_v2_bbox\val\left\12-43-09\images\left\left__GRIP_2026-08-27_12-43-09__e000277.jpg,left,top_background,left,1.0,2.370107221594253e-09,True
D:\GRIP_Dataset\New_model\Chirality_Crops\aug27_final_v2_bbox\val\left\12-43-09\images\left\left__GRIP_2026-08-27_12-43-09__e000277.jpg,left,bottom_background,left,1.0,2.370107221594253e-09,True
D:\GRIP_Dataset\New_model\Chirality_Crops\aug27_final_v2_bbox\val\left\12-43-09\images\left\left__GRIP_2026-08-27_12-43-09__e000278.jpg,left,original,left,1.0,4.899008282377437e-12,True
D:\GRIP_Dataset\New_model\Chirality_Crops\aug27_final_v2_bbox\val\left\12-43-09\images\left\left__GRIP_2026-08-27_12-43-09__e000278.jpg,left,finger_side,left,0.9999934434890747,6.613937330257613e-06,True
D:\GRIP_Dataset\New_model\Chirality_Crops\aug27_final_v2_bbox\val\left\12-43-09\images\left\left__GRIP_2026-08-27_12-43-09__e000278.jpg,left,cuff_side,left,1.0,2.465624059089233e-11,True
D:\GRIP_Dataset\New_model\Chirality_Crops\aug27_final_v2_bbox\val\left\12-43-09\images\left\left__GRIP_2026-08-27_12-43-09__e000278.jpg,left,centre,left,0.9999996423721313,3.6575579542841297e-07,True
D:\GRIP_Dataset\New_model\Chirality_Crops\aug27_final_v2_bbox\val\left\12-43-09\images\left\left__GRIP_2026-08-27_12-43-09__e000278.jpg,left,top_background,left,1.0,4.899008282377437e-12,True
D:\GRIP_Dataset\New_model\Chirality_Crops\aug27_final_v2_bbox\val\left\12-43-09\images\left\left__GRIP_2026-08-27_12-43-09__e000278.jpg,left,bottom_background,left,1.0,4.899008282377437e-12,True
D:\GRIP_Dataset\New_model\Chirality_Crops\aug27_final_v2_bbox\val\left\12-43-09\images\left\left__GRIP_2026-08-27_12-43-09__e000279.jpg,left,original,left,1.0,3.6222231811211536e-12,True
D:\GRIP_Dataset\New_model\Chirality_Crops\aug27_final_v2_bbox\val\left\12-43-09\images\left\left__GRIP_2026-08-27_12-43-09__e000279.jpg,left,finger_side,left,1.0,1.0336616895756379e-08,True
D:\GRIP_Dataset\New_model\Chirality_Crops\aug27_final_v2_bbox\val\left\12-43-09\images\left\left__GRIP_2026-08-27_12-43-09__e000279.jpg,left,cuff_side,left,1.0,5.814921166802378e-08,True
D:\GRIP_Dataset\New_model\Chirality_Crops\aug27_final_v2_bbox\val\left\12-43-09\images\left\left__GRIP_2026-08-27_12-43-09__e000279.jpg,left,centre,left,0.9999974966049194,2.5345805170218227e-06,True
D:\GRIP_Dataset\New_model\Chirality_Crops\aug27_final_v2_bbox\val\left\12-43-09\images\left\left__GRIP_2026-08-27_12-43-09__e000279.jpg,left,top_background,left,1.0,1.0917121156736598e-12,True
D:\GRIP_Dataset\New_model\Chirality_Crops\aug27_final_v2_bbox\val\left\12-43-09\images\left\left__GRIP_2026-08-27_12-43-09__e000279.jpg,left,bottom_background,left,1.0,2.9118929489868606e-12,True
D:\GRIP_Dataset\New_model\Chirality_Crops\aug27_final_v2_bbox\val\left\12-43-09\images\left\left__GRIP_2026-08-27_12-43-09__e000280.jpg,left,original,left,1.0,8.861129607851126e-09,True
D:\GRIP_Dataset\New_model\Chirality_Crops\aug27_final_v2_bbox\val\left\12-43-09\images\left\left__GRIP_2026-08-27_12-43-09__e000280.jpg,left,finger_side,left,0.9999977350234985,2.265706598336692e-06,True
D:\GRIP_Dataset\New_model\Chirality_Crops\aug27_final_v2_bbox\val\left\12-43-09\images\left\left__GRIP_2026-08-27_12-43-09__e000280.jpg,left,cuff_side,left,0.9999964237213135,3.6132510103925597e-06,True
D:\GRIP_Dataset\New_model\Chirality_Crops\aug27_final_v2_bbox\val\left\12-43-09\images\left\left__GRIP_2026-08-27_12-43-09__e000280.jpg,left,centre,left,0.9999947547912598,5.212927135289647e-06,True
D:\GRIP_Dataset\New_model\Chirality_Crops\aug27_final_v2_bbox\val\left\12-43-09\images\left\left__GRIP_2026-08-27_12-43-09__e000280.jpg,left,top_background,left,1.0,8.861129607851126e-09,True
D:\GRIP_Dataset\New_model\Chirality_Crops\aug27_final_v2_bbox\val\left\12-43-09\images\left\left__GRIP_2026-08-27_12-43-09__e000280.jpg,left,bottom_background,left,1.0,8.861129607851126e-09,True
D:\GRIP_Dataset\New_model\Chirality_Crops\aug27_final_v2_bbox\val\left\12-43-09\images\left\left__GRIP_2026-08-27_12-43-09__e000281.jpg,left,original,left,1.0,2.3131579984791983e-11,True
D:\GRIP_Dataset\New_model\Chirality_Crops\aug27_final_v2_bbox\val\left\12-43-09\images\left\left__GRIP_2026-08-27_12-43-09__e000281.jpg,left,finger_side,left,0.999911904335022,8.806166442809626e-05,True
D:\GRIP_Dataset\New_model\Chirality_Crops\aug27_final_v2_bbox\val\left\12-43-09\images\left\left__GRIP_2026-08-27_12-43-09__e000281.jpg,left,cuff_side,left,1.0,2.2592054893522118e-09,True
D:\GRIP_Dataset\New_model\Chirality_Crops\aug27_final_v2_bbox\val\left\12-43-09\images\left\left__GRIP_2026-08-27_12-43-09__e000281.jpg,left,centre,left,1.0,5.765870891849545e-09,True
D:\GRIP_Dataset\New_model\Chirality_Crops\aug27_final_v2_bbox\val\left\12-43-09\images\left\left__GRIP_2026-08-27_12-43-09__e000281.jpg,left,top_background,left,1.0,2.3131579984791983e-11,True
D:\GRIP_Dataset\New_model\Chirality_Crops\aug27_final_v2_bbox\val\left\12-43-09\images\left\left__GRIP_2026-08-27_12-43-09__e000281.jpg,left,bottom_background,left,1.0,2.3131579984791983e-11,True
D:\GRIP_Dataset\New_model\Chirality_Crops\aug27_final_v2_bbox\val\left\12-43-09\images\left\left__GRIP_2026-08-27_12-43-09__e000282.jpg,left,original,left,1.0,1.8133508916662322e-08,True
D:\GRIP_Dataset\New_model\Chirality_Crops\aug27_final_v2_bbox\val\left\12-43-09\images\left\left__GRIP_2026-08-27_12-43-09__e000282.jpg,left,finger_side,left,0.9999960660934448,3.978200766141526e-06,True
D:\GRIP_Dataset\New_model\Chirality_Crops\aug27_final_v2_bbox\val\left\12-43-09\images\left\left__GRIP_2026-08-27_12-43-09__e000282.jpg,left,cuff_side,left,0.9999988079071045,1.248135276910034e-06,True
D:\GRIP_Dataset\New_model\Chirality_Crops\aug27_final_v2_bbox\val\left\12-43-09\images\left\left__GRIP_2026-08-27_12-43-09__e000282.jpg,left,centre,left,0.999956488609314,4.352475662017241e-05,True
D:\GRIP_Dataset\New_model\Chirality_Crops\aug27_final_v2_bbox\val\left\12-43-09\images\left\left__GRIP_2026-08-27_12-43-09__e000282.jpg,left,top_background,left,1.0,1.8133508916662322e-08,True
D:\GRIP_Dataset\New_model\Chirality_Crops\aug27_final_v2_bbox\val\left\12-43-09\images\left\left__GRIP_2026-08-27_12-43-09__e000282.jpg,left,bottom_background,left,1.0,1.8133508916662322e-08,True
D:\GRIP_Dataset\New_model\Chirality_Crops\aug27_final_v2_bbox\val\left\12-43-09\images\left\left__GRIP_2026-08-27_12-43-09__e000283.jpg,left,original,left,1.0,3.961067918112349e-09,True
D:\GRIP_Dataset\New_model\Chirality_Crops\aug27_final_v2_bbox\val\left\12-43-09\images\left\left__GRIP_2026-08-27_12-43-09__e000283.jpg,left,finger_side,left,0.9999691247940063,3.0886087188264355e-05,True
D:\GRIP_Dataset\New_model\Chirality_Crops\aug27_final_v2_bbox\val\left\12-43-09\images\left\left__GRIP_2026-08-27_12-43-09__e000283.jpg,left,cuff_side,left,0.9999997615814209,2.800290417326323e-07,True
D:\GRIP_Dataset\New_model\Chirality_Crops\aug27_final_v2_bbox\val\left\12-43-09\images\left\left__GRIP_2026-08-27_12-43-09__e000283.jpg,left,centre,left,0.9999899864196777,1.0001113878388423e-05,True
D:\GRIP_Dataset\New_model\Chirality_Crops\aug27_final_v2_bbox\val\left\12-43-09\images\left\left__GRIP_2026-08-27_12-43-09__e000283.jpg,left,top_background,left,1.0,3.961067918112349e-09,True
D:\GRIP_Dataset\New_model\Chirality_Crops\aug27_final_v2_bbox\val\left\12-43-09\images\left\left__GRIP_2026-08-27_12-43-09__e000283.jpg,left,bottom_background,left,1.0,3.961067918112349e-09,True
D:\GRIP_Dataset\New_model\Chirality_Crops\aug27_final_v2_bbox\val\left\12-43-09\images\left\left__GRIP_2026-08-27_12-43-09__e000284.jpg,left,original,left,1.0,4.819430445002215e-13,True
D:\GRIP_Dataset\New_model\Chirality_Crops\aug27_final_v2_bbox\val\left\12-43-09\images\left\left__GRIP_2026-08-27_12-43-09__e000284.jpg,left,finger_side,left,0.9999948740005493,5.1293486649228726e-06,True
D:\GRIP_Dataset\New_model\Chirality_Crops\aug27_final_v2_bbox\val\left\12-43-09\images\left\left__GRIP_2026-08-27_12-43-09__e000284.jpg,left,cuff_side,left,1.0,1.3823750304176041e-11,True
D:\GRIP_Dataset\New_model\Chirality_Crops\aug27_final_v2_bbox\val\left\12-43-09\images\left\left__GRIP_2026-08-27_12-43-09__e000284.jpg,left,centre,left,0.9999938011169434,6.204990768310381e-06,True
D:\GRIP_Dataset\New_model\Chirality_Crops\aug27_final_v2_bbox\val\left\12-43-09\images\left\left__GRIP_2026-08-27_12-43-09__e000284.jpg,left,top_background,left,1.0,3.761883382927267e-13,True
D:\GRIP_Dataset\New_model\Chirality_Crops\aug27_final_v2_bbox\val\left\12-43-09\images\left\left__GRIP_2026-08-27_12-43-09__e000284.jpg,left,bottom_background,left,1.0,5.327891448338173e-13,True
D:\GRIP_Dataset\New_model\Chirality_Crops\aug27_final_v2_bbox\val\left\12-43-09\images\left\left__GRIP_2026-08-27_12-43-09__e000285.jpg,left,original,left,1.0,5.016981496908102e-09,True
D:\GRIP_Dataset\New_model\Chirality_Crops\aug27_final_v2_bbox\val\left\12-43-09\images\left\left__GRIP_2026-08-27_12-43-09__e000285.jpg,left,finger_side,left,0.99996018409729,3.979171015089378e-05,True
D:\GRIP_Dataset\New_model\Chirality_Crops\aug27_final_v2_bbox\val\left\12-43-09\images\left\left__GRIP_2026-08-27_12-43-09__e000285.jpg,left,cuff_side,left,0.9999476671218872,5.230730675975792e-05,True
D:\GRIP_Dataset\New_model\Chirality_Crops\aug27_final_v2_bbox\val\left\12-43-09\images\left\left__GRIP_2026-08-27_12-43-09__e000285.jpg,left,centre,left,0.9999349117279053,6.50779256829992e-05,True
D:\GRIP_Dataset\New_model\Chirality_Crops\aug27_final_v2_bbox\val\left\12-43-09\images\left\left__GRIP_2026-08-27_12-43-09__e000285.jpg,left,top_background,left,1.0,5.016981496908102e-09,True
D:\GRIP_Dataset\New_model\Chirality_Crops\aug27_final_v2_bbox\val\left\12-43-09\images\left\left__GRIP_2026-08-27_12-43-09__e000285.jpg,left,bottom_background,left,1.0,5.016981496908102e-09,True
D:\GRIP_Dataset\New_model\Chirality_Crops\aug27_final_v2_bbox\val\left\12-43-09\images\left\left__GRIP_2026-08-27_12-43-09__e000286.jpg,left,original,left,1.0,2.785779384950615e-09,True
D:\GRIP_Dataset\New_model\Chirality_Crops\aug27_final_v2_bbox\val\left\12-43-09\images\left\left__GRIP_2026-08-27_12-43-09__e000286.jpg,left,finger_side,left,0.9990934133529663,0.0009065424092113972,True
D:\GRIP_Dataset\New_model\Chirality_Crops\aug27_final_v2_bbox\val\left\12-43-09\images\left\left__GRIP_2026-08-27_12-43-09__e000286.jpg,left,cuff_side,left,0.9999998807907104,1.693089899390543e-07,True
D:\GRIP_Dataset\New_model\Chirality_Crops\aug27_final_v2_bbox\val\left\12-43-09\images\left\left__GRIP_2026-08-27_12-43-09__e000286.jpg,left,centre,left,0.9999752044677734,2.4767648937995546e-05,True
D:\GRIP_Dataset\New_model\Chirality_Crops\aug27_final_v2_bbox\val\left\12-43-09\images\left\left__GRIP_2026-08-27_12-43-09__e000286.jpg,left,top_background,left,1.0,2.785779384950615e-09,True
D:\GRIP_Dataset\New_model\Chirality_Crops\aug27_final_v2_bbox\val\left\12-43-09\images\left\left__GRIP_2026-08-27_12-43-09__e000286.jpg,left,bottom_background,left,1.0,2.785779384950615e-09,True
D:\GRIP_Dataset\New_model\Chirality_Crops\aug27_final_v2_bbox\val\left\12-43-09\images\left\left__GRIP_2026-08-27_12-43-09__e000287.jpg,left,original,left,0.9997813105583191,0.00021867426403332502,True
D:\GRIP_Dataset\New_model\Chirality_Crops\aug27_final_v2_bbox\val\left\12-43-09\images\left\left__GRIP_2026-08-27_12-43-09__e000287.jpg,left,finger_side,left,0.9997616410255432,0.0002383705141255632,True
D:\GRIP_Dataset\New_model\Chirality_Crops\aug27_final_v2_bbox\val\left\12-43-09\images\left\left__GRIP_2026-08-27_12-43-09__e000287.jpg,left,cuff_side,left,0.8524407148361206,0.14755931496620178,True
D:\GRIP_Dataset\New_model\Chirality_Crops\aug27_final_v2_bbox\val\left\12-43-09\images\left\left__GRIP_2026-08-27_12-43-09__e000287.jpg,left,centre,left,0.9995013475418091,0.0004986989661119878,True
D:\GRIP_Dataset\New_model\Chirality_Crops\aug27_final_v2_bbox\val\left\12-43-09\images\left\left__GRIP_2026-08-27_12-43-09__e000287.jpg,left,top_background,left,0.9997813105583191,0.00021867426403332502,True
D:\GRIP_Dataset\New_model\Chirality_Crops\aug27_final_v2_bbox\val\left\12-43-09\images\left\left__GRIP_2026-08-27_12-43-09__e000287.jpg,left,bottom_background,left,0.9997813105583191,0.00021867426403332502,True
D:\GRIP_Dataset\New_model\Chirality_Crops\aug27_final_v2_bbox\val\left\12-43-09\images\left\left__GRIP_2026-08-27_12-43-09__e000288.jpg,left,original,left,0.9999998807907104,1.53141698433501e-07,True
D:\GRIP_Dataset\New_model\Chirality_Crops\aug27_final_v2_bbox\val\left\12-43-09\images\left\left__GRIP_2026-08-27_12-43-09__e000288.jpg,left,finger_side,left,0.9999997615814209,2.59518827760985e-07,True
D:\GRIP_Dataset\New_model\Chirality_Crops\aug27_final_v2_bbox\val\left\12-43-09\images\left\left__GRIP_2026-08-27_12-43-09__e000288.jpg,left,cuff_side,left,0.9968288540840149,0.0031711114570498466,True
D:\GRIP_Dataset\New_model\Chirality_Crops\aug27_final_v2_bbox\val\left\12-43-09\images\left\left__GRIP_2026-08-27_12-43-09__e000288.jpg,left,centre,left,0.9999921321868896,7.848738277971279e-06,True
D:\GRIP_Dataset\New_model\Chirality_Crops\aug27_final_v2_bbox\val\left\12-43-09\images\left\left__GRIP_2026-08-27_12-43-09__e000288.jpg,left,top_background,left,0.9999998807907104,1.589069000829113e-07,True
D:\GRIP_Dataset\New_model\Chirality_Crops\aug27_final_v2_bbox\val\left\12-43-09\images\left\left__GRIP_2026-08-27_12-43-09__e000288.jpg,left,bottom_background,left,0.9999997615814209,1.842856249822944e-07,True
D:\GRIP_Dataset\New_model\Chirality_Crops\aug27_final_v2_bbox\val\left\12-43-09\images\left\left__GRIP_2026-08-27_12-43-09__e000289.jpg,left,original,left,1.0,1.892746159457004e-12,True
D:\GRIP_Dataset\New_model\Chirality_Crops\aug27_final_v2_bbox\val\left\12-43-09\images\left\left__GRIP_2026-08-27_12-43-09__e000289.jpg,left,finger_side,left,1.0,4.937834585660994e-09,True
D:\GRIP_Dataset\New_model\Chirality_Crops\aug27_final_v2_bbox\val\left\12-43-09\images\left\left__GRIP_2026-08-27_12-43-09__e000289.jpg,left,cuff_side,left,1.0,1.6812485625905538e-08,True
D:\GRIP_Dataset\New_model\Chirality_Crops\aug27_final_v2_bbox\val\left\12-43-09\images\left\left__GRIP_2026-08-27_12-43-09__e000289.jpg,left,centre,left,0.9999958276748657,4.113775958103361e-06,True
D:\GRIP_Dataset\New_model\Chirality_Crops\aug27_final_v2_bbox\val\left\12-43-09\images\left\left__GRIP_2026-08-27_12-43-09__e000289.jpg,left,top_background,left,1.0,1.892746159457004e-12,True
D:\GRIP_Dataset\New_model\Chirality_Crops\aug27_final_v2_bbox\val\left\12-43-09\images\left\left__GRIP_2026-08-27_12-43-09__e000289.jpg,left,bottom_background,left,1.0,1.892746159457004e-12,True
D:\GRIP_Dataset\New_model\Chirality_Crops\aug27_final_v2_bbox\val\left\12-43-09\images\left\left__GRIP_2026-08-27_12-43-09__e000290.jpg,left,original,left,1.0,3.848313161192163e-12,True
D:\GRIP_Dataset\New_model\Chirality_Crops\aug27_final_v2_bbox\val\left\12-43-09\images\left\left__GRIP_2026-08-27_12-43-09__e000290.jpg,left,finger_side,left,1.0,3.4686784555759687e-09,True
D:\GRIP_Dataset\New_model\Chirality_Crops\aug27_final_v2_bbox\val\left\12-43-09\images\left\left__GRIP_2026-08-27_12-43-09__e000290.jpg,left,cuff_side,left,1.0,4.140672160701797e-08,True
D:\GRIP_Dataset\New_model\Chirality_Crops\aug27_final_v2_bbox\val\left\12-43-09\images\left\left__GRIP_2026-08-27_12-43-09__e000290.jpg,left,centre,left,0.999975323677063,2.4678009140188806e-05,True
D:\GRIP_Dataset\New_model\Chirality_Crops\aug27_final_v2_bbox\val\left\12-43-09\images\left\left__GRIP_2026-08-27_12-43-09__e000290.jpg,left,top_background,left,1.0,3.848313161192163e-12,True
D:\GRIP_Dataset\New_model\Chirality_Crops\aug27_final_v2_bbox\val\left\12-43-09\images\left\left__GRIP_2026-08-27_12-43-09__e000290.jpg,left,bottom_background,left,1.0,3.848313161192163e-12,True
D:\GRIP_Dataset\New_model\Chirality_Crops\aug27_final_v2_bbox\val\left\12-43-09\images\left\left__GRIP_2026-08-27_12-43-09__e000291.jpg,left,original,left,0.9999279975891113,7.19834424671717e-05,True
D:\GRIP_Dataset\New_model\Chirality_Crops\aug27_final_v2_bbox\val\left\12-43-09\images\left\left__GRIP_2026-08-27_12-43-09__e000291.jpg,left,finger_side,left,0.9301163554191589,0.06988364458084106,True
D:\GRIP_Dataset\New_model\Chirality_Crops\aug27_final_v2_bbox\val\left\12-43-09\images\left\left__GRIP_2026-08-27_12-43-09__e000291.jpg,left,cuff_side,left,0.9993995428085327,0.0006004757015034556,True
D:\GRIP_Dataset\New_model\Chirality_Crops\aug27_final_v2_bbox\val\left\12-43-09\images\left\left__GRIP_2026-08-27_12-43-09__e000291.jpg,left,centre,left,0.9966458678245544,0.003354135435074568,True
D:\GRIP_Dataset\New_model\Chirality_Crops\aug27_final_v2_bbox\val\left\12-43-09\images\left\left__GRIP_2026-08-27_12-43-09__e000291.jpg,left,top_background,left,0.9999301433563232,6.990489782765508e-05,True
D:\GRIP_Dataset\New_model\Chirality_Crops\aug27_final_v2_bbox\val\left\12-43-09\images\left\left__GRIP_2026-08-27_12-43-09__e000291.jpg,left,bottom_background,left,0.9999133348464966,8.670114766573533e-05,True
D:\GRIP_Dataset\New_model\Chirality_Crops\aug27_final_v2_bbox\val\left\12-43-09\images\left\left__GRIP_2026-08-27_12-43-09__e000293.jpg,left,original,left,1.0,9.144890629868567e-16,True
D:\GRIP_Dataset\New_model\Chirality_Crops\aug27_final_v2_bbox\val\left\12-43-09\images\left\left__GRIP_2026-08-27_12-43-09__e000293.jpg,left,finger_side,left,1.0,1.7176878586155908e-08,True
D:\GRIP_Dataset\New_model\Chirality_Crops\aug27_final_v2_bbox\val\left\12-43-09\images\left\left__GRIP_2026-08-27_12-43-09__e000293.jpg,left,cuff_side,left,1.0,2.270294846215548e-12,True
D:\GRIP_Dataset\New_model\Chirality_Crops\aug27_final_v2_bbox\val\left\12-43-09\images\left\left__GRIP_2026-08-27_12-43-09__e000293.jpg,left,centre,left,0.9999954700469971,4.534492290986236e-06,True
D:\GRIP_Dataset\New_model\Chirality_Crops\aug27_final_v2_bbox\val\left\12-43-09\images\left\left__GRIP_2026-08-27_12-43-09__e000293.jpg,left,top_background,left,1.0,9.144890629868567e-16,True
D:\GRIP_Dataset\New_model\Chirality_Crops\aug27_final_v2_bbox\val\left\12-43-09\images\left\left__GRIP_2026-08-27_12-43-09__e000293.jpg,left,bottom_background,left,1.0,9.144890629868567e-16,True
D:\GRIP_Dataset\New_model\Chirality_Crops\aug27_final_v2_bbox\val\left\12-43-09\images\left\left__GRIP_2026-08-27_12-43-09__e000294.jpg,left,original,left,1.0,6.4446377921745235e-12,True
D:\GRIP_Dataset\New_model\Chirality_Crops\aug27_final_v2_bbox\val\left\12-43-09\images\left\left__GRIP_2026-08-27_12-43-09__e000294.jpg,left,finger_side,left,0.9999724626541138,2.7570560632739216e-05,True
D:\GRIP_Dataset\New_model\Chirality_Crops\aug27_final_v2_bbox\val\left\12-43-09\images\left\left__GRIP_2026-08-27_12-43-09__e000294.jpg,left,cuff_side,left,1.0,4.5729240838454643e-08,True
D:\GRIP_Dataset\New_model\Chirality_Crops\aug27_final_v2_bbox\val\left\12-43-09\images\left\left__GRIP_2026-08-27_12-43-09__e000294.jpg,left,centre,left,1.0,1.752545308875142e-08,True
D:\GRIP_Dataset\New_model\Chirality_Crops\aug27_final_v2_bbox\val\left\12-43-09\images\left\left__GRIP_2026-08-27_12-43-09__e000294.jpg,left,top_background,left,1.0,6.4446377921745235e-12,True
D:\GRIP_Dataset\New_model\Chirality_Crops\aug27_final_v2_bbox\val\left\12-43-09\images\left\left__GRIP_2026-08-27_12-43-09__e000294.jpg,left,bottom_background,left,1.0,6.4446377921745235e-12,True
D:\GRIP_Dataset\New_model\Chirality_Crops\aug27_final_v2_bbox\val\left\12-43-09\images\left\left__GRIP_2026-08-27_12-43-09__e000295.jpg,left,original,left,1.0,1.3032258648973394e-12,True
D:\GRIP_Dataset\New_model\Chirality_Crops\aug27_final_v2_bbox\val\left\12-43-09\images\left\left__GRIP_2026-08-27_12-43-09__e000295.jpg,left,finger_side,left,1.0,9.450631388574493e-09,True
D:\GRIP_Dataset\New_model\Chirality_Crops\aug27_final_v2_bbox\val\left\12-43-09\images\left\left__GRIP_2026-08-27_12-43-09__e000295.jpg,left,cuff_side,left,0.9999998807907104,8.900396863964488e-08,True
D:\GRIP_Dataset\New_model\Chirality_Crops\aug27_final_v2_bbox\val\left\12-43-09\images\left\left__GRIP_2026-08-27_12-43-09__e000295.jpg,left,centre,left,1.0,1.3435226264846278e-09,True
D:\GRIP_Dataset\New_model\Chirality_Crops\aug27_final_v2_bbox\val\left\12-43-09\images\left\left__GRIP_2026-08-27_12-43-09__e000295.jpg,left,top_background,left,1.0,1.3032258648973394e-12,True
D:\GRIP_Dataset\New_model\Chirality_Crops\aug27_final_v2_bbox\val\left\12-43-09\images\left\left__GRIP_2026-08-27_12-43-09__e000295.jpg,left,bottom_background,left,1.0,1.3032258648973394e-12,True
D:\GRIP_Dataset\New_model\Chirality_Crops\aug27_final_v2_bbox\val\left\12-43-09\images\left\left__GRIP_2026-08-27_12-43-09__e000296.jpg,left,original,left,1.0,1.696505688209872e-14,True
D:\GRIP_Dataset\New_model\Chirality_Crops\aug27_final_v2_bbox\val\left\12-43-09\images\left\left__GRIP_2026-08-27_12-43-09__e000296.jpg,left,finger_side,left,0.9999899864196777,1.0002974704548251e-05,True
D:\GRIP_Dataset\New_model\Chirality_Crops\aug27_final_v2_bbox\val\left\12-43-09\images\left\left__GRIP_2026-08-27_12-43-09__e000296.jpg,left,cuff_side,left,1.0,9.102030761043434e-12,True
D:\GRIP_Dataset\New_model\Chirality_Crops\aug27_final_v2_bbox\val\left\12-43-09\images\left\left__GRIP_2026-08-27_12-43-09__e000296.jpg,left,centre,left,1.0,2.196147796951209e-08,True
D:\GRIP_Dataset\New_model\Chirality_Crops\aug27_final_v2_bbox\val\left\12-43-09\images\left\left__GRIP_2026-08-27_12-43-09__e000296.jpg,left,top_background,left,1.0,1.696505688209872e-14,True
D:\GRIP_Dataset\New_model\Chirality_Crops\aug27_final_v2_bbox\val\left\12-43-09\images\left\left__GRIP_2026-08-27_12-43-09__e000296.jpg,left,bottom_background,left,1.0,1.696505688209872e-14,True
D:\GRIP_Dataset\New_model\Chirality_Crops\aug27_final_v2_bbox\val\left\12-43-09\images\left\left__GRIP_2026-08-27_12-43-09__e000297.jpg,left,original,left,1.0,1.1785129296060237e-11,True
D:\GRIP_Dataset\New_model\Chirality_Crops\aug27_final_v2_bbox\val\left\12-43-09\images\left\left__GRIP_2026-08-27_12-43-09__e000297.jpg,left,finger_side,left,0.9997243285179138,0.0002756970061454922,True
D:\GRIP_Dataset\New_model\Chirality_Crops\aug27_final_v2_bbox\val\left\12-43-09\images\left\left__GRIP_2026-08-27_12-43-09__e000297.jpg,left,cuff_side,left,1.0,3.1167846081814332e-09,True
D:\GRIP_Dataset\New_model\Chirality_Crops\aug27_final_v2_bbox\val\left\12-43-09\images\left\left__GRIP_2026-08-27_12-43-09__e000297.jpg,left,centre,left,0.9999933242797852,6.651560852333205e-06,True
D:\GRIP_Dataset\New_model\Chirality_Crops\aug27_final_v2_bbox\val\left\12-43-09\images\left\left__GRIP_2026-08-27_12-43-09__e000297.jpg,left,top_background,left,1.0,1.1785129296060237e-11,True
D:\GRIP_Dataset\New_model\Chirality_Crops\aug27_final_v2_bbox\val\left\12-43-09\images\left\left__GRIP_2026-08-27_12-43-09__e000297.jpg,left,bottom_background,left,1.0,1.1785129296060237e-11,True
D:\GRIP_Dataset\New_model\Chirality_Crops\aug27_final_v2_bbox\val\left\12-43-09\images\left\left__GRIP_2026-08-27_12-43-09__e000298.jpg,left,original,left,1.0,1.3999765791083973e-09,True
D:\GRIP_Dataset\New_model\Chirality_Crops\aug27_final_v2_bbox\val\left\12-43-09\images\left\left__GRIP_2026-08-27_12-43-09__e000298.jpg,left,finger_side,left,0.9757851362228394,0.02421490103006363,True
D:\GRIP_Dataset\New_model\Chirality_Crops\aug27_final_v2_bbox\val\left\12-43-09\images\left\left__GRIP_2026-08-27_12-43-09__e000298.jpg,left,cuff_side,left,1.0,7.510910116081959e-09,True
D:\GRIP_Dataset\New_model\Chirality_Crops\aug27_final_v2_bbox\val\left\12-43-09\images\left\left__GRIP_2026-08-27_12-43-09__e000298.jpg,left,centre,left,0.9999010562896729,9.89811887848191e-05,True
D:\GRIP_Dataset\New_model\Chirality_Crops\aug27_final_v2_bbox\val\left\12-43-09\images\left\left__GRIP_2026-08-27_12-43-09__e000298.jpg,left,top_background,left,1.0,1.3999765791083973e-09,True
D:\GRIP_Dataset\New_model\Chirality_Crops\aug27_final_v2_bbox\val\left\12-43-09\images\left\left__GRIP_2026-08-27_12-43-09__e000298.jpg,left,bottom_background,left,1.0,1.3999765791083973e-09,True
D:\GRIP_Dataset\New_model\Chirality_Crops\aug27_final_v2_bbox\val\left\12-43-09\images\left\left__GRIP_2026-08-27_12-43-09__e000300.jpg,left,original,left,1.0,9.712843723752584e-11,True
D:\GRIP_Dataset\New_model\Chirality_Crops\aug27_final_v2_bbox\val\left\12-43-09\images\left\left__GRIP_2026-08-27_12-43-09__e000300.jpg,left,finger_side,left,0.9998024106025696,0.00019757816335186362,True
D:\GRIP_Dataset\New_model\Chirality_Crops\aug27_final_v2_bbox\val\left\12-43-09\images\left\left__GRIP_2026-08-27_12-43-09__e000300.jpg,left,cuff_side,left,1.0,2.5420834881551e-10,True
D:\GRIP_Dataset\New_model\Chirality_Crops\aug27_final_v2_bbox\val\left\12-43-09\images\left\left__GRIP_2026-08-27_12-43-09__e000300.jpg,left,centre,left,0.9999960660934448,3.9703018046566285e-06,True
D:\GRIP_Dataset\New_model\Chirality_Crops\aug27_final_v2_bbox\val\left\12-43-09\images\left\left__GRIP_2026-08-27_12-43-09__e000300.jpg,left,top_background,left,1.0,9.712843723752584e-11,True
D:\GRIP_Dataset\New_model\Chirality_Crops\aug27_final_v2_bbox\val\left\12-43-09\images\left\left__GRIP_2026-08-27_12-43-09__e000300.jpg,left,bottom_background,left,1.0,9.712843723752584e-11,True
D:\GRIP_Dataset\New_model\Chirality_Crops\aug27_final_v2_bbox\val\left\12-43-09\images\left\left__GRIP_2026-08-27_12-43-09__e000301.jpg,left,original,left,1.0,4.015470456142367e-10,True
D:\GRIP_Dataset\New_model\Chirality_Crops\aug27_final_v2_bbox\val\left\12-43-09\images\left\left__GRIP_2026-08-27_12-43-09__e000301.jpg,left,finger_side,left,1.0,6.142796937780304e-09,True
D:\GRIP_Dataset\New_model\Chirality_Crops\aug27_final_v2_bbox\val\left\12-43-09\images\left\left__GRIP_2026-08-27_12-43-09__e000301.jpg,left,cuff_side,left,0.9999765157699585,2.3501777832279913e-05,True
D:\GRIP_Dataset\New_model\Chirality_Crops\aug27_final_v2_bbox\val\left\12-43-09\images\left\left__GRIP_2026-08-27_12-43-09__e000301.jpg,left,centre,left,0.999998927116394,1.127561858993431e-06,True
D:\GRIP_Dataset\New_model\Chirality_Crops\aug27_final_v2_bbox\val\left\12-43-09\images\left\left__GRIP_2026-08-27_12-43-09__e000301.jpg,left,top_background,left,1.0,3.525041369911719e-10,True
D:\GRIP_Dataset\New_model\Chirality_Crops\aug27_final_v2_bbox\val\left\12-43-09\images\left\left__GRIP_2026-08-27_12-43-09__e000301.jpg,left,bottom_background,left,1.0,4.476676807030344e-10,True
D:\GRIP_Dataset\New_model\Chirality_Crops\aug27_final_v2_bbox\val\left\12-43-09\images\left\left__GRIP_2026-08-27_12-43-09__e000303.jpg,left,original,left,0.9999784231185913,2.1631843992508948e-05,True
D:\GRIP_Dataset\New_model\Chirality_Crops\aug27_final_v2_bbox\val\left\12-43-09\images\left\left__GRIP_2026-08-27_12-43-09__e000303.jpg,left,finger_side,left,0.9999185800552368,8.143153536366299e-05,True
D:\GRIP_Dataset\New_model\Chirality_Crops\aug27_final_v2_bbox\val\left\12-43-09\images\left\left__GRIP_2026-08-27_12-43-09__e000303.jpg,left,cuff_side,left,0.9910885095596313,0.00891150999814272,True
D:\GRIP_Dataset\New_model\Chirality_Crops\aug27_final_v2_bbox\val\left\12-43-09\images\left\left__GRIP_2026-08-27_12-43-09__e000303.jpg,left,centre,left,0.9997441172599792,0.0002558173146098852,True
D:\GRIP_Dataset\New_model\Chirality_Crops\aug27_final_v2_bbox\val\left\12-43-09\images\left\left__GRIP_2026-08-27_12-43-09__e000303.jpg,left,top_background,left,0.9999784231185913,2.1631843992508948e-05,True
D:\GRIP_Dataset\New_model\Chirality_Crops\aug27_final_v2_bbox\val\left\12-43-09\images\left\left__GRIP_2026-08-27_12-43-09__e000303.jpg,left,bottom_background,left,0.9999784231185913,2.1631843992508948e-05,True
D:\GRIP_Dataset\New_model\Chirality_Crops\aug27_final_v2_bbox\val\left\12-43-09\images\left\left__GRIP_2026-08-27_12-43-09__e000304.jpg,left,original,left,1.0,7.326935502760534e-09,True
D:\GRIP_Dataset\New_model\Chirality_Crops\aug27_final_v2_bbox\val\left\12-43-09\images\left\left__GRIP_2026-08-27_12-43-09__e000304.jpg,left,finger_side,left,0.9999932050704956,6.737209332641214e-06,True
D:\GRIP_Dataset\New_model\Chirality_Crops\aug27_final_v2_bbox\val\left\12-43-09\images\left\left__GRIP_2026-08-27_12-43-09__e000304.jpg,left,cuff_side,left,0.9999998807907104,1.2986050990093645e-07,True
D:\GRIP_Dataset\New_model\Chirality_Crops\aug27_final_v2_bbox\val\left\12-43-09\images\left\left__GRIP_2026-08-27_12-43-09__e000304.jpg,left,centre,left,0.9999971389770508,2.9082079890940804e-06,True
D:\GRIP_Dataset\New_model\Chirality_Crops\aug27_final_v2_bbox\val\left\12-43-09\images\left\left__GRIP_2026-08-27_12-43-09__e000304.jpg,left,top_background,left,1.0,5.480341069841188e-09,True
D:\GRIP_Dataset\New_model\Chirality_Crops\aug27_final_v2_bbox\val\left\12-43-09\images\left\left__GRIP_2026-08-27_12-43-09__e000304.jpg,left,bottom_background,left,1.0,1.2816705474705259e-09,True
D:\GRIP_Dataset\New_model\Chirality_Crops\aug27_final_v2_bbox\val\left\12-43-09\images\left\left__GRIP_2026-08-27_12-43-09__e000306.jpg,left,original,left,1.0,7.321723522607515e-13,True
D:\GRIP_Dataset\New_model\Chirality_Crops\aug27_final_v2_bbox\val\left\12-43-09\images\left\left__GRIP_2026-08-27_12-43-09__e000306.jpg,left,finger_side,left,0.9999953508377075,4.700860699813347e-06,True
D:\GRIP_Dataset\New_model\Chirality_Crops\aug27_final_v2_bbox\val\left\12-43-09\images\left\left__GRIP_2026-08-27_12-43-09__e000306.jpg,left,cuff_side,left,1.0,7.182639483183095e-10,True
D:\GRIP_Dataset\New_model\Chirality_Crops\aug27_final_v2_bbox\val\left\12-43-09\images\left\left__GRIP_2026-08-27_12-43-09__e000306.jpg,left,centre,left,0.9999991655349731,8.407876066485187e-07,True
D:\GRIP_Dataset\New_model\Chirality_Crops\aug27_final_v2_bbox\val\left\12-43-09\images\left\left__GRIP_2026-08-27_12-43-09__e000306.jpg,left,top_background,left,1.0,7.321723522607515e-13,True
D:\GRIP_Dataset\New_model\Chirality_Crops\aug27_final_v2_bbox\val\left\12-43-09\images\left\left__GRIP_2026-08-27_12-43-09__e000306.jpg,left,bottom_background,left,1.0,7.321723522607515e-13,True
D:\GRIP_Dataset\New_model\Chirality_Crops\aug27_final_v2_bbox\val\left\12-43-09\images\left\left__GRIP_2026-08-27_12-43-09__e000307.jpg,left,original,left,1.0,2.0778225060663624e-13,True
D:\GRIP_Dataset\New_model\Chirality_Crops\aug27_final_v2_bbox\val\left\12-43-09\images\left\left__GRIP_2026-08-27_12-43-09__e000307.jpg,left,finger_side,left,0.9999988079071045,1.1535539670148864e-06,True
D:\GRIP_Dataset\New_model\Chirality_Crops\aug27_final_v2_bbox\val\left\12-43-09\images\left\left__GRIP_2026-08-27_12-43-09__e000307.jpg,left,cuff_side,left,1.0,4.126224639744436e-10,True
D:\GRIP_Dataset\New_model\Chirality_Crops\aug27_final_v2_bbox\val\left\12-43-09\images\left\left__GRIP_2026-08-27_12-43-09__e000307.jpg,left,centre,left,0.9999997615814209,2.97698193207907e-07,True
D:\GRIP_Dataset\New_model\Chirality_Crops\aug27_final_v2_bbox\val\left\12-43-09\images\left\left__GRIP_2026-08-27_12-43-09__e000307.jpg,left,top_background,left,1.0,2.0778225060663624e-13,True
D:\GRIP_Dataset\New_model\Chirality_Crops\aug27_final_v2_bbox\val\left\12-43-09\images\left\left__GRIP_2026-08-27_12-43-09__e000307.jpg,left,bottom_background,left,1.0,2.0778225060663624e-13,True
D:\GRIP_Dataset\New_model\Chirality_Crops\aug27_final_v2_bbox\val\left\12-43-09\images\left\left__GRIP_2026-08-27_12-43-09__e000308.jpg,left,original,left,0.9999998807907104,6.706503086206794e-08,True
D:\GRIP_Dataset\New_model\Chirality_Crops\aug27_final_v2_bbox\val\left\12-43-09\images\left\left__GRIP_2026-08-27_12-43-09__e000308.jpg,left,finger_side,left,0.9980317950248718,0.0019681425765156746,True
D:\GRIP_Dataset\New_model\Chirality_Crops\aug27_final_v2_bbox\val\left\12-43-09\images\left\left__GRIP_2026-08-27_12-43-09__e000308.jpg,left,cuff_side,left,0.9999865293502808,1.3434328138828278e-05,True
D:\GRIP_Dataset\New_model\Chirality_Crops\aug27_final_v2_bbox\val\left\12-43-09\images\left\left__GRIP_2026-08-27_12-43-09__e000308.jpg,left,centre,left,0.9993532299995422,0.0006468123756349087,True
D:\GRIP_Dataset\New_model\Chirality_Crops\aug27_final_v2_bbox\val\left\12-43-09\images\left\left__GRIP_2026-08-27_12-43-09__e000308.jpg,left,top_background,left,0.9999998807907104,8.105882187692259e-08,True
D:\GRIP_Dataset\New_model\Chirality_Crops\aug27_final_v2_bbox\val\left\12-43-09\images\left\left__GRIP_2026-08-27_12-43-09__e000308.jpg,left,bottom_background,left,1.0,2.3263897475089834e-09,True
D:\GRIP_Dataset\New_model\Chirality_Crops\aug27_final_v2_bbox\val\left\12-43-09\images\left\left__GRIP_2026-08-27_12-43-09__e000310.jpg,left,original,left,1.0,5.78155257002777e-09,True
D:\GRIP_Dataset\New_model\Chirality_Crops\aug27_final_v2_bbox\val\left\12-43-09\images\left\left__GRIP_2026-08-27_12-43-09__e000310.jpg,left,finger_side,left,0.9893084764480591,0.010691476985812187,True
D:\GRIP_Dataset\New_model\Chirality_Crops\aug27_final_v2_bbox\val\left\12-43-09\images\left\left__GRIP_2026-08-27_12-43-09__e000310.jpg,left,cuff_side,left,0.9999998807907104,6.07722299150737e-08,True
D:\GRIP_Dataset\New_model\Chirality_Crops\aug27_final_v2_bbox\val\left\12-43-09\images\left\left__GRIP_2026-08-27_12-43-09__e000310.jpg,left,centre,left,0.9999810457229614,1.893957596621476e-05,True
D:\GRIP_Dataset\New_model\Chirality_Crops\aug27_final_v2_bbox\val\left\12-43-09\images\left\left__GRIP_2026-08-27_12-43-09__e000310.jpg,left,top_background,left,1.0,4.281857535204381e-09,True
D:\GRIP_Dataset\New_model\Chirality_Crops\aug27_final_v2_bbox\val\left\12-43-09\images\left\left__GRIP_2026-08-27_12-43-09__e000310.jpg,left,bottom_background,left,1.0,7.626759668255545e-09,True
D:\GRIP_Dataset\New_model\Chirality_Crops\aug27_final_v2_bbox\val\left\12-43-09\images\left\left__GRIP_2026-08-27_12-43-09__e000312.jpg,left,original,left,1.0,4.101813957105093e-17,True
D:\GRIP_Dataset\New_model\Chirality_Crops\aug27_final_v2_bbox\val\left\12-43-09\images\left\left__GRIP_2026-08-27_12-43-09__e000312.jpg,left,finger_side,left,1.0,3.2003029115657e-09,True
D:\GRIP_Dataset\New_model\Chirality_Crops\aug27_final_v2_bbox\val\left\12-43-09\images\left\left__GRIP_2026-08-27_12-43-09__e000312.jpg,left,cuff_side,left,1.0,1.727207650991866e-13,True
D:\GRIP_Dataset\New_model\Chirality_Crops\aug27_final_v2_bbox\val\left\12-43-09\images\left\left__GRIP_2026-08-27_12-43-09__e000312.jpg,left,centre,left,1.0,7.0047851963295216e-09,True
D:\GRIP_Dataset\New_model\Chirality_Crops\aug27_final_v2_bbox\val\left\12-43-09\images\left\left__GRIP_2026-08-27_12-43-09__e000312.jpg,left,top_background,left,1.0,4.6705902946137003e-17,True
D:\GRIP_Dataset\New_model\Chirality_Crops\aug27_final_v2_bbox\val\left\12-43-09\images\left\left__GRIP_2026-08-27_12-43-09__e000312.jpg,left,bottom_background,left,1.0,5.05728399609244e-17,True
D:\GRIP_Dataset\New_model\Chirality_Crops\aug27_final_v2_bbox\val\left\12-43-09\images\left\left__GRIP_2026-08-27_12-43-09__e000314.jpg,left,original,left,1.0,5.761594312758689e-09,True
D:\GRIP_Dataset\New_model\Chirality_Crops\aug27_final_v2_bbox\val\left\12-43-09\images\left\left__GRIP_2026-08-27_12-43-09__e000314.jpg,left,finger_side,left,0.9999887943267822,1.1182068192283623e-05,True
D:\GRIP_Dataset\New_model\Chirality_Crops\aug27_final_v2_bbox\val\left\12-43-09\images\left\left__GRIP_2026-08-27_12-43-09__e000314.jpg,left,cuff_side,left,0.9999946355819702,5.321645403455477e-06,True
D:\GRIP_Dataset\New_model\Chirality_Crops\aug27_final_v2_bbox\val\left\12-43-09\images\left\left__GRIP_2026-08-27_12-43-09__e000314.jpg,left,centre,left,0.9778720736503601,0.022127920761704445,True
D:\GRIP_Dataset\New_model\Chirality_Crops\aug27_final_v2_bbox\val\left\12-43-09\images\left\left__GRIP_2026-08-27_12-43-09__e000314.jpg,left,top_background,left,1.0,5.783780565593588e-09,True
D:\GRIP_Dataset\New_model\Chirality_Crops\aug27_final_v2_bbox\val\left\12-43-09\images\left\left__GRIP_2026-08-27_12-43-09__e000314.jpg,left,bottom_background,left,1.0,2.8171771582208294e-09,True
D:\GRIP_Dataset\New_model\Chirality_Crops\aug27_final_v2_bbox\val\left\12-43-09\images\left\left__GRIP_2026-08-27_12-43-09__e000316.jpg,left,original,left,1.0,8.080369706675583e-11,True
D:\GRIP_Dataset\New_model\Chirality_Crops\aug27_final_v2_bbox\val\left\12-43-09\images\left\left__GRIP_2026-08-27_12-43-09__e000316.jpg,left,finger_side,left,0.9999905824661255,9.404551747138612e-06,True
D:\GRIP_Dataset\New_model\Chirality_Crops\aug27_final_v2_bbox\val\left\12-43-09\images\left\left__GRIP_2026-08-27_12-43-09__e000316.jpg,left,cuff_side,left,0.9999963045120239,3.642065394160454e-06,True
D:\GRIP_Dataset\New_model\Chirality_Crops\aug27_final_v2_bbox\val\left\12-43-09\images\left\left__GRIP_2026-08-27_12-43-09__e000316.jpg,left,centre,left,0.9999947547912598,5.193167908146279e-06,True
D:\GRIP_Dataset\New_model\Chirality_Crops\aug27_final_v2_bbox\val\left\12-43-09\images\left\left__GRIP_2026-08-27_12-43-09__e000316.jpg,left,top_background,left,1.0,5.346546469442437e-11,True
D:\GRIP_Dataset\New_model\Chirality_Crops\aug27_final_v2_bbox\val\left\12-43-09\images\left\left__GRIP_2026-08-27_12-43-09__e000316.jpg,left,bottom_background,left,1.0,7.289876341465273e-11,True
D:\GRIP_Dataset\New_model\Chirality_Crops\aug27_final_v2_bbox\val\left\12-43-09\images\left\left__GRIP_2026-08-27_12-43-09__e000317.jpg,left,original,left,1.0,2.1603814223669637e-11,True
D:\GRIP_Dataset\New_model\Chirality_Crops\aug27_final_v2_bbox\val\left\12-43-09\images\left\left__GRIP_2026-08-27_12-43-09__e000317.jpg,left,finger_side,left,1.0,7.503975774092453e-10,True
D:\GRIP_Dataset\New_model\Chirality_Crops\aug27_final_v2_bbox\val\left\12-43-09\images\left\left__GRIP_2026-08-27_12-43-09__e000317.jpg,left,cuff_side,left,0.9999997615814209,2.1141190131857002e-07,True
D:\GRIP_Dataset\New_model\Chirality_Crops\aug27_final_v2_bbox\val\left\12-43-09\images\left\left__GRIP_2026-08-27_12-43-09__e000317.jpg,left,centre,left,0.9999996423721313,3.573870230866305e-07,True
D:\GRIP_Dataset\New_model\Chirality_Crops\aug27_final_v2_bbox\val\left\12-43-09\images\left\left__GRIP_2026-08-27_12-43-09__e000317.jpg,left,top_background,left,1.0,1.8422837907983158e-11,True
D:\GRIP_Dataset\New_model\Chirality_Crops\aug27_final_v2_bbox\val\left\12-43-09\images\left\left__GRIP_2026-08-27_12-43-09__e000317.jpg,left,bottom_background,left,1.0,1.9291689773437426e-11,True
D:\GRIP_Dataset\New_model\Chirality_Crops\aug27_final_v2_bbox\val\left\12-43-09\images\left\left__GRIP_2026-08-27_12-43-09__e000319.jpg,left,original,left,1.0,4.529262622371194e-15,True
D:\GRIP_Dataset\New_model\Chirality_Crops\aug27_final_v2_bbox\val\left\12-43-09\images\left\left__GRIP_2026-08-27_12-43-09__e000319.jpg,left,finger_side,left,0.999998927116394,1.1100829624410835e-06,True
D:\GRIP_Dataset\New_model\Chirality_Crops\aug27_final_v2_bbox\val\left\12-43-09\images\left\left__GRIP_2026-08-27_12-43-09__e000319.jpg,left,cuff_side,left,1.0,5.046899096555757e-12,True
D:\GRIP_Dataset\New_model\Chirality_Crops\aug27_final_v2_bbox\val\left\12-43-09\images\left\left__GRIP_2026-08-27_12-43-09__e000319.jpg,left,centre,left,1.0,5.399166980168957e-08,True
D:\GRIP_Dataset\New_model\Chirality_Crops\aug27_final_v2_bbox\val\left\12-43-09\images\left\left__GRIP_2026-08-27_12-43-09__e000319.jpg,left,top_background,left,1.0,6.4996598869108274e-15,True
D:\GRIP_Dataset\New_model\Chirality_Crops\aug27_final_v2_bbox\val\left\12-43-09\images\left\left__GRIP_2026-08-27_12-43-09__e000319.jpg,left,bottom_background,left,1.0,1.4954792317830668e-15,True
D:\GRIP_Dataset\New_model\Chirality_Crops\aug27_final_v2_bbox\val\left\12-43-09\images\left\left__GRIP_2026-08-27_12-43-09__e000321.jpg,left,original,left,1.0,2.061941620863563e-15,True
D:\GRIP_Dataset\New_model\Chirality_Crops\aug27_final_v2_bbox\val\left\12-43-09\images\left\left__GRIP_2026-08-27_12-43-09__e000321.jpg,left,finger_side,left,0.9999847412109375,1.5274017641786486e-05,True
D:\GRIP_Dataset\New_model\Chirality_Crops\aug27_final_v2_bbox\val\left\12-43-09\images\left\left__GRIP_2026-08-27_12-43-09__e000321.jpg,left,cuff_side,left,1.0,7.294684821468334e-12,True
D:\GRIP_Dataset\New_model\Chirality_Crops\aug27_final_v2_bbox\val\left\12-43-09\images\left\left__GRIP_2026-08-27_12-43-09__e000321.jpg,left,centre,left,1.0,3.6489275601070403e-08,True
D:\GRIP_Dataset\New_model\Chirality_Crops\aug27_final_v2_bbox\val\left\12-43-09\images\left\left__GRIP_2026-08-27_12-43-09__e000321.jpg,left,top_background,left,1.0,2.230043356059178e-15,True
D:\GRIP_Dataset\New_model\Chirality_Crops\aug27_final_v2_bbox\val\left\12-43-09\images\left\left__GRIP_2026-08-27_12-43-09__e000321.jpg,left,bottom_background,left,1.0,2.3210022008583178e-15,True
D:\GRIP_Dataset\New_model\Chirality_Crops\aug27_final_v2_bbox\val\left\12-43-09\images\left\left__GRIP_2026-08-27_12-43-09__e000322.jpg,left,original,left,1.0,3.4931018716649956e-14,True
D:\GRIP_Dataset\New_model\Chirality_Crops\aug27_final_v2_bbox\val\left\12-43-09\images\left\left__GRIP_2026-08-27_12-43-09__e000322.jpg,left,finger_side,left,0.9987778067588806,0.0012221576180309057,True
D:\GRIP_Dataset\New_model\Chirality_Crops\aug27_final_v2_bbox\val\left\12-43-09\images\left\left__GRIP_2026-08-27_12-43-09__e000322.jpg,left,cuff_side,left,1.0,1.0500785657674427e-10,True
D:\GRIP_Dataset\New_model\Chirality_Crops\aug27_final_v2_bbox\val\left\12-43-09\images\left\left__GRIP_2026-08-27_12-43-09__e000322.jpg,left,centre,left,0.9999983310699463,1.664747173890646e-06,True
D:\GRIP_Dataset\New_model\Chirality_Crops\aug27_final_v2_bbox\val\left\12-43-09\images\left\left__GRIP_2026-08-27_12-43-09__e000322.jpg,left,top_background,left,1.0,8.406826396047812e-14,True
D:\GRIP_Dataset\New_model\Chirality_Crops\aug27_final_v2_bbox\val\left\12-43-09\images\left\left__GRIP_2026-08-27_12-43-09__e000322.jpg,left,bottom_background,left,1.0,7.276029957573385e-14,True
D:\GRIP_Dataset\New_model\Chirality_Crops\aug27_final_v2_bbox\val\left\12-43-09\images\left\left__GRIP_2026-08-27_12-43-09__e000323.jpg,left,original,left,1.0,3.500021605873371e-08,True
D:\GRIP_Dataset\New_model\Chirality_Crops\aug27_final_v2_bbox\val\left\12-43-09\images\left\left__GRIP_2026-08-27_12-43-09__e000323.jpg,left,finger_side,left,1.0,5.251562379404717e-11,True
D:\GRIP_Dataset\New_model\Chirality_Crops\aug27_final_v2_bbox\val\left\12-43-09\images\left\left__GRIP_2026-08-27_12-43-09__e000323.jpg,left,cuff_side,left,0.9934278130531311,0.006572123616933823,True
D:\GRIP_Dataset\New_model\Chirality_Crops\aug27_final_v2_bbox\val\left\12-43-09\images\left\left__GRIP_2026-08-27_12-43-09__e000323.jpg,left,centre,left,0.9998852014541626,0.00011479515524115413,True
D:\GRIP_Dataset\New_model\Chirality_Crops\aug27_final_v2_bbox\val\left\12-43-09\images\left\left__GRIP_2026-08-27_12-43-09__e000323.jpg,left,top_background,left,1.0,3.500021605873371e-08,True
D:\GRIP_Dataset\New_model\Chirality_Crops\aug27_final_v2_bbox\val\left\12-43-09\images\left\left__GRIP_2026-08-27_12-43-09__e000323.jpg,left,bottom_background,left,1.0,3.500021605873371e-08,True
D:\GRIP_Dataset\New_model\Chirality_Crops\aug27_final_v2_bbox\val\left\12-43-09\images\left\left__GRIP_2026-08-27_12-43-09__e000324.jpg,left,original,left,1.0,1.8003574187019922e-09,True
D:\GRIP_Dataset\New_model\Chirality_Crops\aug27_final_v2_bbox\val\left\12-43-09\images\left\left__GRIP_2026-08-27_12-43-09__e000324.jpg,left,finger_side,left,1.0,8.532182738107963e-10,True
D:\GRIP_Dataset\New_model\Chirality_Crops\aug27_final_v2_bbox\val\left\12-43-09\images\left\left__GRIP_2026-08-27_12-43-09__e000324.jpg,left,cuff_side,left,0.9999940395355225,5.959820555290207e-06,True
D:\GRIP_Dataset\New_model\Chirality_Crops\aug27_final_v2_bbox\val\left\12-43-09\images\left\left__GRIP_2026-08-27_12-43-09__e000324.jpg,left,centre,left,0.9999284744262695,7.156252831919119e-05,True
D:\GRIP_Dataset\New_model\Chirality_Crops\aug27_final_v2_bbox\val\left\12-43-09\images\left\left__GRIP_2026-08-27_12-43-09__e000324.jpg,left,top_background,left,1.0,2.649947816735221e-09,True
D:\GRIP_Dataset\New_model\Chirality_Crops\aug27_final_v2_bbox\val\left\12-43-09\images\left\left__GRIP_2026-08-27_12-43-09__e000324.jpg,left,bottom_background,left,1.0,1.6378307043929397e-10,True
D:\GRIP_Dataset\New_model\Chirality_Crops\aug27_final_v2_bbox\val\left\12-43-09\images\left\left__GRIP_2026-08-27_12-43-09__e000325.jpg,left,original,left,0.9999998807907104,1.6352142040432227e-07,True
D:\GRIP_Dataset\New_model\Chirality_Crops\aug27_final_v2_bbox\val\left\12-43-09\images\left\left__GRIP_2026-08-27_12-43-09__e000325.jpg,left,finger_side,left,0.999998927116394,1.0137364370166324e-06,True
D:\GRIP_Dataset\New_model\Chirality_Crops\aug27_final_v2_bbox\val\left\12-43-09\images\left\left__GRIP_2026-08-27_12-43-09__e000325.jpg,left,cuff_side,left,0.9999921321868896,7.84159328759415e-06,True
D:\GRIP_Dataset\New_model\Chirality_Crops\aug27_final_v2_bbox\val\left\12-43-09\images\left\left__GRIP_2026-08-27_12-43-09__e000325.jpg,left,centre,left,0.9981831908226013,0.0018167278030887246,True
D:\GRIP_Dataset\New_model\Chirality_Crops\aug27_final_v2_bbox\val\left\12-43-09\images\left\left__GRIP_2026-08-27_12-43-09__e000325.jpg,left,top_background,left,0.9999998807907104,1.6352142040432227e-07,True
D:\GRIP_Dataset\New_model\Chirality_Crops\aug27_final_v2_bbox\val\left\12-43-09\images\left\left__GRIP_2026-08-27_12-43-09__e000325.jpg,left,bottom_background,left,0.9999998807907104,1.6352142040432227e-07,True
D:\GRIP_Dataset\New_model\Chirality_Crops\aug27_final_v2_bbox\val\left\12-43-09\images\left\left__GRIP_2026-08-27_12-43-09__e000326.jpg,left,original,left,1.0,1.2767250834801118e-20,True
D:\GRIP_Dataset\New_model\Chirality_Crops\aug27_final_v2_bbox\val\left\12-43-09\images\left\left__GRIP_2026-08-27_12-43-09__e000326.jpg,left,finger_side,left,1.0,8.842412912990483e-11,True
D:\GRIP_Dataset\New_model\Chirality_Crops\aug27_final_v2_bbox\val\left\12-43-09\images\left\left__GRIP_2026-08-27_12-43-09__e000326.jpg,left,cuff_side,left,1.0,3.528129791586086e-17,True
D:\GRIP_Dataset\New_model\Chirality_Crops\aug27_final_v2_bbox\val\left\12-43-09\images\left\left__GRIP_2026-08-27_12-43-09__e000326.jpg,left,centre,left,1.0,3.9139757407324893e-11,True
D:\GRIP_Dataset\New_model\Chirality_Crops\aug27_final_v2_bbox\val\left\12-43-09\images\left\left__GRIP_2026-08-27_12-43-09__e000326.jpg,left,top_background,left,1.0,9.755292354039477e-21,True
D:\GRIP_Dataset\New_model\Chirality_Crops\aug27_final_v2_bbox\val\left\12-43-09\images\left\left__GRIP_2026-08-27_12-43-09__e000326.jpg,left,bottom_background,left,1.0,1.2762089841701898e-20,True
D:\GRIP_Dataset\New_model\Chirality_Crops\aug27_final_v2_bbox\val\left\12-43-09\images\left\left__GRIP_2026-08-27_12-43-09__e000327.jpg,left,original,left,1.0,3.510293591175648e-14,True
D:\GRIP_Dataset\New_model\Chirality_Crops\aug27_final_v2_bbox\val\left\12-43-09\images\left\left__GRIP_2026-08-27_12-43-09__e000327.jpg,left,finger_side,left,1.0,5.476317641549266e-13,True
D:\GRIP_Dataset\New_model\Chirality_Crops\aug27_final_v2_bbox\val\left\12-43-09\images\left\left__GRIP_2026-08-27_12-43-09__e000327.jpg,left,cuff_side,left,1.0,4.917858897890426e-10,True
D:\GRIP_Dataset\New_model\Chirality_Crops\aug27_final_v2_bbox\val\left\12-43-09\images\left\left__GRIP_2026-08-27_12-43-09__e000327.jpg,left,centre,left,1.0,3.2259091398145756e-08,True
D:\GRIP_Dataset\New_model\Chirality_Crops\aug27_final_v2_bbox\val\left\12-43-09\images\left\left__GRIP_2026-08-27_12-43-09__e000327.jpg,left,top_background,left,1.0,1.7141937690276152e-14,True
D:\GRIP_Dataset\New_model\Chirality_Crops\aug27_final_v2_bbox\val\left\12-43-09\images\left\left__GRIP_2026-08-27_12-43-09__e000327.jpg,left,bottom_background,left,1.0,5.374283866375765e-15,True
D:\GRIP_Dataset\New_model\Chirality_Crops\aug27_final_v2_bbox\val\left\12-43-09\images\left\left__GRIP_2026-08-27_12-43-09__e000328.jpg,left,original,left,1.0,2.754044822056434e-12,True
D:\GRIP_Dataset\New_model\Chirality_Crops\aug27_final_v2_bbox\val\left\12-43-09\images\left\left__GRIP_2026-08-27_12-43-09__e000328.jpg,left,finger_side,left,0.9998520612716675,0.00014790429850108922,True
D:\GRIP_Dataset\New_model\Chirality_Crops\aug27_final_v2_bbox\val\left\12-43-09\images\left\left__GRIP_2026-08-27_12-43-09__e000328.jpg,left,cuff_side,left,1.0,1.0294574220859332e-11,True
D:\GRIP_Dataset\New_model\Chirality_Crops\aug27_final_v2_bbox\val\left\12-43-09\images\left\left__GRIP_2026-08-27_12-43-09__e000328.jpg,left,centre,left,0.999995231628418,4.765339326695539e-06,True
D:\GRIP_Dataset\New_model\Chirality_Crops\aug27_final_v2_bbox\val\left\12-43-09\images\left\left__GRIP_2026-08-27_12-43-09__e000328.jpg,left,top_background,left,1.0,2.2415693433364137e-12,True
D:\GRIP_Dataset\New_model\Chirality_Crops\aug27_final_v2_bbox\val\left\12-43-09\images\left\left__GRIP_2026-08-27_12-43-09__e000328.jpg,left,bottom_background,left,1.0,7.390275999670515e-13,True
D:\GRIP_Dataset\New_model\Chirality_Crops\aug27_final_v2_bbox\val\left\12-43-09\images\left\left__GRIP_2026-08-27_12-43-09__e000329.jpg,left,original,left,1.0,1.9104112736201273e-10,True
D:\GRIP_Dataset\New_model\Chirality_Crops\aug27_final_v2_bbox\val\left\12-43-09\images\left\left__GRIP_2026-08-27_12-43-09__e000329.jpg,left,finger_side,left,0.9999998807907104,7.671582125112764e-08,True
D:\GRIP_Dataset\New_model\Chirality_Crops\aug27_final_v2_bbox\val\left\12-43-09\images\left\left__GRIP_2026-08-27_12-43-09__e000329.jpg,left,cuff_side,left,1.0,4.564817412955335e-09,True
D:\GRIP_Dataset\New_model\Chirality_Crops\aug27_final_v2_bbox\val\left\12-43-09\images\left\left__GRIP_2026-08-27_12-43-09__e000329.jpg,left,centre,left,0.999045193195343,0.0009548368980176747,True
D:\GRIP_Dataset\New_model\Chirality_Crops\aug27_final_v2_bbox\val\left\12-43-09\images\left\left__GRIP_2026-08-27_12-43-09__e000329.jpg,left,top_background,left,1.0,9.670977352271848e-10,True
D:\GRIP_Dataset\New_model\Chirality_Crops\aug27_final_v2_bbox\val\left\12-43-09\images\left\left__GRIP_2026-08-27_12-43-09__e000329.jpg,left,bottom_background,left,1.0,1.5705077863192862e-11,True
D:\GRIP_Dataset\New_model\Chirality_Crops\aug27_final_v2_bbox\val\left\12-43-09\images\left\left__GRIP_2026-08-27_12-43-09__e000330.jpg,left,original,left,1.0,5.764533544515976e-15,True
D:\GRIP_Dataset\New_model\Chirality_Crops\aug27_final_v2_bbox\val\left\12-43-09\images\left\left__GRIP_2026-08-27_12-43-09__e000330.jpg,left,finger_side,left,0.99998939037323,1.0569463483989239e-05,True
D:\GRIP_Dataset\New_model\Chirality_Crops\aug27_final_v2_bbox\val\left\12-43-09\images\left\left__GRIP_2026-08-27_12-43-09__e000330.jpg,left,cuff_side,left,1.0,9.004165468784464e-11,True
D:\GRIP_Dataset\New_model\Chirality_Crops\aug27_final_v2_bbox\val\left\12-43-09\images\left\left__GRIP_2026-08-27_12-43-09__e000330.jpg,left,centre,left,1.0,4.027868261147205e-09,True
D:\GRIP_Dataset\New_model\Chirality_Crops\aug27_final_v2_bbox\val\left\12-43-09\images\left\left__GRIP_2026-08-27_12-43-09__e000330.jpg,left,top_background,left,1.0,5.764533544515976e-15,True
D:\GRIP_Dataset\New_model\Chirality_Crops\aug27_final_v2_bbox\val\left\12-43-09\images\left\left__GRIP_2026-08-27_12-43-09__e000330.jpg,left,bottom_background,left,1.0,5.764533544515976e-15,True
D:\GRIP_Dataset\New_model\Chirality_Crops\aug27_final_v2_bbox\val\left\12-43-09\images\left\left__GRIP_2026-08-27_12-43-09__e000332.jpg,left,original,left,1.0,1.54550539033238e-10,True
D:\GRIP_Dataset\New_model\Chirality_Crops\aug27_final_v2_bbox\val\left\12-43-09\images\left\left__GRIP_2026-08-27_12-43-09__e000332.jpg,left,finger_side,left,0.9999998807907104,1.3779867913399357e-07,True
D:\GRIP_Dataset\New_model\Chirality_Crops\aug27_final_v2_bbox\val\left\12-43-09\images\left\left__GRIP_2026-08-27_12-43-09__e000332.jpg,left,cuff_side,left,1.0,1.760438550491017e-08,True
D:\GRIP_Dataset\New_model\Chirality_Crops\aug27_final_v2_bbox\val\left\12-43-09\images\left\left__GRIP_2026-08-27_12-43-09__e000332.jpg,left,centre,left,0.9997633099555969,0.00023664675245527178,True
D:\GRIP_Dataset\New_model\Chirality_Crops\aug27_final_v2_bbox\val\left\12-43-09\images\left\left__GRIP_2026-08-27_12-43-09__e000332.jpg,left,top_background,left,1.0,1.91592866571888e-10,True
D:\GRIP_Dataset\New_model\Chirality_Crops\aug27_final_v2_bbox\val\left\12-43-09\images\left\left__GRIP_2026-08-27_12-43-09__e000332.jpg,left,bottom_background,left,1.0,1.244945292688815e-11,True
D:\GRIP_Dataset\New_model\Chirality_Crops\aug27_final_v2_bbox\val\left\12-43-09\images\left\left__GRIP_2026-08-27_12-43-09__e000333.jpg,left,original,left,0.9999998807907104,1.18516268798885e-07,True
D:\GRIP_Dataset\New_model\Chirality_Crops\aug27_final_v2_bbox\val\left\12-43-09\images\left\left__GRIP_2026-08-27_12-43-09__e000333.jpg,left,finger_side,left,0.99958735704422,0.0004126430721953511,True
D:\GRIP_Dataset\New_model\Chirality_Crops\aug27_final_v2_bbox\val\left\12-43-09\images\left\left__GRIP_2026-08-27_12-43-09__e000333.jpg,left,cuff_side,left,0.9994932413101196,0.0005067346501164138,True
D:\GRIP_Dataset\New_model\Chirality_Crops\aug27_final_v2_bbox\val\left\12-43-09\images\left\left__GRIP_2026-08-27_12-43-09__e000333.jpg,left,centre,left,0.9976195693016052,0.0023803941439837217,True
D:\GRIP_Dataset\New_model\Chirality_Crops\aug27_final_v2_bbox\val\left\12-43-09\images\left\left__GRIP_2026-08-27_12-43-09__e000333.jpg,left,top_background,left,0.9999998807907104,1.1837168756301253e-07,True
D:\GRIP_Dataset\New_model\Chirality_Crops\aug27_final_v2_bbox\val\left\12-43-09\images\left\left__GRIP_2026-08-27_12-43-09__e000333.jpg,left,bottom_background,left,0.9999998807907104,1.2064835175351618e-07,True
D:\GRIP_Dataset\New_model\Chirality_Crops\aug27_final_v2_bbox\val\left\12-43-09\images\left\left__GRIP_2026-08-27_12-43-09__e000334.jpg,left,original,left,1.0,7.76406328117929e-10,True
D:\GRIP_Dataset\New_model\Chirality_Crops\aug27_final_v2_bbox\val\left\12-43-09\images\left\left__GRIP_2026-08-27_12-43-09__e000334.jpg,left,finger_side,left,0.9999617338180542,3.8252779631875455e-05,True
D:\GRIP_Dataset\New_model\Chirality_Crops\aug27_final_v2_bbox\val\left\12-43-09\images\left\left__GRIP_2026-08-27_12-43-09__e000334.jpg,left,cuff_side,left,1.0,2.286227318570866e-10,True
D:\GRIP_Dataset\New_model\Chirality_Crops\aug27_final_v2_bbox\val\left\12-43-09\images\left\left__GRIP_2026-08-27_12-43-09__e000334.jpg,left,centre,left,1.0,4.5918376656572946e-08,True
D:\GRIP_Dataset\New_model\Chirality_Crops\aug27_final_v2_bbox\val\left\12-43-09\images\left\left__GRIP_2026-08-27_12-43-09__e000334.jpg,left,top_background,left,1.0,7.76406328117929e-10,True
D:\GRIP_Dataset\New_model\Chirality_Crops\aug27_final_v2_bbox\val\left\12-43-09\images\left\left__GRIP_2026-08-27_12-43-09__e000334.jpg,left,bottom_background,left,1.0,7.76406328117929e-10,True
D:\GRIP_Dataset\New_model\Chirality_Crops\aug27_final_v2_bbox\val\left\12-43-09\images\left\left__GRIP_2026-08-27_12-43-09__e000335.jpg,left,original,left,0.997975766658783,0.002024287823587656,True
D:\GRIP_Dataset\New_model\Chirality_Crops\aug27_final_v2_bbox\val\left\12-43-09\images\left\left__GRIP_2026-08-27_12-43-09__e000335.jpg,left,finger_side,left,0.5410124063491821,0.45898762345314026,True
D:\GRIP_Dataset\New_model\Chirality_Crops\aug27_final_v2_bbox\val\left\12-43-09\images\left\left__GRIP_2026-08-27_12-43-09__e000335.jpg,left,cuff_side,left,0.999883770942688,0.00011620222358033061,True
D:\GRIP_Dataset\New_model\Chirality_Crops\aug27_final_v2_bbox\val\left\12-43-09\images\left\left__GRIP_2026-08-27_12-43-09__e000335.jpg,left,centre,left,0.9998582601547241,0.00014172412920743227,True
D:\GRIP_Dataset\New_model\Chirality_Crops\aug27_final_v2_bbox\val\left\12-43-09\images\left\left__GRIP_2026-08-27_12-43-09__e000335.jpg,left,top_background,left,0.997975766658783,0.002024287823587656,True
D:\GRIP_Dataset\New_model\Chirality_Crops\aug27_final_v2_bbox\val\left\12-43-09\images\left\left__GRIP_2026-08-27_12-43-09__e000335.jpg,left,bottom_background,left,0.997975766658783,0.002024287823587656,True
D:\GRIP_Dataset\New_model\Chirality_Crops\aug27_final_v2_bbox\val\left\12-43-09\images\left\left__GRIP_2026-08-27_12-43-09__e000337.jpg,left,original,left,1.0,1.7757590953237923e-08,True
D:\GRIP_Dataset\New_model\Chirality_Crops\aug27_final_v2_bbox\val\left\12-43-09\images\left\left__GRIP_2026-08-27_12-43-09__e000337.jpg,left,finger_side,left,0.9984598159790039,0.001540140132419765,True
D:\GRIP_Dataset\New_model\Chirality_Crops\aug27_final_v2_bbox\val\left\12-43-09\images\left\left__GRIP_2026-08-27_12-43-09__e000337.jpg,left,cuff_side,left,0.9999997615814209,2.8672661755990703e-07,True
D:\GRIP_Dataset\New_model\Chirality_Crops\aug27_final_v2_bbox\val\left\12-43-09\images\left\left__GRIP_2026-08-27_12-43-09__e000337.jpg,left,centre,left,0.9995614886283875,0.00043844262836501,True
D:\GRIP_Dataset\New_model\Chirality_Crops\aug27_final_v2_bbox\val\left\12-43-09\images\left\left__GRIP_2026-08-27_12-43-09__e000337.jpg,left,top_background,left,1.0,1.7757590953237923e-08,True
D:\GRIP_Dataset\New_model\Chirality_Crops\aug27_final_v2_bbox\val\left\12-43-09\images\left\left__GRIP_2026-08-27_12-43-09__e000337.jpg,left,bottom_background,left,1.0,1.7757590953237923e-08,True
D:\GRIP_Dataset\New_model\Chirality_Crops\aug27_final_v2_bbox\val\left\12-43-09\images\left\left__GRIP_2026-08-27_12-43-09__e000338.jpg,left,original,left,1.0,2.6292087951240717e-10,True
D:\GRIP_Dataset\New_model\Chirality_Crops\aug27_final_v2_bbox\val\left\12-43-09\images\left\left__GRIP_2026-08-27_12-43-09__e000338.jpg,left,finger_side,left,0.959693968296051,0.04030602425336838,True
D:\GRIP_Dataset\New_model\Chirality_Crops\aug27_final_v2_bbox\val\left\12-43-09\images\left\left__GRIP_2026-08-27_12-43-09__e000338.jpg,left,cuff_side,left,1.0,2.684681990605675e-11,True
D:\GRIP_Dataset\New_model\Chirality_Crops\aug27_final_v2_bbox\val\left\12-43-09\images\left\left__GRIP_2026-08-27_12-43-09__e000338.jpg,left,centre,left,0.9999488592147827,5.113198858452961e-05,True
D:\GRIP_Dataset\New_model\Chirality_Crops\aug27_final_v2_bbox\val\left\12-43-09\images\left\left__GRIP_2026-08-27_12-43-09__e000338.jpg,left,top_background,left,1.0,2.3123739034680568e-10,True
D:\GRIP_Dataset\New_model\Chirality_Crops\aug27_final_v2_bbox\val\left\12-43-09\images\left\left__GRIP_2026-08-27_12-43-09__e000338.jpg,left,bottom_background,left,1.0,3.4445069019284347e-10,True
D:\GRIP_Dataset\New_model\Chirality_Crops\aug27_final_v2_bbox\val\left\12-43-09\images\left\left__GRIP_2026-08-27_12-43-09__e000340.jpg,left,original,left,1.0,2.338479236640989e-11,True
D:\GRIP_Dataset\New_model\Chirality_Crops\aug27_final_v2_bbox\val\left\12-43-09\images\left\left__GRIP_2026-08-27_12-43-09__e000340.jpg,left,finger_side,left,0.999993085861206,6.903031589899911e-06,True
D:\GRIP_Dataset\New_model\Chirality_Crops\aug27_final_v2_bbox\val\left\12-43-09\images\left\left__GRIP_2026-08-27_12-43-09__e000340.jpg,left,cuff_side,left,1.0,2.20777298665098e-08,True
D:\GRIP_Dataset\New_model\Chirality_Crops\aug27_final_v2_bbox\val\left\12-43-09\images\left\left__GRIP_2026-08-27_12-43-09__e000340.jpg,left,centre,left,0.9999973773956299,2.6350289772381075e-06,True
D:\GRIP_Dataset\New_model\Chirality_Crops\aug27_final_v2_bbox\val\left\12-43-09\images\left\left__GRIP_2026-08-27_12-43-09__e000340.jpg,left,top_background,left,1.0,2.6147348175520335e-11,True
D:\GRIP_Dataset\New_model\Chirality_Crops\aug27_final_v2_bbox\val\left\12-43-09\images\left\left__GRIP_2026-08-27_12-43-09__e000340.jpg,left,bottom_background,left,1.0,2.4397820569399542e-11,True
D:\GRIP_Dataset\New_model\Chirality_Crops\aug27_final_v2_bbox\val\left\12-43-09\images\left\left__GRIP_2026-08-27_12-43-09__e000342.jpg,left,original,left,0.999996542930603,3.428083800827153e-06,True
D:\GRIP_Dataset\New_model\Chirality_Crops\aug27_final_v2_bbox\val\left\12-43-09\images\left\left__GRIP_2026-08-27_12-43-09__e000342.jpg,left,finger_side,left,1.0,1.2567472396085577e-08,True
D:\GRIP_Dataset\New_model\Chirality_Crops\aug27_final_v2_bbox\val\left\12-43-09\images\left\left__GRIP_2026-08-27_12-43-09__e000342.jpg,left,cuff_side,left,0.9992892742156982,0.0007107473211362958,True
D:\GRIP_Dataset\New_model\Chirality_Crops\aug27_final_v2_bbox\val\left\12-43-09\images\left\left__GRIP_2026-08-27_12-43-09__e000342.jpg,left,centre,left,0.999656081199646,0.00034389994107186794,True
D:\GRIP_Dataset\New_model\Chirality_Crops\aug27_final_v2_bbox\val\left\12-43-09\images\left\left__GRIP_2026-08-27_12-43-09__e000342.jpg,left,top_background,left,0.999996542930603,3.428083800827153e-06,True
D:\GRIP_Dataset\New_model\Chirality_Crops\aug27_final_v2_bbox\val\left\12-43-09\images\left\left__GRIP_2026-08-27_12-43-09__e000342.jpg,left,bottom_background,left,0.999996542930603,3.428083800827153e-06,True
D:\GRIP_Dataset\New_model\Chirality_Crops\aug27_final_v2_bbox\val\left\12-43-09\images\left\left__GRIP_2026-08-27_12-43-09__e000344.jpg,left,original,left,1.0,1.283685935327128e-10,True
D:\GRIP_Dataset\New_model\Chirality_Crops\aug27_final_v2_bbox\val\left\12-43-09\images\left\left__GRIP_2026-08-27_12-43-09__e000344.jpg,left,finger_side,left,0.9999920129776001,7.966789780766703e-06,True
D:\GRIP_Dataset\New_model\Chirality_Crops\aug27_final_v2_bbox\val\left\12-43-09\images\left\left__GRIP_2026-08-27_12-43-09__e000344.jpg,left,cuff_side,left,0.9999997615814209,2.160735448342166e-07,True
D:\GRIP_Dataset\New_model\Chirality_Crops\aug27_final_v2_bbox\val\left\12-43-09\images\left\left__GRIP_2026-08-27_12-43-09__e000344.jpg,left,centre,left,0.9999995231628418,5.330965109351382e-07,True
D:\GRIP_Dataset\New_model\Chirality_Crops\aug27_final_v2_bbox\val\left\12-43-09\images\left\left__GRIP_2026-08-27_12-43-09__e000344.jpg,left,top_background,left,1.0,1.3886521099681914e-10,True
D:\GRIP_Dataset\New_model\Chirality_Crops\aug27_final_v2_bbox\val\left\12-43-09\images\left\left__GRIP_2026-08-27_12-43-09__e000344.jpg,left,bottom_background,left,1.0,1.283685935327128e-10,True
D:\GRIP_Dataset\New_model\Chirality_Crops\aug27_final_v2_bbox\val\left\12-43-09\images\left\left__GRIP_2026-08-27_12-43-09__e000346.jpg,left,original,left,1.0,3.7748335002512484e-14,True
D:\GRIP_Dataset\New_model\Chirality_Crops\aug27_final_v2_bbox\val\left\12-43-09\images\left\left__GRIP_2026-08-27_12-43-09__e000346.jpg,left,finger_side,left,1.0,1.8320631123280862e-10,True
D:\GRIP_Dataset\New_model\Chirality_Crops\aug27_final_v2_bbox\val\left\12-43-09\images\left\left__GRIP_2026-08-27_12-43-09__e000346.jpg,left,cuff_side,left,1.0,5.630150512470067e-11,True
D:\GRIP_Dataset\New_model\Chirality_Crops\aug27_final_v2_bbox\val\left\12-43-09\images\left\left__GRIP_2026-08-27_12-43-09__e000346.jpg,left,centre,left,0.9999761581420898,2.3862739908508956e-05,True
D:\GRIP_Dataset\New_model\Chirality_Crops\aug27_final_v2_bbox\val\left\12-43-09\images\left\left__GRIP_2026-08-27_12-43-09__e000346.jpg,left,top_background,left,1.0,3.223986290608327e-14,True
D:\GRIP_Dataset\New_model\Chirality_Crops\aug27_final_v2_bbox\val\left\12-43-09\images\left\left__GRIP_2026-08-27_12-43-09__e000346.jpg,left,bottom_background,left,1.0,3.536799623787487e-14,True
D:\GRIP_Dataset\New_model\Chirality_Crops\aug27_final_v2_bbox\val\left\12-43-09\images\left\left__GRIP_2026-08-27_12-43-09__e000348.jpg,left,original,left,1.0,3.011072944800186e-12,True
D:\GRIP_Dataset\New_model\Chirality_Crops\aug27_final_v2_bbox\val\left\12-43-09\images\left\left__GRIP_2026-08-27_12-43-09__e000348.jpg,left,finger_side,left,0.9999998807907104,1.2351486589068372e-07,True
D:\GRIP_Dataset\New_model\Chirality_Crops\aug27_final_v2_bbox\val\left\12-43-09\images\left\left__GRIP_2026-08-27_12-43-09__e000348.jpg,left,cuff_side,left,1.0,3.1328667660091014e-08,True
D:\GRIP_Dataset\New_model\Chirality_Crops\aug27_final_v2_bbox\val\left\12-43-09\images\left\left__GRIP_2026-08-27_12-43-09__e000348.jpg,left,centre,left,0.9999994039535522,6.079820877857856e-07,True
D:\GRIP_Dataset\New_model\Chirality_Crops\aug27_final_v2_bbox\val\left\12-43-09\images\left\left__GRIP_2026-08-27_12-43-09__e000348.jpg,left,top_background,left,1.0,3.011072944800186e-12,True
D:\GRIP_Dataset\New_model\Chirality_Crops\aug27_final_v2_bbox\val\left\12-43-09\images\left\left__GRIP_2026-08-27_12-43-09__e000348.jpg,left,bottom_background,left,1.0,3.011072944800186e-12,True
D:\GRIP_Dataset\New_model\Chirality_Crops\aug27_final_v2_bbox\val\left\12-43-09\images\left\left__GRIP_2026-08-27_12-43-09__e000349.jpg,left,original,left,1.0,6.191905321806246e-10,True
D:\GRIP_Dataset\New_model\Chirality_Crops\aug27_final_v2_bbox\val\left\12-43-09\images\left\left__GRIP_2026-08-27_12-43-09__e000349.jpg,left,finger_side,left,1.0,3.9415354535776714e-08,True
D:\GRIP_Dataset\New_model\Chirality_Crops\aug27_final_v2_bbox\val\left\12-43-09\images\left\left__GRIP_2026-08-27_12-43-09__e000349.jpg,left,cuff_side,left,0.9999984502792358,1.6089309156086529e-06,True
D:\GRIP_Dataset\New_model\Chirality_Crops\aug27_final_v2_bbox\val\left\12-43-09\images\left\left__GRIP_2026-08-27_12-43-09__e000349.jpg,left,centre,left,0.9998483657836914,0.0001516033662483096,True
D:\GRIP_Dataset\New_model\Chirality_Crops\aug27_final_v2_bbox\val\left\12-43-09\images\left\left__GRIP_2026-08-27_12-43-09__e000349.jpg,left,top_background,left,1.0,2.2308574432194916e-10,True
D:\GRIP_Dataset\New_model\Chirality_Crops\aug27_final_v2_bbox\val\left\12-43-09\images\left\left__GRIP_2026-08-27_12-43-09__e000349.jpg,left,bottom_background,left,1.0,7.143456381975e-10,True
D:\GRIP_Dataset\New_model\Chirality_Crops\aug27_final_v2_bbox\val\left\12-43-09\images\left\left__GRIP_2026-08-27_12-43-09__e000350.jpg,left,original,left,1.0,1.1903404928403916e-09,True
D:\GRIP_Dataset\New_model\Chirality_Crops\aug27_final_v2_bbox\val\left\12-43-09\images\left\left__GRIP_2026-08-27_12-43-09__e000350.jpg,left,finger_side,left,0.9999998807907104,9.086402741331767e-08,True
D:\GRIP_Dataset\New_model\Chirality_Crops\aug27_final_v2_bbox\val\left\12-43-09\images\left\left__GRIP_2026-08-27_12-43-09__e000350.jpg,left,cuff_side,left,1.0,4.724727720173405e-09,True
D:\GRIP_Dataset\New_model\Chirality_Crops\aug27_final_v2_bbox\val\left\12-43-09\images\left\left__GRIP_2026-08-27_12-43-09__e000350.jpg,left,centre,left,0.9999120235443115,8.794267341727391e-05,True
D:\GRIP_Dataset\New_model\Chirality_Crops\aug27_final_v2_bbox\val\left\12-43-09\images\left\left__GRIP_2026-08-27_12-43-09__e000350.jpg,left,top_background,left,1.0,1.3117217312341722e-09,True
D:\GRIP_Dataset\New_model\Chirality_Crops\aug27_final_v2_bbox\val\left\12-43-09\images\left\left__GRIP_2026-08-27_12-43-09__e000350.jpg,left,bottom_background,left,1.0,1.6754184706258002e-09,True
D:\GRIP_Dataset\New_model\Chirality_Crops\aug27_final_v2_bbox\val\left\12-43-09\images\left\left__GRIP_2026-08-27_12-43-09__e000352.jpg,left,original,left,1.0,8.961664418362381e-13,True
D:\GRIP_Dataset\New_model\Chirality_Crops\aug27_final_v2_bbox\val\left\12-43-09\images\left\left__GRIP_2026-08-27_12-43-09__e000352.jpg,left,finger_side,left,1.0,1.7363673832093696e-09,True
D:\GRIP_Dataset\New_model\Chirality_Crops\aug27_final_v2_bbox\val\left\12-43-09\images\left\left__GRIP_2026-08-27_12-43-09__e000352.jpg,left,cuff_side,left,0.9999996423721313,4.049710184972355e-07,True
D:\GRIP_Dataset\New_model\Chirality_Crops\aug27_final_v2_bbox\val\left\12-43-09\images\left\left__GRIP_2026-08-27_12-43-09__e000352.jpg,left,centre,left,0.9999868869781494,1.3133570064383093e-05,True
D:\GRIP_Dataset\New_model\Chirality_Crops\aug27_final_v2_bbox\val\left\12-43-09\images\left\left__GRIP_2026-08-27_12-43-09__e000352.jpg,left,top_background,left,1.0,7.315749026536034e-13,True
D:\GRIP_Dataset\New_model\Chirality_Crops\aug27_final_v2_bbox\val\left\12-43-09\images\left\left__GRIP_2026-08-27_12-43-09__e000352.jpg,left,bottom_background,left,1.0,7.961857085084234e-13,True
D:\GRIP_Dataset\New_model\Chirality_Crops\aug27_final_v2_bbox\val\left\12-43-09\images\left\left__GRIP_2026-08-27_12-43-09__e000353.jpg,left,original,left,1.0,2.694367298716749e-11,True
D:\GRIP_Dataset\New_model\Chirality_Crops\aug27_final_v2_bbox\val\left\12-43-09\images\left\left__GRIP_2026-08-27_12-43-09__e000353.jpg,left,finger_side,left,0.9999905824661255,9.376886737300083e-06,True
D:\GRIP_Dataset\New_model\Chirality_Crops\aug27_final_v2_bbox\val\left\12-43-09\images\left\left__GRIP_2026-08-27_12-43-09__e000353.jpg,left,cuff_side,left,1.0,1.1198184601823868e-08,True
D:\GRIP_Dataset\New_model\Chirality_Crops\aug27_final_v2_bbox\val\left\12-43-09\images\left\left__GRIP_2026-08-27_12-43-09__e000353.jpg,left,centre,left,0.9999510049819946,4.905077730654739e-05,True
D:\GRIP_Dataset\New_model\Chirality_Crops\aug27_final_v2_bbox\val\left\12-43-09\images\left\left__GRIP_2026-08-27_12-43-09__e000353.jpg,left,top_background,left,1.0,2.7061200502664917e-11,True
D:\GRIP_Dataset\New_model\Chirality_Crops\aug27_final_v2_bbox\val\left\12-43-09\images\left\left__GRIP_2026-08-27_12-43-09__e000353.jpg,left,bottom_background,left,1.0,2.5928880570402768e-11,True
D:\GRIP_Dataset\New_model\Chirality_Crops\aug27_final_v2_bbox\val\left\12-43-09\images\left\left__GRIP_2026-08-27_12-43-09__e000354.jpg,left,original,left,1.0,1.53472061725779e-08,True
D:\GRIP_Dataset\New_model\Chirality_Crops\aug27_final_v2_bbox\val\left\12-43-09\images\left\left__GRIP_2026-08-27_12-43-09__e000354.jpg,left,finger_side,left,0.9998242259025574,0.00017582267173565924,True
D:\GRIP_Dataset\New_model\Chirality_Crops\aug27_final_v2_bbox\val\left\12-43-09\images\left\left__GRIP_2026-08-27_12-43-09__e000354.jpg,left,cuff_side,left,0.9999991655349731,8.219313372137549e-07,True
D:\GRIP_Dataset\New_model\Chirality_Crops\aug27_final_v2_bbox\val\left\12-43-09\images\left\left__GRIP_2026-08-27_12-43-09__e000354.jpg,left,centre,left,0.9999980926513672,1.8792728724292829e-06,True
D:\GRIP_Dataset\New_model\Chirality_Crops\aug27_final_v2_bbox\val\left\12-43-09\images\left\left__GRIP_2026-08-27_12-43-09__e000354.jpg,left,top_background,left,1.0,5.630671928713582e-09,True
D:\GRIP_Dataset\New_model\Chirality_Crops\aug27_final_v2_bbox\val\left\12-43-09\images\left\left__GRIP_2026-08-27_12-43-09__e000354.jpg,left,bottom_background,left,1.0,1.101590596519486e-09,True
D:\GRIP_Dataset\New_model\Chirality_Crops\aug27_final_v2_bbox\val\left\12-43-09\images\left\left__GRIP_2026-08-27_12-43-09__e000356.jpg,left,original,left,1.0,7.510509547614674e-09,True
D:\GRIP_Dataset\New_model\Chirality_Crops\aug27_final_v2_bbox\val\left\12-43-09\images\left\left__GRIP_2026-08-27_12-43-09__e000356.jpg,left,finger_side,left,0.9999772310256958,2.2784586690249853e-05,True
D:\GRIP_Dataset\New_model\Chirality_Crops\aug27_final_v2_bbox\val\left\12-43-09\images\left\left__GRIP_2026-08-27_12-43-09__e000356.jpg,left,cuff_side,left,0.9999969005584717,3.042399839614518e-06,True
D:\GRIP_Dataset\New_model\Chirality_Crops\aug27_final_v2_bbox\val\left\12-43-09\images\left\left__GRIP_2026-08-27_12-43-09__e000356.jpg,left,centre,left,0.9999972581863403,2.719777739912388e-06,True
D:\GRIP_Dataset\New_model\Chirality_Crops\aug27_final_v2_bbox\val\left\12-43-09\images\left\left__GRIP_2026-08-27_12-43-09__e000356.jpg,left,top_background,left,1.0,7.339201690825803e-09,True
D:\GRIP_Dataset\New_model\Chirality_Crops\aug27_final_v2_bbox\val\left\12-43-09\images\left\left__GRIP_2026-08-27_12-43-09__e000356.jpg,left,bottom_background,left,1.0,7.510509547614674e-09,True
D:\GRIP_Dataset\New_model\Chirality_Crops\aug27_final_v2_bbox\val\left\12-43-09\images\left\left__GRIP_2026-08-27_12-43-09__e000357.jpg,left,original,left,1.0,9.735815709177587e-09,True
D:\GRIP_Dataset\New_model\Chirality_Crops\aug27_final_v2_bbox\val\left\12-43-09\images\left\left__GRIP_2026-08-27_12-43-09__e000357.jpg,left,finger_side,left,0.9999945163726807,5.525746473722393e-06,True
D:\GRIP_Dataset\New_model\Chirality_Crops\aug27_final_v2_bbox\val\left\12-43-09\images\left\left__GRIP_2026-08-27_12-43-09__e000357.jpg,left,cuff_side,left,0.9999994039535522,5.796621849185613e-07,True
D:\GRIP_Dataset\New_model\Chirality_Crops\aug27_final_v2_bbox\val\left\12-43-09\images\left\left__GRIP_2026-08-27_12-43-09__e000357.jpg,left,centre,left,0.9999998807907104,6.319300638324421e-08,True
D:\GRIP_Dataset\New_model\Chirality_Crops\aug27_final_v2_bbox\val\left\12-43-09\images\left\left__GRIP_2026-08-27_12-43-09__e000357.jpg,left,top_background,left,1.0,9.735815709177587e-09,True
D:\GRIP_Dataset\New_model\Chirality_Crops\aug27_final_v2_bbox\val\left\12-43-09\images\left\left__GRIP_2026-08-27_12-43-09__e000357.jpg,left,bottom_background,left,1.0,9.735815709177587e-09,True
D:\GRIP_Dataset\New_model\Chirality_Crops\aug27_final_v2_bbox\val\left\12-43-09\images\left\left__GRIP_2026-08-27_12-43-09__e000358.jpg,left,original,left,1.0,2.2295704778935166e-12,True
D:\GRIP_Dataset\New_model\Chirality_Crops\aug27_final_v2_bbox\val\left\12-43-09\images\left\left__GRIP_2026-08-27_12-43-09__e000358.jpg,left,finger_side,left,0.9999926090240479,7.43926511859172e-06,True
D:\GRIP_Dataset\New_model\Chirality_Crops\aug27_final_v2_bbox\val\left\12-43-09\images\left\left__GRIP_2026-08-27_12-43-09__e000358.jpg,left,cuff_side,left,1.0,2.657751796419916e-10,True
D:\GRIP_Dataset\New_model\Chirality_Crops\aug27_final_v2_bbox\val\left\12-43-09\images\left\left__GRIP_2026-08-27_12-43-09__e000358.jpg,left,centre,left,0.9999926090240479,7.43275495551643e-06,True
D:\GRIP_Dataset\New_model\Chirality_Crops\aug27_final_v2_bbox\val\left\12-43-09\images\left\left__GRIP_2026-08-27_12-43-09__e000358.jpg,left,top_background,left,1.0,2.2295704778935166e-12,True
D:\GRIP_Dataset\New_model\Chirality_Crops\aug27_final_v2_bbox\val\left\12-43-09\images\left\left__GRIP_2026-08-27_12-43-09__e000358.jpg,left,bottom_background,left,1.0,2.2295704778935166e-12,True
D:\GRIP_Dataset\New_model\Chirality_Crops\aug27_final_v2_bbox\val\left\12-43-09\images\left\left__GRIP_2026-08-27_12-43-09__e000359.jpg,left,original,left,1.0,1.722662464065383e-11,True
D:\GRIP_Dataset\New_model\Chirality_Crops\aug27_final_v2_bbox\val\left\12-43-09\images\left\left__GRIP_2026-08-27_12-43-09__e000359.jpg,left,finger_side,left,1.0,1.5381845130946203e-08,True
D:\GRIP_Dataset\New_model\Chirality_Crops\aug27_final_v2_bbox\val\left\12-43-09\images\left\left__GRIP_2026-08-27_12-43-09__e000359.jpg,left,cuff_side,left,0.9999997615814209,2.579478177722194e-07,True
D:\GRIP_Dataset\New_model\Chirality_Crops\aug27_final_v2_bbox\val\left\12-43-09\images\left\left__GRIP_2026-08-27_12-43-09__e000359.jpg,left,centre,left,1.0,3.32689502613448e-08,True
D:\GRIP_Dataset\New_model\Chirality_Crops\aug27_final_v2_bbox\val\left\12-43-09\images\left\left__GRIP_2026-08-27_12-43-09__e000359.jpg,left,top_background,left,1.0,1.722662464065383e-11,True
D:\GRIP_Dataset\New_model\Chirality_Crops\aug27_final_v2_bbox\val\left\12-43-09\images\left\left__GRIP_2026-08-27_12-43-09__e000359.jpg,left,bottom_background,left,1.0,1.722662464065383e-11,True
D:\GRIP_Dataset\New_model\Chirality_Crops\aug27_final_v2_bbox\val\left\12-43-09\images\left\left__GRIP_2026-08-27_12-43-09__e000360.jpg,left,original,left,1.0,3.4843335898829264e-13,True
D:\GRIP_Dataset\New_model\Chirality_Crops\aug27_final_v2_bbox\val\left\12-43-09\images\left\left__GRIP_2026-08-27_12-43-09__e000360.jpg,left,finger_side,left,0.9998974800109863,0.00010255497909383848,True
D:\GRIP_Dataset\New_model\Chirality_Crops\aug27_final_v2_bbox\val\left\12-43-09\images\left\left__GRIP_2026-08-27_12-43-09__e000360.jpg,left,cuff_side,left,1.0,2.780754793096918e-11,True
D:\GRIP_Dataset\New_model\Chirality_Crops\aug27_final_v2_bbox\val\left\12-43-09\images\left\left__GRIP_2026-08-27_12-43-09__e000360.jpg,left,centre,left,0.9999997615814209,2.2040836711312295e-07,True
D:\GRIP_Dataset\New_model\Chirality_Crops\aug27_final_v2_bbox\val\left\12-43-09\images\left\left__GRIP_2026-08-27_12-43-09__e000360.jpg,left,top_background,left,1.0,3.4843335898829264e-13,True
D:\GRIP_Dataset\New_model\Chirality_Crops\aug27_final_v2_bbox\val\left\12-43-09\images\left\left__GRIP_2026-08-27_12-43-09__e000360.jpg,left,bottom_background,left,1.0,3.4843335898829264e-13,True
D:\GRIP_Dataset\New_model\Chirality_Crops\aug27_final_v2_bbox\val\left\12-43-09\images\left\left__GRIP_2026-08-27_12-43-09__e000362.jpg,left,original,left,1.0,7.858188405540645e-11,True
D:\GRIP_Dataset\New_model\Chirality_Crops\aug27_final_v2_bbox\val\left\12-43-09\images\left\left__GRIP_2026-08-27_12-43-09__e000362.jpg,left,finger_side,left,0.9999908208847046,9.200997737934813e-06,True
D:\GRIP_Dataset\New_model\Chirality_Crops\aug27_final_v2_bbox\val\left\12-43-09\images\left\left__GRIP_2026-08-27_12-43-09__e000362.jpg,left,cuff_side,left,1.0,7.31113258822802e-09,True
D:\GRIP_Dataset\New_model\Chirality_Crops\aug27_final_v2_bbox\val\left\12-43-09\images\left\left__GRIP_2026-08-27_12-43-09__e000362.jpg,left,centre,left,0.9999978542327881,2.1218845631665317e-06,True
D:\GRIP_Dataset\New_model\Chirality_Crops\aug27_final_v2_bbox\val\left\12-43-09\images\left\left__GRIP_2026-08-27_12-43-09__e000362.jpg,left,top_background,left,1.0,7.858188405540645e-11,True
D:\GRIP_Dataset\New_model\Chirality_Crops\aug27_final_v2_bbox\val\left\12-43-09\images\left\left__GRIP_2026-08-27_12-43-09__e000362.jpg,left,bottom_background,left,1.0,7.858188405540645e-11,True
D:\GRIP_Dataset\New_model\Chirality_Crops\aug27_final_v2_bbox\val\left\12-43-09\images\left\left__GRIP_2026-08-27_12-43-09__e000363.jpg,left,original,left,1.0,3.77876757662321e-10,True
D:\GRIP_Dataset\New_model\Chirality_Crops\aug27_final_v2_bbox\val\left\12-43-09\images\left\left__GRIP_2026-08-27_12-43-09__e000363.jpg,left,finger_side,left,0.999998927116394,1.0384319466538727e-06,True
D:\GRIP_Dataset\New_model\Chirality_Crops\aug27_final_v2_bbox\val\left\12-43-09\images\left\left__GRIP_2026-08-27_12-43-09__e000363.jpg,left,cuff_side,left,0.9999980926513672,1.8917087345471373e-06,True
D:\GRIP_Dataset\New_model\Chirality_Crops\aug27_final_v2_bbox\val\left\12-43-09\images\left\left__GRIP_2026-08-27_12-43-09__e000363.jpg,left,centre,left,0.9999947547912598,5.299625627230853e-06,True
D:\GRIP_Dataset\New_model\Chirality_Crops\aug27_final_v2_bbox\val\left\12-43-09\images\left\left__GRIP_2026-08-27_12-43-09__e000363.jpg,left,top_background,left,1.0,2.159690343228604e-10,True
D:\GRIP_Dataset\New_model\Chirality_Crops\aug27_final_v2_bbox\val\left\12-43-09\images\left\left__GRIP_2026-08-27_12-43-09__e000363.jpg,left,bottom_background,left,1.0,2.1708648767493344e-11,True
D:\GRIP_Dataset\New_model\Chirality_Crops\aug27_final_v2_bbox\val\left\12-43-09\images\left\left__GRIP_2026-08-27_12-43-09__e000365.jpg,left,original,left,1.0,3.2484532425103296e-11,True
D:\GRIP_Dataset\New_model\Chirality_Crops\aug27_final_v2_bbox\val\left\12-43-09\images\left\left__GRIP_2026-08-27_12-43-09__e000365.jpg,left,finger_side,left,0.9999873638153076,1.2614017578016501e-05,True
D:\GRIP_Dataset\New_model\Chirality_Crops\aug27_final_v2_bbox\val\left\12-43-09\images\left\left__GRIP_2026-08-27_12-43-09__e000365.jpg,left,cuff_side,left,1.0,3.109575930082542e-09,True
D:\GRIP_Dataset\New_model\Chirality_Crops\aug27_final_v2_bbox\val\left\12-43-09\images\left\left__GRIP_2026-08-27_12-43-09__e000365.jpg,left,centre,left,0.9999915361404419,8.424446605204139e-06,True
D:\GRIP_Dataset\New_model\Chirality_Crops\aug27_final_v2_bbox\val\left\12-43-09\images\left\left__GRIP_2026-08-27_12-43-09__e000365.jpg,left,top_background,left,1.0,3.2484532425103296e-11,True
D:\GRIP_Dataset\New_model\Chirality_Crops\aug27_final_v2_bbox\val\left\12-43-09\images\left\left__GRIP_2026-08-27_12-43-09__e000365.jpg,left,bottom_background,left,1.0,3.2484532425103296e-11,True
D:\GRIP_Dataset\New_model\Chirality_Crops\aug27_final_v2_bbox\val\left\12-43-09\images\left\left__GRIP_2026-08-27_12-43-09__e000366.jpg,left,original,left,1.0,1.3975375023900227e-10,True
D:\GRIP_Dataset\New_model\Chirality_Crops\aug27_final_v2_bbox\val\left\12-43-09\images\left\left__GRIP_2026-08-27_12-43-09__e000366.jpg,left,finger_side,left,1.0,8.214265712069846e-09,True
D:\GRIP_Dataset\New_model\Chirality_Crops\aug27_final_v2_bbox\val\left\12-43-09\images\left\left__GRIP_2026-08-27_12-43-09__e000366.jpg,left,cuff_side,left,0.9999980926513672,1.9301050997455604e-06,True
D:\GRIP_Dataset\New_model\Chirality_Crops\aug27_final_v2_bbox\val\left\12-43-09\images\left\left__GRIP_2026-08-27_12-43-09__e000366.jpg,left,centre,left,0.9999934434890747,6.548619694513036e-06,True
D:\GRIP_Dataset\New_model\Chirality_Crops\aug27_final_v2_bbox\val\left\12-43-09\images\left\left__GRIP_2026-08-27_12-43-09__e000366.jpg,left,top_background,left,1.0,1.5933794561551196e-10,True
D:\GRIP_Dataset\New_model\Chirality_Crops\aug27_final_v2_bbox\val\left\12-43-09\images\left\left__GRIP_2026-08-27_12-43-09__e000366.jpg,left,bottom_background,left,1.0,1.3886150562747446e-10,True
D:\GRIP_Dataset\New_model\Chirality_Crops\aug27_final_v2_bbox\val\left\12-43-09\images\left\left__GRIP_2026-08-27_12-43-09__e000367.jpg,left,original,left,1.0,2.6568455551920223e-13,True
D:\GRIP_Dataset\New_model\Chirality_Crops\aug27_final_v2_bbox\val\left\12-43-09\images\left\left__GRIP_2026-08-27_12-43-09__e000367.jpg,left,finger_side,left,0.9999852180480957,1.4760530575586017e-05,True
D:\GRIP_Dataset\New_model\Chirality_Crops\aug27_final_v2_bbox\val\left\12-43-09\images\left\left__GRIP_2026-08-27_12-43-09__e000367.jpg,left,cuff_side,left,1.0,1.480994320235407e-11,True
D:\GRIP_Dataset\New_model\Chirality_Crops\aug27_final_v2_bbox\val\left\12-43-09\images\left\left__GRIP_2026-08-27_12-43-09__e000367.jpg,left,centre,left,1.0,1.1881357009357885e-09,True
D:\GRIP_Dataset\New_model\Chirality_Crops\aug27_final_v2_bbox\val\left\12-43-09\images\left\left__GRIP_2026-08-27_12-43-09__e000367.jpg,left,top_background,left,1.0,2.6568455551920223e-13,True
D:\GRIP_Dataset\New_model\Chirality_Crops\aug27_final_v2_bbox\val\left\12-43-09\images\left\left__GRIP_2026-08-27_12-43-09__e000367.jpg,left,bottom_background,left,1.0,2.6568455551920223e-13,True
D:\GRIP_Dataset\New_model\Chirality_Crops\aug27_final_v2_bbox\val\left\12-43-09\images\left\left__GRIP_2026-08-27_12-43-09__e000368.jpg,left,original,left,1.0,2.0634025044152793e-10,True
D:\GRIP_Dataset\New_model\Chirality_Crops\aug27_final_v2_bbox\val\left\12-43-09\images\left\left__GRIP_2026-08-27_12-43-09__e000368.jpg,left,finger_side,left,0.999826967716217,0.00017302333435509354,True
D:\GRIP_Dataset\New_model\Chirality_Crops\aug27_final_v2_bbox\val\left\12-43-09\images\left\left__GRIP_2026-08-27_12-43-09__e000368.jpg,left,cuff_side,left,0.9999994039535522,5.708598109777085e-07,True
D:\GRIP_Dataset\New_model\Chirality_Crops\aug27_final_v2_bbox\val\left\12-43-09\images\left\left__GRIP_2026-08-27_12-43-09__e000368.jpg,left,centre,left,0.9999783039093018,2.1693571397918276e-05,True
D:\GRIP_Dataset\New_model\Chirality_Crops\aug27_final_v2_bbox\val\left\12-43-09\images\left\left__GRIP_2026-08-27_12-43-09__e000368.jpg,left,top_background,left,1.0,2.38125297258307e-10,True
D:\GRIP_Dataset\New_model\Chirality_Crops\aug27_final_v2_bbox\val\left\12-43-09\images\left\left__GRIP_2026-08-27_12-43-09__e000368.jpg,left,bottom_background,left,1.0,2.0634025044152793e-10,True
D:\GRIP_Dataset\New_model\Chirality_Crops\aug27_final_v2_bbox\val\left\12-43-09\images\left\left__GRIP_2026-08-27_12-43-09__e000369.jpg,left,original,left,1.0,1.8290001457810234e-11,True
D:\GRIP_Dataset\New_model\Chirality_Crops\aug27_final_v2_bbox\val\left\12-43-09\images\left\left__GRIP_2026-08-27_12-43-09__e000369.jpg,left,finger_side,left,0.9998480081558228,0.00015201911446638405,True
D:\GRIP_Dataset\New_model\Chirality_Crops\aug27_final_v2_bbox\val\left\12-43-09\images\left\left__GRIP_2026-08-27_12-43-09__e000369.jpg,left,cuff_side,left,1.0,8.162102993480858e-09,True
D:\GRIP_Dataset\New_model\Chirality_Crops\aug27_final_v2_bbox\val\left\12-43-09\images\left\left__GRIP_2026-08-27_12-43-09__e000369.jpg,left,centre,left,0.9999489784240723,5.096452514408156e-05,True
D:\GRIP_Dataset\New_model\Chirality_Crops\aug27_final_v2_bbox\val\left\12-43-09\images\left\left__GRIP_2026-08-27_12-43-09__e000369.jpg,left,top_background,left,1.0,1.8290001457810234e-11,True
D:\GRIP_Dataset\New_model\Chirality_Crops\aug27_final_v2_bbox\val\left\12-43-09\images\left\left__GRIP_2026-08-27_12-43-09__e000369.jpg,left,bottom_background,left,1.0,1.8290001457810234e-11,True
D:\GRIP_Dataset\New_model\Chirality_Crops\aug27_final_v2_bbox\val\left\12-43-09\images\left\left__GRIP_2026-08-27_12-43-09__e000370.jpg,left,original,left,1.0,1.0873101735382057e-13,True
D:\GRIP_Dataset\New_model\Chirality_Crops\aug27_final_v2_bbox\val\left\12-43-09\images\left\left__GRIP_2026-08-27_12-43-09__e000370.jpg,left,finger_side,left,0.9999758005142212,2.4247185137937777e-05,True
D:\GRIP_Dataset\New_model\Chirality_Crops\aug27_final_v2_bbox\val\left\12-43-09\images\left\left__GRIP_2026-08-27_12-43-09__e000370.jpg,left,cuff_side,left,1.0,2.3784136552601476e-12,True
D:\GRIP_Dataset\New_model\Chirality_Crops\aug27_final_v2_bbox\val\left\12-43-09\images\left\left__GRIP_2026-08-27_12-43-09__e000370.jpg,left,centre,left,0.9999809265136719,1.9049763068323955e-05,True
D:\GRIP_Dataset\New_model\Chirality_Crops\aug27_final_v2_bbox\val\left\12-43-09\images\left\left__GRIP_2026-08-27_12-43-09__e000370.jpg,left,top_background,left,1.0,1.0873101735382057e-13,True
D:\GRIP_Dataset\New_model\Chirality_Crops\aug27_final_v2_bbox\val\left\12-43-09\images\left\left__GRIP_2026-08-27_12-43-09__e000370.jpg,left,bottom_background,left,1.0,1.0873101735382057e-13,True
D:\GRIP_Dataset\New_model\Chirality_Crops\aug27_final_v2_bbox\val\left\12-43-09\images\left\left__GRIP_2026-08-27_12-43-09__e000372.jpg,left,original,left,1.0,9.271811020773041e-14,True
D:\GRIP_Dataset\New_model\Chirality_Crops\aug27_final_v2_bbox\val\left\12-43-09\images\left\left__GRIP_2026-08-27_12-43-09__e000372.jpg,left,finger_side,left,0.9999990463256836,1.0080121910505113e-06,True
D:\GRIP_Dataset\New_model\Chirality_Crops\aug27_final_v2_bbox\val\left\12-43-09\images\left\left__GRIP_2026-08-27_12-43-09__e000372.jpg,left,cuff_side,left,1.0,3.7020955745425965e-11,True
D:\GRIP_Dataset\New_model\Chirality_Crops\aug27_final_v2_bbox\val\left\12-43-09\images\left\left__GRIP_2026-08-27_12-43-09__e000372.jpg,left,centre,left,0.9999998807907104,6.604859237313576e-08,True
D:\GRIP_Dataset\New_model\Chirality_Crops\aug27_final_v2_bbox\val\left\12-43-09\images\left\left__GRIP_2026-08-27_12-43-09__e000372.jpg,left,top_background,left,1.0,7.981710724216246e-14,True
D:\GRIP_Dataset\New_model\Chirality_Crops\aug27_final_v2_bbox\val\left\12-43-09\images\left\left__GRIP_2026-08-27_12-43-09__e000372.jpg,left,bottom_background,left,1.0,9.428263427141773e-14,True
D:\GRIP_Dataset\New_model\Chirality_Crops\aug27_final_v2_bbox\val\left\12-43-09\images\left\left__GRIP_2026-08-27_12-43-09__e000373.jpg,left,original,left,1.0,1.8296714025887064e-17,True
D:\GRIP_Dataset\New_model\Chirality_Crops\aug27_final_v2_bbox\val\left\12-43-09\images\left\left__GRIP_2026-08-27_12-43-09__e000373.jpg,left,finger_side,left,1.0,1.921191872256145e-09,True
D:\GRIP_Dataset\New_model\Chirality_Crops\aug27_final_v2_bbox\val\left\12-43-09\images\left\left__GRIP_2026-08-27_12-43-09__e000373.jpg,left,cuff_side,left,1.0,1.023040484791904e-12,True
D:\GRIP_Dataset\New_model\Chirality_Crops\aug27_final_v2_bbox\val\left\12-43-09\images\left\left__GRIP_2026-08-27_12-43-09__e000373.jpg,left,centre,left,1.0,4.0694622782666556e-08,True
D:\GRIP_Dataset\New_model\Chirality_Crops\aug27_final_v2_bbox\val\left\12-43-09\images\left\left__GRIP_2026-08-27_12-43-09__e000373.jpg,left,top_background,left,1.0,1.8296714025887064e-17,True
D:\GRIP_Dataset\New_model\Chirality_Crops\aug27_final_v2_bbox\val\left\12-43-09\images\left\left__GRIP_2026-08-27_12-43-09__e000373.jpg,left,bottom_background,left,1.0,1.8296714025887064e-17,True
D:\GRIP_Dataset\New_model\Chirality_Crops\aug27_final_v2_bbox\val\left\12-43-09\images\left\left__GRIP_2026-08-27_12-43-09__e000374.jpg,left,original,left,1.0,7.908245185008628e-14,True
D:\GRIP_Dataset\New_model\Chirality_Crops\aug27_final_v2_bbox\val\left\12-43-09\images\left\left__GRIP_2026-08-27_12-43-09__e000374.jpg,left,finger_side,left,1.0,5.164672245427937e-08,True
D:\GRIP_Dataset\New_model\Chirality_Crops\aug27_final_v2_bbox\val\left\12-43-09\images\left\left__GRIP_2026-08-27_12-43-09__e000374.jpg,left,cuff_side,left,1.0,6.750374703656803e-10,True
D:\GRIP_Dataset\New_model\Chirality_Crops\aug27_final_v2_bbox\val\left\12-43-09\images\left\left__GRIP_2026-08-27_12-43-09__e000374.jpg,left,centre,left,0.9999991655349731,7.75266755681514e-07,True
D:\GRIP_Dataset\New_model\Chirality_Crops\aug27_final_v2_bbox\val\left\12-43-09\images\left\left__GRIP_2026-08-27_12-43-09__e000374.jpg,left,top_background,left,1.0,5.886477828613568e-14,True
D:\GRIP_Dataset\New_model\Chirality_Crops\aug27_final_v2_bbox\val\left\12-43-09\images\left\left__GRIP_2026-08-27_12-43-09__e000374.jpg,left,bottom_background,left,1.0,4.78608634928851e-13,True
D:\GRIP_Dataset\New_model\Chirality_Crops\aug27_final_v2_bbox\val\left\12-43-09\images\left\left__GRIP_2026-08-27_12-43-09__e000376.jpg,left,original,left,1.0,2.6325475133148757e-09,True
D:\GRIP_Dataset\New_model\Chirality_Crops\aug27_final_v2_bbox\val\left\12-43-09\images\left\left__GRIP_2026-08-27_12-43-09__e000376.jpg,left,finger_side,left,1.0,3.292148498257319e-10,True
D:\GRIP_Dataset\New_model\Chirality_Crops\aug27_final_v2_bbox\val\left\12-43-09\images\left\left__GRIP_2026-08-27_12-43-09__e000376.jpg,left,cuff_side,left,0.9999836683273315,1.6348476492566988e-05,True
D:\GRIP_Dataset\New_model\Chirality_Crops\aug27_final_v2_bbox\val\left\12-43-09\images\left\left__GRIP_2026-08-27_12-43-09__e000376.jpg,left,centre,left,0.9996260404586792,0.0003738912637345493,True
D:\GRIP_Dataset\New_model\Chirality_Crops\aug27_final_v2_bbox\val\left\12-43-09\images\left\left__GRIP_2026-08-27_12-43-09__e000376.jpg,left,top_background,left,1.0,5.58870816291801e-09,True
D:\GRIP_Dataset\New_model\Chirality_Crops\aug27_final_v2_bbox\val\left\12-43-09\images\left\left__GRIP_2026-08-27_12-43-09__e000376.jpg,left,bottom_background,left,1.0,2.3883510186922807e-12,True
D:\GRIP_Dataset\New_model\Chirality_Crops\aug27_final_v2_bbox\val\left\12-43-09\images\left\left__GRIP_2026-08-27_12-43-09__e000378.jpg,left,original,left,1.0,5.784544284542781e-12,True
D:\GRIP_Dataset\New_model\Chirality_Crops\aug27_final_v2_bbox\val\left\12-43-09\images\left\left__GRIP_2026-08-27_12-43-09__e000378.jpg,left,finger_side,left,0.9999912977218628,8.727032763999887e-06,True
D:\GRIP_Dataset\New_model\Chirality_Crops\aug27_final_v2_bbox\val\left\12-43-09\images\left\left__GRIP_2026-08-27_12-43-09__e000378.jpg,left,cuff_side,left,1.0,3.628128553145871e-08,True
D:\GRIP_Dataset\New_model\Chirality_Crops\aug27_final_v2_bbox\val\left\12-43-09\images\left\left__GRIP_2026-08-27_12-43-09__e000378.jpg,left,centre,left,0.9999992847442627,7.745891252852743e-07,True
D:\GRIP_Dataset\New_model\Chirality_Crops\aug27_final_v2_bbox\val\left\12-43-09\images\left\left__GRIP_2026-08-27_12-43-09__e000378.jpg,left,top_background,left,1.0,5.784544284542781e-12,True
D:\GRIP_Dataset\New_model\Chirality_Crops\aug27_final_v2_bbox\val\left\12-43-09\images\left\left__GRIP_2026-08-27_12-43-09__e000378.jpg,left,bottom_background,left,1.0,5.784544284542781e-12,True
D:\GRIP_Dataset\New_model\Chirality_Crops\aug27_final_v2_bbox\val\left\12-43-09\images\left\left__GRIP_2026-08-27_12-43-09__e000379.jpg,left,original,left,0.9999806880950928,1.9336910554557107e-05,True
D:\GRIP_Dataset\New_model\Chirality_Crops\aug27_final_v2_bbox\val\left\12-43-09\images\left\left__GRIP_2026-08-27_12-43-09__e000379.jpg,left,finger_side,left,0.9999998807907104,7.342396912690674e-08,True
D:\GRIP_Dataset\New_model\Chirality_Crops\aug27_final_v2_bbox\val\left\12-43-09\images\left\left__GRIP_2026-08-27_12-43-09__e000379.jpg,left,cuff_side,left,0.9856141209602356,0.014385871589183807,True
D:\GRIP_Dataset\New_model\Chirality_Crops\aug27_final_v2_bbox\val\left\12-43-09\images\left\left__GRIP_2026-08-27_12-43-09__e000379.jpg,left,centre,left,0.9978455305099487,0.0021544306073337793,True
D:\GRIP_Dataset\New_model\Chirality_Crops\aug27_final_v2_bbox\val\left\12-43-09\images\left\left__GRIP_2026-08-27_12-43-09__e000379.jpg,left,top_background,left,0.9999829530715942,1.7094054783228785e-05,True
D:\GRIP_Dataset\New_model\Chirality_Crops\aug27_final_v2_bbox\val\left\12-43-09\images\left\left__GRIP_2026-08-27_12-43-09__e000379.jpg,left,bottom_background,left,0.9999784231185913,2.1601787011604756e-05,True
D:\GRIP_Dataset\New_model\Chirality_Crops\aug27_final_v2_bbox\val\left\12-43-09\images\left\left__GRIP_2026-08-27_12-43-09__e000381.jpg,left,original,left,1.0,4.722956747915674e-11,True
D:\GRIP_Dataset\New_model\Chirality_Crops\aug27_final_v2_bbox\val\left\12-43-09\images\left\left__GRIP_2026-08-27_12-43-09__e000381.jpg,left,finger_side,left,1.0,1.038418062648816e-08,True
D:\GRIP_Dataset\New_model\Chirality_Crops\aug27_final_v2_bbox\val\left\12-43-09\images\left\left__GRIP_2026-08-27_12-43-09__e000381.jpg,left,cuff_side,left,0.9999995231628418,4.324663223087555e-07,True
D:\GRIP_Dataset\New_model\Chirality_Crops\aug27_final_v2_bbox\val\left\12-43-09\images\left\left__GRIP_2026-08-27_12-43-09__e000381.jpg,left,centre,left,0.9999921321868896,7.811691830283962e-06,True
D:\GRIP_Dataset\New_model\Chirality_Crops\aug27_final_v2_bbox\val\left\12-43-09\images\left\left__GRIP_2026-08-27_12-43-09__e000381.jpg,left,top_background,left,1.0,4.722956747915674e-11,True
D:\GRIP_Dataset\New_model\Chirality_Crops\aug27_final_v2_bbox\val\left\12-43-09\images\left\left__GRIP_2026-08-27_12-43-09__e000381.jpg,left,bottom_background,left,1.0,4.722956747915674e-11,True
D:\GRIP_Dataset\New_model\Chirality_Crops\aug27_final_v2_bbox\val\left\12-43-09\images\left\left__GRIP_2026-08-27_12-43-09__e000383.jpg,left,original,left,1.0,6.162367838236094e-10,True
D:\GRIP_Dataset\New_model\Chirality_Crops\aug27_final_v2_bbox\val\left\12-43-09\images\left\left__GRIP_2026-08-27_12-43-09__e000383.jpg,left,finger_side,left,0.9999951124191284,4.9199466047866736e-06,True
D:\GRIP_Dataset\New_model\Chirality_Crops\aug27_final_v2_bbox\val\left\12-43-09\images\left\left__GRIP_2026-08-27_12-43-09__e000383.jpg,left,cuff_side,left,0.9999996423721313,4.0625445762998424e-07,True
D:\GRIP_Dataset\New_model\Chirality_Crops\aug27_final_v2_bbox\val\left\12-43-09\images\left\left__GRIP_2026-08-27_12-43-09__e000383.jpg,left,centre,left,0.9999904632568359,9.588619832356926e-06,True
D:\GRIP_Dataset\New_model\Chirality_Crops\aug27_final_v2_bbox\val\left\12-43-09\images\left\left__GRIP_2026-08-27_12-43-09__e000383.jpg,left,top_background,left,1.0,6.162367838236094e-10,True
D:\GRIP_Dataset\New_model\Chirality_Crops\aug27_final_v2_bbox\val\left\12-43-09\images\left\left__GRIP_2026-08-27_12-43-09__e000383.jpg,left,bottom_background,left,1.0,6.162367838236094e-10,True
D:\GRIP_Dataset\New_model\Chirality_Crops\aug27_final_v2_bbox\val\left\12-43-09\images\left\left__GRIP_2026-08-27_12-43-09__e000384.jpg,left,original,left,1.0,1.0364160918374665e-11,True
D:\GRIP_Dataset\New_model\Chirality_Crops\aug27_final_v2_bbox\val\left\12-43-09\images\left\left__GRIP_2026-08-27_12-43-09__e000384.jpg,left,finger_side,left,0.9999183416366577,8.16103201941587e-05,True
D:\GRIP_Dataset\New_model\Chirality_Crops\aug27_final_v2_bbox\val\left\12-43-09\images\left\left__GRIP_2026-08-27_12-43-09__e000384.jpg,left,cuff_side,left,1.0,1.4867695963260985e-09,True
D:\GRIP_Dataset\New_model\Chirality_Crops\aug27_final_v2_bbox\val\left\12-43-09\images\left\left__GRIP_2026-08-27_12-43-09__e000384.jpg,left,centre,left,1.0,8.102184700931048e-09,True
D:\GRIP_Dataset\New_model\Chirality_Crops\aug27_final_v2_bbox\val\left\12-43-09\images\left\left__GRIP_2026-08-27_12-43-09__e000384.jpg,left,top_background,left,1.0,1.0364160918374665e-11,True
D:\GRIP_Dataset\New_model\Chirality_Crops\aug27_final_v2_bbox\val\left\12-43-09\images\left\left__GRIP_2026-08-27_12-43-09__e000384.jpg,left,bottom_background,left,1.0,1.0364160918374665e-11,True
D:\GRIP_Dataset\New_model\Chirality_Crops\aug27_final_v2_bbox\val\left\12-43-09\images\left\left__GRIP_2026-08-27_12-43-09__e000385.jpg,left,original,left,0.9999994039535522,5.47319302768301e-07,True
D:\GRIP_Dataset\New_model\Chirality_Crops\aug27_final_v2_bbox\val\left\12-43-09\images\left\left__GRIP_2026-08-27_12-43-09__e000385.jpg,left,finger_side,left,0.9928971529006958,0.007102773990482092,True
D:\GRIP_Dataset\New_model\Chirality_Crops\aug27_final_v2_bbox\val\left\12-43-09\images\left\left__GRIP_2026-08-27_12-43-09__e000385.jpg,left,cuff_side,left,0.9999991655349731,8.232350978687464e-07,True
D:\GRIP_Dataset\New_model\Chirality_Crops\aug27_final_v2_bbox\val\left\12-43-09\images\left\left__GRIP_2026-08-27_12-43-09__e000385.jpg,left,centre,left,0.9978060126304626,0.002193982247263193,True
D:\GRIP_Dataset\New_model\Chirality_Crops\aug27_final_v2_bbox\val\left\12-43-09\images\left\left__GRIP_2026-08-27_12-43-09__e000385.jpg,left,top_background,left,0.9999994039535522,6.346743930407683e-07,True
D:\GRIP_Dataset\New_model\Chirality_Crops\aug27_final_v2_bbox\val\left\12-43-09\images\left\left__GRIP_2026-08-27_12-43-09__e000385.jpg,left,bottom_background,left,0.9999994039535522,6.296680794548593e-07,True
D:\GRIP_Dataset\New_model\Chirality_Crops\aug27_final_v2_bbox\val\left\12-43-09\images\left\left__GRIP_2026-08-27_12-43-09__e000387.jpg,left,original,left,1.0,1.1371930307146894e-11,True
D:\GRIP_Dataset\New_model\Chirality_Crops\aug27_final_v2_bbox\val\left\12-43-09\images\left\left__GRIP_2026-08-27_12-43-09__e000387.jpg,left,finger_side,left,0.9999909400939941,9.08244965103222e-06,True
D:\GRIP_Dataset\New_model\Chirality_Crops\aug27_final_v2_bbox\val\left\12-43-09\images\left\left__GRIP_2026-08-27_12-43-09__e000387.jpg,left,cuff_side,left,0.9999998807907104,1.3083796090995747e-07,True
D:\GRIP_Dataset\New_model\Chirality_Crops\aug27_final_v2_bbox\val\left\12-43-09\images\left\left__GRIP_2026-08-27_12-43-09__e000387.jpg,left,centre,left,0.9856044054031372,0.014395583420991898,True
D:\GRIP_Dataset\New_model\Chirality_Crops\aug27_final_v2_bbox\val\left\12-43-09\images\left\left__GRIP_2026-08-27_12-43-09__e000387.jpg,left,top_background,left,1.0,1.0686670298687417e-11,True
D:\GRIP_Dataset\New_model\Chirality_Crops\aug27_final_v2_bbox\val\left\12-43-09\images\left\left__GRIP_2026-08-27_12-43-09__e000387.jpg,left,bottom_background,left,1.0,1.1371930307146894e-11,True
D:\GRIP_Dataset\New_model\Chirality_Crops\aug27_final_v2_bbox\val\left\12-43-09\images\left\left__GRIP_2026-08-27_12-43-09__e000388.jpg,left,original,left,0.9999995231628418,4.734246772386541e-07,True
D:\GRIP_Dataset\New_model\Chirality_Crops\aug27_final_v2_bbox\val\left\12-43-09\images\left\left__GRIP_2026-08-27_12-43-09__e000388.jpg,left,finger_side,left,1.0,2.030797530139239e-09,True
D:\GRIP_Dataset\New_model\Chirality_Crops\aug27_final_v2_bbox\val\left\12-43-09\images\left\left__GRIP_2026-08-27_12-43-09__e000388.jpg,left,cuff_side,left,0.9999539852142334,4.605377034749836e-05,True
D:\GRIP_Dataset\New_model\Chirality_Crops\aug27_final_v2_bbox\val\left\12-43-09\images\left\left__GRIP_2026-08-27_12-43-09__e000388.jpg,left,centre,left,0.9987988471984863,0.0012011617654934525,True
D:\GRIP_Dataset\New_model\Chirality_Crops\aug27_final_v2_bbox\val\left\12-43-09\images\left\left__GRIP_2026-08-27_12-43-09__e000388.jpg,left,top_background,left,0.9999995231628418,4.734246772386541e-07,True
D:\GRIP_Dataset\New_model\Chirality_Crops\aug27_final_v2_bbox\val\left\12-43-09\images\left\left__GRIP_2026-08-27_12-43-09__e000388.jpg,left,bottom_background,left,0.9999995231628418,4.734246772386541e-07,True
D:\GRIP_Dataset\New_model\Chirality_Crops\aug27_final_v2_bbox\val\left\12-43-09\images\left\left__GRIP_2026-08-27_12-43-09__e000389.jpg,left,original,left,0.9999560117721558,4.393426570459269e-05,True
D:\GRIP_Dataset\New_model\Chirality_Crops\aug27_final_v2_bbox\val\left\12-43-09\images\left\left__GRIP_2026-08-27_12-43-09__e000389.jpg,left,finger_side,left,0.9951227307319641,0.004877294879406691,True
D:\GRIP_Dataset\New_model\Chirality_Crops\aug27_final_v2_bbox\val\left\12-43-09\images\left\left__GRIP_2026-08-27_12-43-09__e000389.jpg,left,cuff_side,left,0.9992664456367493,0.0007335788104683161,True
D:\GRIP_Dataset\New_model\Chirality_Crops\aug27_final_v2_bbox\val\left\12-43-09\images\left\left__GRIP_2026-08-27_12-43-09__e000389.jpg,left,centre,left,0.9999860525131226,1.3909557310398668e-05,True
D:\GRIP_Dataset\New_model\Chirality_Crops\aug27_final_v2_bbox\val\left\12-43-09\images\left\left__GRIP_2026-08-27_12-43-09__e000389.jpg,left,top_background,left,0.9999560117721558,4.393426570459269e-05,True
D:\GRIP_Dataset\New_model\Chirality_Crops\aug27_final_v2_bbox\val\left\12-43-09\images\left\left__GRIP_2026-08-27_12-43-09__e000389.jpg,left,bottom_background,left,0.9999560117721558,4.393426570459269e-05,True
D:\GRIP_Dataset\New_model\Chirality_Crops\aug27_final_v2_bbox\val\left\12-43-09\images\left\left__GRIP_2026-08-27_12-43-09__e000391.jpg,left,original,left,1.0,6.585602896347353e-11,True
D:\GRIP_Dataset\New_model\Chirality_Crops\aug27_final_v2_bbox\val\left\12-43-09\images\left\left__GRIP_2026-08-27_12-43-09__e000391.jpg,left,finger_side,left,0.9999996423721313,3.930642549221375e-07,True
D:\GRIP_Dataset\New_model\Chirality_Crops\aug27_final_v2_bbox\val\left\12-43-09\images\left\left__GRIP_2026-08-27_12-43-09__e000391.jpg,left,cuff_side,left,1.0,6.238567884508939e-09,True
D:\GRIP_Dataset\New_model\Chirality_Crops\aug27_final_v2_bbox\val\left\12-43-09\images\left\left__GRIP_2026-08-27_12-43-09__e000391.jpg,left,centre,left,0.9987785220146179,0.0012215060414746404,True
D:\GRIP_Dataset\New_model\Chirality_Crops\aug27_final_v2_bbox\val\left\12-43-09\images\left\left__GRIP_2026-08-27_12-43-09__e000391.jpg,left,top_background,left,1.0,6.778304306731542e-11,True
D:\GRIP_Dataset\New_model\Chirality_Crops\aug27_final_v2_bbox\val\left\12-43-09\images\left\left__GRIP_2026-08-27_12-43-09__e000391.jpg,left,bottom_background,left,1.0,7.336632690257971e-11,True
D:\GRIP_Dataset\New_model\Chirality_Crops\aug27_final_v2_bbox\val\left\12-43-09\images\left\left__GRIP_2026-08-27_12-43-09__e000392.jpg,left,original,left,1.0,7.518528161165605e-11,True
D:\GRIP_Dataset\New_model\Chirality_Crops\aug27_final_v2_bbox\val\left\12-43-09\images\left\left__GRIP_2026-08-27_12-43-09__e000392.jpg,left,finger_side,left,0.9999998807907104,8.984740418327419e-08,True
D:\GRIP_Dataset\New_model\Chirality_Crops\aug27_final_v2_bbox\val\left\12-43-09\images\left\left__GRIP_2026-08-27_12-43-09__e000392.jpg,left,cuff_side,left,0.9999998807907104,1.5112848927856248e-07,True
D:\GRIP_Dataset\New_model\Chirality_Crops\aug27_final_v2_bbox\val\left\12-43-09\images\left\left__GRIP_2026-08-27_12-43-09__e000392.jpg,left,centre,left,0.9999997615814209,2.7910951416743046e-07,True
D:\GRIP_Dataset\New_model\Chirality_Crops\aug27_final_v2_bbox\val\left\12-43-09\images\left\left__GRIP_2026-08-27_12-43-09__e000392.jpg,left,top_background,left,1.0,7.518528161165605e-11,True
D:\GRIP_Dataset\New_model\Chirality_Crops\aug27_final_v2_bbox\val\left\12-43-09\images\left\left__GRIP_2026-08-27_12-43-09__e000392.jpg,left,bottom_background,left,1.0,7.518528161165605e-11,True
D:\GRIP_Dataset\New_model\Chirality_Crops\aug27_final_v2_bbox\val\left\12-43-09\images\left\left__GRIP_2026-08-27_12-43-09__e000393.jpg,left,original,left,1.0,6.845299067165245e-13,True
D:\GRIP_Dataset\New_model\Chirality_Crops\aug27_final_v2_bbox\val\left\12-43-09\images\left\left__GRIP_2026-08-27_12-43-09__e000393.jpg,left,finger_side,left,0.9997863173484802,0.0002137452393071726,True
D:\GRIP_Dataset\New_model\Chirality_Crops\aug27_final_v2_bbox\val\left\12-43-09\images\left\left__GRIP_2026-08-27_12-43-09__e000393.jpg,left,cuff_side,left,1.0,3.9851014849157096e-11,True
D:\GRIP_Dataset\New_model\Chirality_Crops\aug27_final_v2_bbox\val\left\12-43-09\images\left\left__GRIP_2026-08-27_12-43-09__e000393.jpg,left,centre,left,1.0,6.976756949939045e-09,True
D:\GRIP_Dataset\New_model\Chirality_Crops\aug27_final_v2_bbox\val\left\12-43-09\images\left\left__GRIP_2026-08-27_12-43-09__e000393.jpg,left,top_background,left,1.0,6.845299067165245e-13,True
D:\GRIP_Dataset\New_model\Chirality_Crops\aug27_final_v2_bbox\val\left\12-43-09\images\left\left__GRIP_2026-08-27_12-43-09__e000393.jpg,left,bottom_background,left,1.0,6.845299067165245e-13,True
D:\GRIP_Dataset\New_model\Chirality_Crops\aug27_final_v2_bbox\val\left\12-43-09\images\left\left__GRIP_2026-08-27_12-43-09__e000394.jpg,left,original,left,1.0,3.609703681795029e-13,True
D:\GRIP_Dataset\New_model\Chirality_Crops\aug27_final_v2_bbox\val\left\12-43-09\images\left\left__GRIP_2026-08-27_12-43-09__e000394.jpg,left,finger_side,left,0.999921441078186,7.858164462959394e-05,True
D:\GRIP_Dataset\New_model\Chirality_Crops\aug27_final_v2_bbox\val\left\12-43-09\images\left\left__GRIP_2026-08-27_12-43-09__e000394.jpg,left,cuff_side,left,1.0,4.736524714110679e-11,True
D:\GRIP_Dataset\New_model\Chirality_Crops\aug27_final_v2_bbox\val\left\12-43-09\images\left\left__GRIP_2026-08-27_12-43-09__e000394.jpg,left,centre,left,1.0,5.463992591714373e-10,True
D:\GRIP_Dataset\New_model\Chirality_Crops\aug27_final_v2_bbox\val\left\12-43-09\images\left\left__GRIP_2026-08-27_12-43-09__e000394.jpg,left,top_background,left,1.0,3.609703681795029e-13,True
D:\GRIP_Dataset\New_model\Chirality_Crops\aug27_final_v2_bbox\val\left\12-43-09\images\left\left__GRIP_2026-08-27_12-43-09__e000394.jpg,left,bottom_background,left,1.0,3.609703681795029e-13,True
D:\GRIP_Dataset\New_model\Chirality_Crops\aug27_final_v2_bbox\val\left\12-43-09\images\left\left__GRIP_2026-08-27_12-43-09__e000395.jpg,left,original,left,1.0,3.6776148792938557e-09,True
D:\GRIP_Dataset\New_model\Chirality_Crops\aug27_final_v2_bbox\val\left\12-43-09\images\left\left__GRIP_2026-08-27_12-43-09__e000395.jpg,left,finger_side,left,0.9754087328910828,0.024591293185949326,True
D:\GRIP_Dataset\New_model\Chirality_Crops\aug27_final_v2_bbox\val\left\12-43-09\images\left\left__GRIP_2026-08-27_12-43-09__e000395.jpg,left,cuff_side,left,0.9999992847442627,7.681522902203142e-07,True
D:\GRIP_Dataset\New_model\Chirality_Crops\aug27_final_v2_bbox\val\left\12-43-09\images\left\left__GRIP_2026-08-27_12-43-09__e000395.jpg,left,centre,left,0.9999996423721313,3.754592512450472e-07,True
D:\GRIP_Dataset\New_model\Chirality_Crops\aug27_final_v2_bbox\val\left\12-43-09\images\left\left__GRIP_2026-08-27_12-43-09__e000395.jpg,left,top_background,left,1.0,3.548572768963254e-09,True
D:\GRIP_Dataset\New_model\Chirality_Crops\aug27_final_v2_bbox\val\left\12-43-09\images\left\left__GRIP_2026-08-27_12-43-09__e000395.jpg,left,bottom_background,left,1.0,1.284867212625329e-09,True
D:\GRIP_Dataset\New_model\Chirality_Crops\aug27_final_v2_bbox\val\left\12-43-09\images\left\left__GRIP_2026-08-27_12-43-09__e000397.jpg,left,original,left,1.0,2.2288862311370394e-08,True
D:\GRIP_Dataset\New_model\Chirality_Crops\aug27_final_v2_bbox\val\left\12-43-09\images\left\left__GRIP_2026-08-27_12-43-09__e000397.jpg,left,finger_side,left,0.9999798536300659,2.0203679014230147e-05,True
D:\GRIP_Dataset\New_model\Chirality_Crops\aug27_final_v2_bbox\val\left\12-43-09\images\left\left__GRIP_2026-08-27_12-43-09__e000397.jpg,left,cuff_side,left,0.9998476505279541,0.00015227544645313174,True
D:\GRIP_Dataset\New_model\Chirality_Crops\aug27_final_v2_bbox\val\left\12-43-09\images\left\left__GRIP_2026-08-27_12-43-09__e000397.jpg,left,centre,left,0.9999997615814209,2.408314685453661e-07,True
D:\GRIP_Dataset\New_model\Chirality_Crops\aug27_final_v2_bbox\val\left\12-43-09\images\left\left__GRIP_2026-08-27_12-43-09__e000397.jpg,left,top_background,left,1.0,2.2288862311370394e-08,True
D:\GRIP_Dataset\New_model\Chirality_Crops\aug27_final_v2_bbox\val\left\12-43-09\images\left\left__GRIP_2026-08-27_12-43-09__e000397.jpg,left,bottom_background,left,1.0,2.2288862311370394e-08,True
D:\GRIP_Dataset\New_model\Chirality_Crops\aug27_final_v2_bbox\val\left\12-43-09\images\left\left__GRIP_2026-08-27_12-43-09__e000398.jpg,left,original,left,1.0,4.2546697874644e-15,True
D:\GRIP_Dataset\New_model\Chirality_Crops\aug27_final_v2_bbox\val\left\12-43-09\images\left\left__GRIP_2026-08-27_12-43-09__e000398.jpg,left,finger_side,left,1.0,1.1201554128703606e-09,True
D:\GRIP_Dataset\New_model\Chirality_Crops\aug27_final_v2_bbox\val\left\12-43-09\images\left\left__GRIP_2026-08-27_12-43-09__e000398.jpg,left,cuff_side,left,1.0,7.656696999515378e-13,True
D:\GRIP_Dataset\New_model\Chirality_Crops\aug27_final_v2_bbox\val\left\12-43-09\images\left\left__GRIP_2026-08-27_12-43-09__e000398.jpg,left,centre,left,1.0,1.554214978938262e-09,True
D:\GRIP_Dataset\New_model\Chirality_Crops\aug27_final_v2_bbox\val\left\12-43-09\images\left\left__GRIP_2026-08-27_12-43-09__e000398.jpg,left,top_background,left,1.0,4.2546697874644e-15,True
D:\GRIP_Dataset\New_model\Chirality_Crops\aug27_final_v2_bbox\val\left\12-43-09\images\left\left__GRIP_2026-08-27_12-43-09__e000398.jpg,left,bottom_background,left,1.0,4.2546697874644e-15,True
D:\GRIP_Dataset\New_model\Chirality_Crops\aug27_final_v2_bbox\val\left\12-43-09\images\left\left__GRIP_2026-08-27_12-43-09__e000399.jpg,left,original,left,1.0,2.6710292489487376e-15,True
D:\GRIP_Dataset\New_model\Chirality_Crops\aug27_final_v2_bbox\val\left\12-43-09\images\left\left__GRIP_2026-08-27_12-43-09__e000399.jpg,left,finger_side,left,0.9999909400939941,9.094921551877633e-06,True
D:\GRIP_Dataset\New_model\Chirality_Crops\aug27_final_v2_bbox\val\left\12-43-09\images\left\left__GRIP_2026-08-27_12-43-09__e000399.jpg,left,cuff_side,left,1.0,8.251818672810884e-11,True
D:\GRIP_Dataset\New_model\Chirality_Crops\aug27_final_v2_bbox\val\left\12-43-09\images\left\left__GRIP_2026-08-27_12-43-09__e000399.jpg,left,centre,left,1.0,3.404497661563255e-08,True
D:\GRIP_Dataset\New_model\Chirality_Crops\aug27_final_v2_bbox\val\left\12-43-09\images\left\left__GRIP_2026-08-27_12-43-09__e000399.jpg,left,top_background,left,1.0,2.5652960319671146e-15,True
D:\GRIP_Dataset\New_model\Chirality_Crops\aug27_final_v2_bbox\val\left\12-43-09\images\left\left__GRIP_2026-08-27_12-43-09__e000399.jpg,left,bottom_background,left,1.0,2.689453062584466e-15,True
D:\GRIP_Dataset\New_model\Chirality_Crops\aug27_final_v2_bbox\val\left\12-43-09\images\left\left__GRIP_2026-08-27_12-43-09__e000400.jpg,left,original,left,1.0,2.9177002480729186e-10,True
D:\GRIP_Dataset\New_model\Chirality_Crops\aug27_final_v2_bbox\val\left\12-43-09\images\left\left__GRIP_2026-08-27_12-43-09__e000400.jpg,left,finger_side,left,0.9999992847442627,6.815974984419881e-07,True
D:\GRIP_Dataset\New_model\Chirality_Crops\aug27_final_v2_bbox\val\left\12-43-09\images\left\left__GRIP_2026-08-27_12-43-09__e000400.jpg,left,cuff_side,left,1.0,3.417952854078976e-08,True
D:\GRIP_Dataset\New_model\Chirality_Crops\aug27_final_v2_bbox\val\left\12-43-09\images\left\left__GRIP_2026-08-27_12-43-09__e000400.jpg,left,centre,left,0.9999374151229858,6.255126936594024e-05,True
D:\GRIP_Dataset\New_model\Chirality_Crops\aug27_final_v2_bbox\val\left\12-43-09\images\left\left__GRIP_2026-08-27_12-43-09__e000400.jpg,left,top_background,left,1.0,2.9177002480729186e-10,True
D:\GRIP_Dataset\New_model\Chirality_Crops\aug27_final_v2_bbox\val\left\12-43-09\images\left\left__GRIP_2026-08-27_12-43-09__e000400.jpg,left,bottom_background,left,1.0,2.9177002480729186e-10,True
D:\GRIP_Dataset\New_model\Chirality_Crops\aug27_final_v2_bbox\val\left\12-43-09\images\left\left__GRIP_2026-08-27_12-43-09__e000401.jpg,left,original,left,0.9999996423721313,3.2469594657413836e-07,True
D:\GRIP_Dataset\New_model\Chirality_Crops\aug27_final_v2_bbox\val\left\12-43-09\images\left\left__GRIP_2026-08-27_12-43-09__e000401.jpg,left,finger_side,left,0.9999395608901978,6.039819709258154e-05,True
D:\GRIP_Dataset\New_model\Chirality_Crops\aug27_final_v2_bbox\val\left\12-43-09\images\left\left__GRIP_2026-08-27_12-43-09__e000401.jpg,left,cuff_side,left,0.999954342842102,4.563590482575819e-05,True
D:\GRIP_Dataset\New_model\Chirality_Crops\aug27_final_v2_bbox\val\left\12-43-09\images\left\left__GRIP_2026-08-27_12-43-09__e000401.jpg,left,centre,left,0.9999258518218994,7.417272718157619e-05,True
D:\GRIP_Dataset\New_model\Chirality_Crops\aug27_final_v2_bbox\val\left\12-43-09\images\left\left__GRIP_2026-08-27_12-43-09__e000401.jpg,left,top_background,left,0.9999996423721313,3.7538552533078473e-07,True
D:\GRIP_Dataset\New_model\Chirality_Crops\aug27_final_v2_bbox\val\left\12-43-09\images\left\left__GRIP_2026-08-27_12-43-09__e000401.jpg,left,bottom_background,left,0.9999998807907104,8.075235058413455e-08,True
D:\GRIP_Dataset\New_model\Chirality_Crops\aug27_final_v2_bbox\val\left\12-43-09\images\left\left__GRIP_2026-08-27_12-43-09__e000402.jpg,left,original,left,1.0,2.677693678766746e-13,True
D:\GRIP_Dataset\New_model\Chirality_Crops\aug27_final_v2_bbox\val\left\12-43-09\images\left\left__GRIP_2026-08-27_12-43-09__e000402.jpg,left,finger_side,left,1.0,4.185503072601238e-12,True
D:\GRIP_Dataset\New_model\Chirality_Crops\aug27_final_v2_bbox\val\left\12-43-09\images\left\left__GRIP_2026-08-27_12-43-09__e000402.jpg,left,cuff_side,left,1.0,6.97650426317864e-09,True
D:\GRIP_Dataset\New_model\Chirality_Crops\aug27_final_v2_bbox\val\left\12-43-09\images\left\left__GRIP_2026-08-27_12-43-09__e000402.jpg,left,centre,left,0.9999995231628418,4.942741611557722e-07,True
D:\GRIP_Dataset\New_model\Chirality_Crops\aug27_final_v2_bbox\val\left\12-43-09\images\left\left__GRIP_2026-08-27_12-43-09__e000402.jpg,left,top_background,left,1.0,2.545587709807534e-13,True
D:\GRIP_Dataset\New_model\Chirality_Crops\aug27_final_v2_bbox\val\left\12-43-09\images\left\left__GRIP_2026-08-27_12-43-09__e000402.jpg,left,bottom_background,left,1.0,2.7038785164849866e-13,True
D:\GRIP_Dataset\New_model\Chirality_Crops\aug27_final_v2_bbox\val\left\12-43-09\images\left\left__GRIP_2026-08-27_12-43-09__e000403.jpg,left,original,left,1.0,3.769290001648384e-12,True
D:\GRIP_Dataset\New_model\Chirality_Crops\aug27_final_v2_bbox\val\left\12-43-09\images\left\left__GRIP_2026-08-27_12-43-09__e000403.jpg,left,finger_side,left,0.9999152421951294,8.477643132209778e-05,True
D:\GRIP_Dataset\New_model\Chirality_Crops\aug27_final_v2_bbox\val\left\12-43-09\images\left\left__GRIP_2026-08-27_12-43-09__e000403.jpg,left,cuff_side,left,1.0,2.5382136392693155e-09,True
D:\GRIP_Dataset\New_model\Chirality_Crops\aug27_final_v2_bbox\val\left\12-43-09\images\left\left__GRIP_2026-08-27_12-43-09__e000403.jpg,left,centre,left,0.9999992847442627,7.108917543519055e-07,True
D:\GRIP_Dataset\New_model\Chirality_Crops\aug27_final_v2_bbox\val\left\12-43-09\images\left\left__GRIP_2026-08-27_12-43-09__e000403.jpg,left,top_background,left,1.0,1.4765653977288906e-12,True
D:\GRIP_Dataset\New_model\Chirality_Crops\aug27_final_v2_bbox\val\left\12-43-09\images\left\left__GRIP_2026-08-27_12-43-09__e000403.jpg,left,bottom_background,left,1.0,4.257484989556026e-12,True
D:\GRIP_Dataset\New_model\Chirality_Crops\aug27_final_v2_bbox\val\left\12-43-09\images\left\left__GRIP_2026-08-27_12-43-09__e000406.jpg,left,original,left,1.0,1.0004283778350734e-13,True
D:\GRIP_Dataset\New_model\Chirality_Crops\aug27_final_v2_bbox\val\left\12-43-09\images\left\left__GRIP_2026-08-27_12-43-09__e000406.jpg,left,finger_side,left,0.9890356659889221,0.01096433401107788,True
D:\GRIP_Dataset\New_model\Chirality_Crops\aug27_final_v2_bbox\val\left\12-43-09\images\left\left__GRIP_2026-08-27_12-43-09__e000406.jpg,left,cuff_side,left,1.0,3.817986725385136e-12,True
D:\GRIP_Dataset\New_model\Chirality_Crops\aug27_final_v2_bbox\val\left\12-43-09\images\left\left__GRIP_2026-08-27_12-43-09__e000406.jpg,left,centre,left,1.0,4.450474211381561e-09,True
D:\GRIP_Dataset\New_model\Chirality_Crops\aug27_final_v2_bbox\val\left\12-43-09\images\left\left__GRIP_2026-08-27_12-43-09__e000406.jpg,left,top_background,left,1.0,1.0004283778350734e-13,True
D:\GRIP_Dataset\New_model\Chirality_Crops\aug27_final_v2_bbox\val\left\12-43-09\images\left\left__GRIP_2026-08-27_12-43-09__e000406.jpg,left,bottom_background,left,1.0,1.0004283778350734e-13,True
D:\GRIP_Dataset\New_model\Chirality_Crops\aug27_final_v2_bbox\val\left\12-43-09\images\left\left__GRIP_2026-08-27_12-43-09__e000407.jpg,left,original,left,0.9891073107719421,0.010892690159380436,True
D:\GRIP_Dataset\New_model\Chirality_Crops\aug27_final_v2_bbox\val\left\12-43-09\images\left\left__GRIP_2026-08-27_12-43-09__e000407.jpg,left,finger_side,left,0.7298857569694519,0.2701141834259033,True
D:\GRIP_Dataset\New_model\Chirality_Crops\aug27_final_v2_bbox\val\left\12-43-09\images\left\left__GRIP_2026-08-27_12-43-09__e000407.jpg,left,cuff_side,left,0.9789330959320068,0.021066907793283463,True
D:\GRIP_Dataset\New_model\Chirality_Crops\aug27_final_v2_bbox\val\left\12-43-09\images\left\left__GRIP_2026-08-27_12-43-09__e000407.jpg,left,centre,left,0.5765141844749451,0.4234858453273773,True
D:\GRIP_Dataset\New_model\Chirality_Crops\aug27_final_v2_bbox\val\left\12-43-09\images\left\left__GRIP_2026-08-27_12-43-09__e000407.jpg,left,top_background,left,0.9895390868186951,0.010460938327014446,True
D:\GRIP_Dataset\New_model\Chirality_Crops\aug27_final_v2_bbox\val\left\12-43-09\images\left\left__GRIP_2026-08-27_12-43-09__e000407.jpg,left,bottom_background,left,0.9894698858261108,0.010530094616115093,True
D:\GRIP_Dataset\New_model\Chirality_Crops\aug27_final_v2_bbox\val\left\12-43-09\images\left\left__GRIP_2026-08-27_12-43-09__e000409.jpg,left,original,left,0.9999030828475952,9.687778947409242e-05,True
D:\GRIP_Dataset\New_model\Chirality_Crops\aug27_final_v2_bbox\val\left\12-43-09\images\left\left__GRIP_2026-08-27_12-43-09__e000409.jpg,left,finger_side,left,0.9015430212020874,0.0984569862484932,True
D:\GRIP_Dataset\New_model\Chirality_Crops\aug27_final_v2_bbox\val\left\12-43-09\images\left\left__GRIP_2026-08-27_12-43-09__e000409.jpg,left,cuff_side,left,0.9969751834869385,0.003024799283593893,True
D:\GRIP_Dataset\New_model\Chirality_Crops\aug27_final_v2_bbox\val\left\12-43-09\images\left\left__GRIP_2026-08-27_12-43-09__e000409.jpg,left,centre,left,0.9855196475982666,0.01448038499802351,True
D:\GRIP_Dataset\New_model\Chirality_Crops\aug27_final_v2_bbox\val\left\12-43-09\images\left\left__GRIP_2026-08-27_12-43-09__e000409.jpg,left,top_background,left,0.9998693466186523,0.00013064641098026186,True
D:\GRIP_Dataset\New_model\Chirality_Crops\aug27_final_v2_bbox\val\left\12-43-09\images\left\left__GRIP_2026-08-27_12-43-09__e000409.jpg,left,bottom_background,left,0.9999172687530518,8.27044787001796e-05,True
D:\GRIP_Dataset\New_model\Chirality_Crops\aug27_final_v2_bbox\val\left\12-43-09\images\left\left__GRIP_2026-08-27_12-43-09__e000411.jpg,left,original,left,1.0,3.6884075099176926e-15,True
D:\GRIP_Dataset\New_model\Chirality_Crops\aug27_final_v2_bbox\val\left\12-43-09\images\left\left__GRIP_2026-08-27_12-43-09__e000411.jpg,left,finger_side,left,0.9999984502792358,1.5736248997200164e-06,True
D:\GRIP_Dataset\New_model\Chirality_Crops\aug27_final_v2_bbox\val\left\12-43-09\images\left\left__GRIP_2026-08-27_12-43-09__e000411.jpg,left,cuff_side,left,1.0,2.9521704525414805e-11,True
D:\GRIP_Dataset\New_model\Chirality_Crops\aug27_final_v2_bbox\val\left\12-43-09\images\left\left__GRIP_2026-08-27_12-43-09__e000411.jpg,left,centre,left,1.0,1.207163813354839e-09,True
D:\GRIP_Dataset\New_model\Chirality_Crops\aug27_final_v2_bbox\val\left\12-43-09\images\left\left__GRIP_2026-08-27_12-43-09__e000411.jpg,left,top_background,left,1.0,3.2972239779531336e-15,True
D:\GRIP_Dataset\New_model\Chirality_Crops\aug27_final_v2_bbox\val\left\12-43-09\images\left\left__GRIP_2026-08-27_12-43-09__e000411.jpg,left,bottom_background,left,1.0,3.6884075099176926e-15,True
D:\GRIP_Dataset\New_model\Chirality_Crops\aug27_final_v2_bbox\val\left\12-43-09\images\left\left__GRIP_2026-08-27_12-43-09__e000412.jpg,left,original,left,0.999998927116394,1.0932948271147325e-06,True
D:\GRIP_Dataset\New_model\Chirality_Crops\aug27_final_v2_bbox\val\left\12-43-09\images\left\left__GRIP_2026-08-27_12-43-09__e000412.jpg,left,finger_side,left,0.9999860525131226,1.4001949239172973e-05,True
D:\GRIP_Dataset\New_model\Chirality_Crops\aug27_final_v2_bbox\val\left\12-43-09\images\left\left__GRIP_2026-08-27_12-43-09__e000412.jpg,left,cuff_side,left,0.9999978542327881,2.204425300078583e-06,True
D:\GRIP_Dataset\New_model\Chirality_Crops\aug27_final_v2_bbox\val\left\12-43-09\images\left\left__GRIP_2026-08-27_12-43-09__e000412.jpg,left,centre,left,0.9996844530105591,0.00031550999847240746,True
D:\GRIP_Dataset\New_model\Chirality_Crops\aug27_final_v2_bbox\val\left\12-43-09\images\left\left__GRIP_2026-08-27_12-43-09__e000412.jpg,left,top_background,left,0.9999991655349731,8.309112899951288e-07,True
D:\GRIP_Dataset\New_model\Chirality_Crops\aug27_final_v2_bbox\val\left\12-43-09\images\left\left__GRIP_2026-08-27_12-43-09__e000412.jpg,left,bottom_background,left,0.9999997615814209,2.436849797504692e-07,True
D:\GRIP_Dataset\New_model\Chirality_Crops\aug27_final_v2_bbox\val\left\12-43-09\images\left\left__GRIP_2026-08-27_12-43-09__e000413.jpg,left,original,left,0.9998899698257446,0.00011000614176737145,True
D:\GRIP_Dataset\New_model\Chirality_Crops\aug27_final_v2_bbox\val\left\12-43-09\images\left\left__GRIP_2026-08-27_12-43-09__e000413.jpg,left,finger_side,left,0.9971297383308411,0.0028703217394649982,True
D:\GRIP_Dataset\New_model\Chirality_Crops\aug27_final_v2_bbox\val\left\12-43-09\images\left\left__GRIP_2026-08-27_12-43-09__e000413.jpg,left,cuff_side,left,0.9998852014541626,0.00011481890396680683,True
D:\GRIP_Dataset\New_model\Chirality_Crops\aug27_final_v2_bbox\val\left\12-43-09\images\left\left__GRIP_2026-08-27_12-43-09__e000413.jpg,left,centre,left,0.9997863173484802,0.00021363969426602125,True
D:\GRIP_Dataset\New_model\Chirality_Crops\aug27_final_v2_bbox\val\left\12-43-09\images\left\left__GRIP_2026-08-27_12-43-09__e000413.jpg,left,top_background,left,0.999881386756897,0.00011854670447064564,True
D:\GRIP_Dataset\New_model\Chirality_Crops\aug27_final_v2_bbox\val\left\12-43-09\images\left\left__GRIP_2026-08-27_12-43-09__e000413.jpg,left,bottom_background,left,0.9998816251754761,0.00011840845400001854,True
D:\GRIP_Dataset\New_model\Chirality_Crops\aug27_final_v2_bbox\val\left\12-43-09\images\left\left__GRIP_2026-08-27_12-43-09__e000415.jpg,left,original,left,1.0,9.254562550054923e-15,True
D:\GRIP_Dataset\New_model\Chirality_Crops\aug27_final_v2_bbox\val\left\12-43-09\images\left\left__GRIP_2026-08-27_12-43-09__e000415.jpg,left,finger_side,left,1.0,4.721229518445114e-10,True
D:\GRIP_Dataset\New_model\Chirality_Crops\aug27_final_v2_bbox\val\left\12-43-09\images\left\left__GRIP_2026-08-27_12-43-09__e000415.jpg,left,cuff_side,left,1.0,2.8556440198612698e-11,True
D:\GRIP_Dataset\New_model\Chirality_Crops\aug27_final_v2_bbox\val\left\12-43-09\images\left\left__GRIP_2026-08-27_12-43-09__e000415.jpg,left,centre,left,1.0,1.2911471891641213e-08,True
D:\GRIP_Dataset\New_model\Chirality_Crops\aug27_final_v2_bbox\val\left\12-43-09\images\left\left__GRIP_2026-08-27_12-43-09__e000415.jpg,left,top_background,left,1.0,9.254562550054923e-15,True
D:\GRIP_Dataset\New_model\Chirality_Crops\aug27_final_v2_bbox\val\left\12-43-09\images\left\left__GRIP_2026-08-27_12-43-09__e000415.jpg,left,bottom_background,left,1.0,9.254562550054923e-15,True
D:\GRIP_Dataset\New_model\Chirality_Crops\aug27_final_v2_bbox\val\left\12-43-09\images\left\left__GRIP_2026-08-27_12-43-09__e000416.jpg,left,original,left,1.0,8.72007355212645e-09,True
D:\GRIP_Dataset\New_model\Chirality_Crops\aug27_final_v2_bbox\val\left\12-43-09\images\left\left__GRIP_2026-08-27_12-43-09__e000416.jpg,left,finger_side,left,0.9926913380622864,0.007308646570891142,True
D:\GRIP_Dataset\New_model\Chirality_Crops\aug27_final_v2_bbox\val\left\12-43-09\images\left\left__GRIP_2026-08-27_12-43-09__e000416.jpg,left,cuff_side,left,1.0,4.912510931376346e-08,True
D:\GRIP_Dataset\New_model\Chirality_Crops\aug27_final_v2_bbox\val\left\12-43-09\images\left\left__GRIP_2026-08-27_12-43-09__e000416.jpg,left,centre,left,0.9973713159561157,0.00262865680269897,True
D:\GRIP_Dataset\New_model\Chirality_Crops\aug27_final_v2_bbox\val\left\12-43-09\images\left\left__GRIP_2026-08-27_12-43-09__e000416.jpg,left,top_background,left,1.0,9.228434016961273e-09,True
D:\GRIP_Dataset\New_model\Chirality_Crops\aug27_final_v2_bbox\val\left\12-43-09\images\left\left__GRIP_2026-08-27_12-43-09__e000416.jpg,left,bottom_background,left,1.0,4.464145053617585e-09,True
D:\GRIP_Dataset\New_model\Chirality_Crops\aug27_final_v2_bbox\val\left\12-43-09\images\left\left__GRIP_2026-08-27_12-43-09__e000417.jpg,left,original,left,0.9999979734420776,2.0091210899408907e-06,True
D:\GRIP_Dataset\New_model\Chirality_Crops\aug27_final_v2_bbox\val\left\12-43-09\images\left\left__GRIP_2026-08-27_12-43-09__e000417.jpg,left,finger_side,left,0.9999998807907104,6.279721986857112e-08,True
D:\GRIP_Dataset\New_model\Chirality_Crops\aug27_final_v2_bbox\val\left\12-43-09\images\left\left__GRIP_2026-08-27_12-43-09__e000417.jpg,left,cuff_side,left,0.9991936087608337,0.0008064355934038758,True
D:\GRIP_Dataset\New_model\Chirality_Crops\aug27_final_v2_bbox\val\left\12-43-09\images\left\left__GRIP_2026-08-27_12-43-09__e000417.jpg,left,centre,left,0.9998251795768738,0.0001748276554280892,True
D:\GRIP_Dataset\New_model\Chirality_Crops\aug27_final_v2_bbox\val\left\12-43-09\images\left\left__GRIP_2026-08-27_12-43-09__e000417.jpg,left,top_background,left,0.9999983310699463,1.6462594203403569e-06,True
D:\GRIP_Dataset\New_model\Chirality_Crops\aug27_final_v2_bbox\val\left\12-43-09\images\left\left__GRIP_2026-08-27_12-43-09__e000417.jpg,left,bottom_background,left,0.9999978542327881,2.090474254146102e-06,True
D:\GRIP_Dataset\New_model\Chirality_Crops\aug27_final_v2_bbox\val\left\12-43-09\images\left\left__GRIP_2026-08-27_12-43-09__e000419.jpg,left,original,left,1.0,1.349364955709198e-13,True
D:\GRIP_Dataset\New_model\Chirality_Crops\aug27_final_v2_bbox\val\left\12-43-09\images\left\left__GRIP_2026-08-27_12-43-09__e000419.jpg,left,finger_side,left,0.9999997615814209,2.6266812369613035e-07,True
D:\GRIP_Dataset\New_model\Chirality_Crops\aug27_final_v2_bbox\val\left\12-43-09\images\left\left__GRIP_2026-08-27_12-43-09__e000419.jpg,left,cuff_side,left,1.0,2.8286695902268733e-11,True
D:\GRIP_Dataset\New_model\Chirality_Crops\aug27_final_v2_bbox\val\left\12-43-09\images\left\left__GRIP_2026-08-27_12-43-09__e000419.jpg,left,centre,left,1.0,1.3408397725456211e-09,True
D:\GRIP_Dataset\New_model\Chirality_Crops\aug27_final_v2_bbox\val\left\12-43-09\images\left\left__GRIP_2026-08-27_12-43-09__e000419.jpg,left,top_background,left,1.0,7.311252975652008e-14,True
D:\GRIP_Dataset\New_model\Chirality_Crops\aug27_final_v2_bbox\val\left\12-43-09\images\left\left__GRIP_2026-08-27_12-43-09__e000419.jpg,left,bottom_background,left,1.0,1.3499672300160137e-13,True
D:\GRIP_Dataset\New_model\Chirality_Crops\aug27_final_v2_bbox\val\left\12-43-09\images\left\left__GRIP_2026-08-27_12-43-09__e000420.jpg,left,original,left,0.9999998807907104,9.224564934129376e-08,True
D:\GRIP_Dataset\New_model\Chirality_Crops\aug27_final_v2_bbox\val\left\12-43-09\images\left\left__GRIP_2026-08-27_12-43-09__e000420.jpg,left,finger_side,left,0.9967290163040161,0.0032709280494600534,True
D:\GRIP_Dataset\New_model\Chirality_Crops\aug27_final_v2_bbox\val\left\12-43-09\images\left\left__GRIP_2026-08-27_12-43-09__e000420.jpg,left,cuff_side,left,0.9994105100631714,0.0005895112990401685,True
D:\GRIP_Dataset\New_model\Chirality_Crops\aug27_final_v2_bbox\val\left\12-43-09\images\left\left__GRIP_2026-08-27_12-43-09__e000420.jpg,left,centre,left,0.9984177350997925,0.0015822985442355275,True
D:\GRIP_Dataset\New_model\Chirality_Crops\aug27_final_v2_bbox\val\left\12-43-09\images\left\left__GRIP_2026-08-27_12-43-09__e000420.jpg,left,top_background,left,0.9999998807907104,1.6577398298522894e-07,True
D:\GRIP_Dataset\New_model\Chirality_Crops\aug27_final_v2_bbox\val\left\12-43-09\images\left\left__GRIP_2026-08-27_12-43-09__e000420.jpg,left,bottom_background,left,1.0,9.250461729948256e-09,True
D:\GRIP_Dataset\New_model\Chirality_Crops\aug27_final_v2_bbox\val\left\12-43-09\images\left\left__GRIP_2026-08-27_12-43-09__e000421.jpg,left,original,left,1.0,3.0414670890328843e-13,True
D:\GRIP_Dataset\New_model\Chirality_Crops\aug27_final_v2_bbox\val\left\12-43-09\images\left\left__GRIP_2026-08-27_12-43-09__e000421.jpg,left,finger_side,left,0.9999998807907104,1.0493532442978903e-07,True
D:\GRIP_Dataset\New_model\Chirality_Crops\aug27_final_v2_bbox\val\left\12-43-09\images\left\left__GRIP_2026-08-27_12-43-09__e000421.jpg,left,cuff_side,left,1.0,2.5416738935746253e-08,True
D:\GRIP_Dataset\New_model\Chirality_Crops\aug27_final_v2_bbox\val\left\12-43-09\images\left\left__GRIP_2026-08-27_12-43-09__e000421.jpg,left,centre,left,1.0,7.63195551201079e-09,True
D:\GRIP_Dataset\New_model\Chirality_Crops\aug27_final_v2_bbox\val\left\12-43-09\images\left\left__GRIP_2026-08-27_12-43-09__e000421.jpg,left,top_background,left,1.0,3.0414670890328843e-13,True
D:\GRIP_Dataset\New_model\Chirality_Crops\aug27_final_v2_bbox\val\left\12-43-09\images\left\left__GRIP_2026-08-27_12-43-09__e000421.jpg,left,bottom_background,left,1.0,3.0414670890328843e-13,True
D:\GRIP_Dataset\New_model\Chirality_Crops\aug27_final_v2_bbox\val\left\12-43-09\images\left\left__GRIP_2026-08-27_12-43-09__e000423.jpg,left,original,left,1.0,2.9026279620023238e-15,True
D:\GRIP_Dataset\New_model\Chirality_Crops\aug27_final_v2_bbox\val\left\12-43-09\images\left\left__GRIP_2026-08-27_12-43-09__e000423.jpg,left,finger_side,left,0.9999995231628418,4.380885343380214e-07,True
D:\GRIP_Dataset\New_model\Chirality_Crops\aug27_final_v2_bbox\val\left\12-43-09\images\left\left__GRIP_2026-08-27_12-43-09__e000423.jpg,left,cuff_side,left,1.0,3.661501102314446e-10,True
D:\GRIP_Dataset\New_model\Chirality_Crops\aug27_final_v2_bbox\val\left\12-43-09\images\left\left__GRIP_2026-08-27_12-43-09__e000423.jpg,left,centre,left,0.9999994039535522,6.007504680383136e-07,True
D:\GRIP_Dataset\New_model\Chirality_Crops\aug27_final_v2_bbox\val\left\12-43-09\images\left\left__GRIP_2026-08-27_12-43-09__e000423.jpg,left,top_background,left,1.0,1.7582712036687135e-15,True
D:\GRIP_Dataset\New_model\Chirality_Crops\aug27_final_v2_bbox\val\left\12-43-09\images\left\left__GRIP_2026-08-27_12-43-09__e000423.jpg,left,bottom_background,left,1.0,2.994173588875674e-15,True
D:\GRIP_Dataset\New_model\Chirality_Crops\aug27_final_v2_bbox\val\left\12-43-09\images\left\left__GRIP_2026-08-27_12-43-09__e000424.jpg,left,original,left,1.0,1.402748472933979e-09,True
D:\GRIP_Dataset\New_model\Chirality_Crops\aug27_final_v2_bbox\val\left\12-43-09\images\left\left__GRIP_2026-08-27_12-43-09__e000424.jpg,left,finger_side,left,0.9997537732124329,0.0002461741678416729,True
D:\GRIP_Dataset\New_model\Chirality_Crops\aug27_final_v2_bbox\val\left\12-43-09\images\left\left__GRIP_2026-08-27_12-43-09__e000424.jpg,left,cuff_side,left,1.0,1.2480997568786734e-08,True
D:\GRIP_Dataset\New_model\Chirality_Crops\aug27_final_v2_bbox\val\left\12-43-09\images\left\left__GRIP_2026-08-27_12-43-09__e000424.jpg,left,centre,left,0.9998596906661987,0.00014029364683665335,True
D:\GRIP_Dataset\New_model\Chirality_Crops\aug27_final_v2_bbox\val\left\12-43-09\images\left\left__GRIP_2026-08-27_12-43-09__e000424.jpg,left,top_background,left,1.0,6.109792533015579e-11,True
D:\GRIP_Dataset\New_model\Chirality_Crops\aug27_final_v2_bbox\val\left\12-43-09\images\left\left__GRIP_2026-08-27_12-43-09__e000424.jpg,left,bottom_background,left,1.0,4.056330271673403e-10,True
D:\GRIP_Dataset\New_model\Chirality_Crops\aug27_final_v2_bbox\val\left\12-43-09\images\left\left__GRIP_2026-08-27_12-43-09__e000428.jpg,left,original,left,1.0,1.7061198086227398e-15,True
D:\GRIP_Dataset\New_model\Chirality_Crops\aug27_final_v2_bbox\val\left\12-43-09\images\left\left__GRIP_2026-08-27_12-43-09__e000428.jpg,left,finger_side,left,0.9999990463256836,9.808862841964583e-07,True
D:\GRIP_Dataset\New_model\Chirality_Crops\aug27_final_v2_bbox\val\left\12-43-09\images\left\left__GRIP_2026-08-27_12-43-09__e000428.jpg,left,cuff_side,left,1.0,4.883614346251619e-12,True
D:\GRIP_Dataset\New_model\Chirality_Crops\aug27_final_v2_bbox\val\left\12-43-09\images\left\left__GRIP_2026-08-27_12-43-09__e000428.jpg,left,centre,left,1.0,1.120825932066083e-10,True
D:\GRIP_Dataset\New_model\Chirality_Crops\aug27_final_v2_bbox\val\left\12-43-09\images\left\left__GRIP_2026-08-27_12-43-09__e000428.jpg,left,top_background,left,1.0,1.7061198086227398e-15,True
D:\GRIP_Dataset\New_model\Chirality_Crops\aug27_final_v2_bbox\val\left\12-43-09\images\left\left__GRIP_2026-08-27_12-43-09__e000428.jpg,left,bottom_background,left,1.0,1.7061198086227398e-15,True
D:\GRIP_Dataset\New_model\Chirality_Crops\aug27_final_v2_bbox\val\left\12-43-09\images\left\left__GRIP_2026-08-27_12-43-09__e000430.jpg,left,original,left,1.0,8.974609944090162e-10,True
D:\GRIP_Dataset\New_model\Chirality_Crops\aug27_final_v2_bbox\val\left\12-43-09\images\left\left__GRIP_2026-08-27_12-43-09__e000430.jpg,left,finger_side,left,1.0,2.902790785519471e-10,True
D:\GRIP_Dataset\New_model\Chirality_Crops\aug27_final_v2_bbox\val\left\12-43-09\images\left\left__GRIP_2026-08-27_12-43-09__e000430.jpg,left,cuff_side,left,0.9999980926513672,1.9237008928030264e-06,True
D:\GRIP_Dataset\New_model\Chirality_Crops\aug27_final_v2_bbox\val\left\12-43-09\images\left\left__GRIP_2026-08-27_12-43-09__e000430.jpg,left,centre,left,0.9998717308044434,0.0001282175799133256,True
D:\GRIP_Dataset\New_model\Chirality_Crops\aug27_final_v2_bbox\val\left\12-43-09\images\left\left__GRIP_2026-08-27_12-43-09__e000430.jpg,left,top_background,left,1.0,8.849554422596384e-10,True
D:\GRIP_Dataset\New_model\Chirality_Crops\aug27_final_v2_bbox\val\left\12-43-09\images\left\left__GRIP_2026-08-27_12-43-09__e000430.jpg,left,bottom_background,left,1.0,9.654465005226598e-10,True
D:\GRIP_Dataset\New_model\Chirality_Crops\aug27_final_v2_bbox\val\left\12-43-09\images\left\left__GRIP_2026-08-27_12-43-09__e000431.jpg,left,original,left,1.0,7.385291163342078e-12,True
D:\GRIP_Dataset\New_model\Chirality_Crops\aug27_final_v2_bbox\val\left\12-43-09\images\left\left__GRIP_2026-08-27_12-43-09__e000431.jpg,left,finger_side,left,0.9999680519104004,3.190820643794723e-05,True
D:\GRIP_Dataset\New_model\Chirality_Crops\aug27_final_v2_bbox\val\left\12-43-09\images\left\left__GRIP_2026-08-27_12-43-09__e000431.jpg,left,cuff_side,left,1.0,1.310143882271575e-09,True
D:\GRIP_Dataset\New_model\Chirality_Crops\aug27_final_v2_bbox\val\left\12-43-09\images\left\left__GRIP_2026-08-27_12-43-09__e000431.jpg,left,centre,left,0.9999886751174927,1.1368713785486761e-05,True
D:\GRIP_Dataset\New_model\Chirality_Crops\aug27_final_v2_bbox\val\left\12-43-09\images\left\left__GRIP_2026-08-27_12-43-09__e000431.jpg,left,top_background,left,1.0,7.385291163342078e-12,True
D:\GRIP_Dataset\New_model\Chirality_Crops\aug27_final_v2_bbox\val\left\12-43-09\images\left\left__GRIP_2026-08-27_12-43-09__e000431.jpg,left,bottom_background,left,1.0,7.385291163342078e-12,True
D:\GRIP_Dataset\New_model\Chirality_Crops\aug27_final_v2_bbox\val\left\12-43-09\images\left\left__GRIP_2026-08-27_12-43-09__e000432.jpg,left,original,left,0.999893307685852,0.0001067165721906349,True
D:\GRIP_Dataset\New_model\Chirality_Crops\aug27_final_v2_bbox\val\left\12-43-09\images\left\left__GRIP_2026-08-27_12-43-09__e000432.jpg,left,finger_side,right,0.21183563768863678,0.7881643176078796,False
D:\GRIP_Dataset\New_model\Chirality_Crops\aug27_final_v2_bbox\val\left\12-43-09\images\left\left__GRIP_2026-08-27_12-43-09__e000432.jpg,left,cuff_side,left,0.999872088432312,0.00012789704487659037,True
D:\GRIP_Dataset\New_model\Chirality_Crops\aug27_final_v2_bbox\val\left\12-43-09\images\left\left__GRIP_2026-08-27_12-43-09__e000432.jpg,left,centre,left,0.8554043173789978,0.14459562301635742,True
D:\GRIP_Dataset\New_model\Chirality_Crops\aug27_final_v2_bbox\val\left\12-43-09\images\left\left__GRIP_2026-08-27_12-43-09__e000432.jpg,left,top_background,left,0.9999054670333862,9.446639887755737e-05,True
D:\GRIP_Dataset\New_model\Chirality_Crops\aug27_final_v2_bbox\val\left\12-43-09\images\left\left__GRIP_2026-08-27_12-43-09__e000432.jpg,left,bottom_background,left,0.9998887777328491,0.00011116333917016163,True
D:\GRIP_Dataset\New_model\Chirality_Crops\aug27_final_v2_bbox\val\left\12-43-09\images\left\left__GRIP_2026-08-27_12-43-09__e000433.jpg,left,original,left,1.0,3.017686101003392e-11,True
D:\GRIP_Dataset\New_model\Chirality_Crops\aug27_final_v2_bbox\val\left\12-43-09\images\left\left__GRIP_2026-08-27_12-43-09__e000433.jpg,left,finger_side,left,0.9999998807907104,9.941484080400187e-08,True
D:\GRIP_Dataset\New_model\Chirality_Crops\aug27_final_v2_bbox\val\left\12-43-09\images\left\left__GRIP_2026-08-27_12-43-09__e000433.jpg,left,cuff_side,left,1.0,1.4122067071298261e-08,True
D:\GRIP_Dataset\New_model\Chirality_Crops\aug27_final_v2_bbox\val\left\12-43-09\images\left\left__GRIP_2026-08-27_12-43-09__e000433.jpg,left,centre,left,0.9999969005584717,3.1474082788918167e-06,True
D:\GRIP_Dataset\New_model\Chirality_Crops\aug27_final_v2_bbox\val\left\12-43-09\images\left\left__GRIP_2026-08-27_12-43-09__e000433.jpg,left,top_background,left,1.0,8.321077160644563e-11,True
D:\GRIP_Dataset\New_model\Chirality_Crops\aug27_final_v2_bbox\val\left\12-43-09\images\left\left__GRIP_2026-08-27_12-43-09__e000433.jpg,left,bottom_background,left,1.0,3.334214501715671e-11,True
D:\GRIP_Dataset\New_model\Chirality_Crops\aug27_final_v2_bbox\val\left\12-43-09\images\left\left__GRIP_2026-08-27_12-43-09__e000434.jpg,left,original,left,1.0,1.0757598978283767e-10,True
D:\GRIP_Dataset\New_model\Chirality_Crops\aug27_final_v2_bbox\val\left\12-43-09\images\left\left__GRIP_2026-08-27_12-43-09__e000434.jpg,left,finger_side,left,0.9993732571601868,0.0006267605349421501,True
D:\GRIP_Dataset\New_model\Chirality_Crops\aug27_final_v2_bbox\val\left\12-43-09\images\left\left__GRIP_2026-08-27_12-43-09__e000434.jpg,left,cuff_side,left,1.0,3.117951763442761e-08,True
D:\GRIP_Dataset\New_model\Chirality_Crops\aug27_final_v2_bbox\val\left\12-43-09\images\left\left__GRIP_2026-08-27_12-43-09__e000434.jpg,left,centre,left,0.9999980926513672,1.9383949165785452e-06,True
D:\GRIP_Dataset\New_model\Chirality_Crops\aug27_final_v2_bbox\val\left\12-43-09\images\left\left__GRIP_2026-08-27_12-43-09__e000434.jpg,left,top_background,left,1.0,1.0757598978283767e-10,True
D:\GRIP_Dataset\New_model\Chirality_Crops\aug27_final_v2_bbox\val\left\12-43-09\images\left\left__GRIP_2026-08-27_12-43-09__e000434.jpg,left,bottom_background,left,1.0,1.0757598978283767e-10,True
D:\GRIP_Dataset\New_model\Chirality_Crops\aug27_final_v2_bbox\val\left\12-43-09\images\left\left__GRIP_2026-08-27_12-43-09__e000435.jpg,left,original,left,1.0,2.6126434457714176e-13,True
D:\GRIP_Dataset\New_model\Chirality_Crops\aug27_final_v2_bbox\val\left\12-43-09\images\left\left__GRIP_2026-08-27_12-43-09__e000435.jpg,left,finger_side,left,1.0,6.317580486525642e-11,True
D:\GRIP_Dataset\New_model\Chirality_Crops\aug27_final_v2_bbox\val\left\12-43-09\images\left\left__GRIP_2026-08-27_12-43-09__e000435.jpg,left,cuff_side,left,1.0,1.747220923498105e-09,True
D:\GRIP_Dataset\New_model\Chirality_Crops\aug27_final_v2_bbox\val\left\12-43-09\images\left\left__GRIP_2026-08-27_12-43-09__e000435.jpg,left,centre,left,0.9999996423721313,3.519412246077991e-07,True
D:\GRIP_Dataset\New_model\Chirality_Crops\aug27_final_v2_bbox\val\left\12-43-09\images\left\left__GRIP_2026-08-27_12-43-09__e000435.jpg,left,top_background,left,1.0,2.6659726401305484e-13,True
D:\GRIP_Dataset\New_model\Chirality_Crops\aug27_final_v2_bbox\val\left\12-43-09\images\left\left__GRIP_2026-08-27_12-43-09__e000435.jpg,left,bottom_background,left,1.0,2.4321134841319425e-13,True
D:\GRIP_Dataset\New_model\Chirality_Crops\aug27_final_v2_bbox\val\left\12-43-09\images\left\left__GRIP_2026-08-27_12-43-09__e000436.jpg,left,original,left,1.0,3.600125568752749e-13,True
D:\GRIP_Dataset\New_model\Chirality_Crops\aug27_final_v2_bbox\val\left\12-43-09\images\left\left__GRIP_2026-08-27_12-43-09__e000436.jpg,left,finger_side,left,0.9999998807907104,1.1094673624256757e-07,True
D:\GRIP_Dataset\New_model\Chirality_Crops\aug27_final_v2_bbox\val\left\12-43-09\images\left\left__GRIP_2026-08-27_12-43-09__e000436.jpg,left,cuff_side,left,1.0,5.820926379795921e-11,True
D:\GRIP_Dataset\New_model\Chirality_Crops\aug27_final_v2_bbox\val\left\12-43-09\images\left\left__GRIP_2026-08-27_12-43-09__e000436.jpg,left,centre,left,1.0,3.264742920450203e-09,True
D:\GRIP_Dataset\New_model\Chirality_Crops\aug27_final_v2_bbox\val\left\12-43-09\images\left\left__GRIP_2026-08-27_12-43-09__e000436.jpg,left,top_background,left,1.0,3.600125568752749e-13,True
D:\GRIP_Dataset\New_model\Chirality_Crops\aug27_final_v2_bbox\val\left\12-43-09\images\left\left__GRIP_2026-08-27_12-43-09__e000436.jpg,left,bottom_background,left,1.0,3.600125568752749e-13,True
D:\GRIP_Dataset\New_model\Chirality_Crops\aug27_final_v2_bbox\val\left\12-43-09\images\left\left__GRIP_2026-08-27_12-43-09__e000438.jpg,left,original,left,1.0,2.38319568524048e-08,True
D:\GRIP_Dataset\New_model\Chirality_Crops\aug27_final_v2_bbox\val\left\12-43-09\images\left\left__GRIP_2026-08-27_12-43-09__e000438.jpg,left,finger_side,left,0.9982253909111023,0.0017746278317645192,True
D:\GRIP_Dataset\New_model\Chirality_Crops\aug27_final_v2_bbox\val\left\12-43-09\images\left\left__GRIP_2026-08-27_12-43-09__e000438.jpg,left,cuff_side,left,0.999943733215332,5.6205382861662656e-05,True
D:\GRIP_Dataset\New_model\Chirality_Crops\aug27_final_v2_bbox\val\left\12-43-09\images\left\left__GRIP_2026-08-27_12-43-09__e000438.jpg,left,centre,left,0.9995450377464294,0.00045487642637453973,True
D:\GRIP_Dataset\New_model\Chirality_Crops\aug27_final_v2_bbox\val\left\12-43-09\images\left\left__GRIP_2026-08-27_12-43-09__e000438.jpg,left,top_background,left,1.0,4.469207937063402e-08,True
D:\GRIP_Dataset\New_model\Chirality_Crops\aug27_final_v2_bbox\val\left\12-43-09\images\left\left__GRIP_2026-08-27_12-43-09__e000438.jpg,left,bottom_background,left,1.0,3.5531648734377086e-09,True
D:\GRIP_Dataset\New_model\Chirality_Crops\aug27_final_v2_bbox\val\left\12-43-09\images\left\left__GRIP_2026-08-27_12-43-09__e000439.jpg,left,original,left,1.0,5.6529497527435524e-08,True
D:\GRIP_Dataset\New_model\Chirality_Crops\aug27_final_v2_bbox\val\left\12-43-09\images\left\left__GRIP_2026-08-27_12-43-09__e000439.jpg,left,finger_side,left,0.9913777112960815,0.008622237481176853,True
D:\GRIP_Dataset\New_model\Chirality_Crops\aug27_final_v2_bbox\val\left\12-43-09\images\left\left__GRIP_2026-08-27_12-43-09__e000439.jpg,left,cuff_side,left,0.9999998807907104,1.1215866635438942e-07,True
D:\GRIP_Dataset\New_model\Chirality_Crops\aug27_final_v2_bbox\val\left\12-43-09\images\left\left__GRIP_2026-08-27_12-43-09__e000439.jpg,left,centre,left,0.9999934434890747,6.548176315845922e-06,True
D:\GRIP_Dataset\New_model\Chirality_Crops\aug27_final_v2_bbox\val\left\12-43-09\images\left\left__GRIP_2026-08-27_12-43-09__e000439.jpg,left,top_background,left,1.0,5.6529497527435524e-08,True
D:\GRIP_Dataset\New_model\Chirality_Crops\aug27_final_v2_bbox\val\left\12-43-09\images\left\left__GRIP_2026-08-27_12-43-09__e000439.jpg,left,bottom_background,left,1.0,5.6529497527435524e-08,True
D:\GRIP_Dataset\New_model\Chirality_Crops\aug27_final_v2_bbox\val\left\12-43-09\images\left\left__GRIP_2026-08-27_12-43-09__e000440.jpg,left,original,left,0.9999988079071045,1.150319803855382e-06,True
D:\GRIP_Dataset\New_model\Chirality_Crops\aug27_final_v2_bbox\val\left\12-43-09\images\left\left__GRIP_2026-08-27_12-43-09__e000440.jpg,left,finger_side,left,0.9995809197425842,0.0004190854087937623,True
D:\GRIP_Dataset\New_model\Chirality_Crops\aug27_final_v2_bbox\val\left\12-43-09\images\left\left__GRIP_2026-08-27_12-43-09__e000440.jpg,left,cuff_side,left,0.999996542930603,3.3980504667852074e-06,True
D:\GRIP_Dataset\New_model\Chirality_Crops\aug27_final_v2_bbox\val\left\12-43-09\images\left\left__GRIP_2026-08-27_12-43-09__e000440.jpg,left,centre,left,0.9888024926185608,0.011197431944310665,True
D:\GRIP_Dataset\New_model\Chirality_Crops\aug27_final_v2_bbox\val\left\12-43-09\images\left\left__GRIP_2026-08-27_12-43-09__e000440.jpg,left,top_background,left,0.9999992847442627,7.181631644925801e-07,True
D:\GRIP_Dataset\New_model\Chirality_Crops\aug27_final_v2_bbox\val\left\12-43-09\images\left\left__GRIP_2026-08-27_12-43-09__e000440.jpg,left,bottom_background,left,0.9999990463256836,9.39536562327703e-07,True
D:\GRIP_Dataset\New_model\Chirality_Crops\aug27_final_v2_bbox\val\left\12-43-09\images\left\left__GRIP_2026-08-27_12-43-09__e000443.jpg,left,original,left,0.9997069239616394,0.000292990735033527,True
D:\GRIP_Dataset\New_model\Chirality_Crops\aug27_final_v2_bbox\val\left\12-43-09\images\left\left__GRIP_2026-08-27_12-43-09__e000443.jpg,left,finger_side,right,0.04493323713541031,0.9550667405128479,False
D:\GRIP_Dataset\New_model\Chirality_Crops\aug27_final_v2_bbox\val\left\12-43-09\images\left\left__GRIP_2026-08-27_12-43-09__e000443.jpg,left,cuff_side,left,0.998363196849823,0.001636826666072011,True
D:\GRIP_Dataset\New_model\Chirality_Crops\aug27_final_v2_bbox\val\left\12-43-09\images\left\left__GRIP_2026-08-27_12-43-09__e000443.jpg,left,centre,left,0.99974125623703,0.0002587306371424347,True
D:\GRIP_Dataset\New_model\Chirality_Crops\aug27_final_v2_bbox\val\left\12-43-09\images\left\left__GRIP_2026-08-27_12-43-09__e000443.jpg,left,top_background,left,0.9997032284736633,0.000296764075756073,True
D:\GRIP_Dataset\New_model\Chirality_Crops\aug27_final_v2_bbox\val\left\12-43-09\images\left\left__GRIP_2026-08-27_12-43-09__e000443.jpg,left,bottom_background,left,0.9997658133506775,0.00023419500212185085,True
D:\GRIP_Dataset\New_model\Chirality_Crops\aug27_final_v2_bbox\val\left\12-43-09\images\left\left__GRIP_2026-08-27_12-43-09__e000445.jpg,left,original,left,1.0,1.0604887107357186e-10,True
D:\GRIP_Dataset\New_model\Chirality_Crops\aug27_final_v2_bbox\val\left\12-43-09\images\left\left__GRIP_2026-08-27_12-43-09__e000445.jpg,left,finger_side,left,0.9999936819076538,6.3518523347738665e-06,True
D:\GRIP_Dataset\New_model\Chirality_Crops\aug27_final_v2_bbox\val\left\12-43-09\images\left\left__GRIP_2026-08-27_12-43-09__e000445.jpg,left,cuff_side,left,1.0,1.368674151791538e-08,True
D:\GRIP_Dataset\New_model\Chirality_Crops\aug27_final_v2_bbox\val\left\12-43-09\images\left\left__GRIP_2026-08-27_12-43-09__e000445.jpg,left,centre,left,1.0,4.746059101279343e-10,True
D:\GRIP_Dataset\New_model\Chirality_Crops\aug27_final_v2_bbox\val\left\12-43-09\images\left\left__GRIP_2026-08-27_12-43-09__e000445.jpg,left,top_background,left,1.0,1.0604887107357186e-10,True
D:\GRIP_Dataset\New_model\Chirality_Crops\aug27_final_v2_bbox\val\left\12-43-09\images\left\left__GRIP_2026-08-27_12-43-09__e000445.jpg,left,bottom_background,left,1.0,1.0604887107357186e-10,True
D:\GRIP_Dataset\New_model\Chirality_Crops\aug27_final_v2_bbox\val\left\12-43-09\images\left\left__GRIP_2026-08-27_12-43-09__e000447.jpg,left,original,right,0.17381538450717926,0.8261846303939819,False
D:\GRIP_Dataset\New_model\Chirality_Crops\aug27_final_v2_bbox\val\left\12-43-09\images\left\left__GRIP_2026-08-27_12-43-09__e000447.jpg,left,finger_side,left,0.9353680610656738,0.06463191658258438,True
D:\GRIP_Dataset\New_model\Chirality_Crops\aug27_final_v2_bbox\val\left\12-43-09\images\left\left__GRIP_2026-08-27_12-43-09__e000447.jpg,left,cuff_side,right,0.1516224592924118,0.8483775854110718,False
D:\GRIP_Dataset\New_model\Chirality_Crops\aug27_final_v2_bbox\val\left\12-43-09\images\left\left__GRIP_2026-08-27_12-43-09__e000447.jpg,left,centre,left,0.9470793008804321,0.05292072892189026,True
D:\GRIP_Dataset\New_model\Chirality_Crops\aug27_final_v2_bbox\val\left\12-43-09\images\left\left__GRIP_2026-08-27_12-43-09__e000447.jpg,left,top_background,right,0.328768789768219,0.6712312698364258,False
D:\GRIP_Dataset\New_model\Chirality_Crops\aug27_final_v2_bbox\val\left\12-43-09\images\left\left__GRIP_2026-08-27_12-43-09__e000447.jpg,left,bottom_background,right,0.17234230041503906,0.8276576995849609,False
D:\GRIP_Dataset\New_model\Chirality_Crops\aug27_final_v2_bbox\val\left\12-43-09\images\left\left__GRIP_2026-08-27_12-43-09__e000448.jpg,left,original,left,1.0,1.2887817711897814e-13,True
D:\GRIP_Dataset\New_model\Chirality_Crops\aug27_final_v2_bbox\val\left\12-43-09\images\left\left__GRIP_2026-08-27_12-43-09__e000448.jpg,left,finger_side,left,1.0,2.3575069008074934e-08,True
D:\GRIP_Dataset\New_model\Chirality_Crops\aug27_final_v2_bbox\val\left\12-43-09\images\left\left__GRIP_2026-08-27_12-43-09__e000448.jpg,left,cuff_side,left,1.0,4.713588547256009e-11,True
D:\GRIP_Dataset\New_model\Chirality_Crops\aug27_final_v2_bbox\val\left\12-43-09\images\left\left__GRIP_2026-08-27_12-43-09__e000448.jpg,left,centre,left,0.9999998807907104,8.534973972018634e-08,True
D:\GRIP_Dataset\New_model\Chirality_Crops\aug27_final_v2_bbox\val\left\12-43-09\images\left\left__GRIP_2026-08-27_12-43-09__e000448.jpg,left,top_background,left,1.0,1.2887817711897814e-13,True
D:\GRIP_Dataset\New_model\Chirality_Crops\aug27_final_v2_bbox\val\left\12-43-09\images\left\left__GRIP_2026-08-27_12-43-09__e000448.jpg,left,bottom_background,left,1.0,1.2887817711897814e-13,True
D:\GRIP_Dataset\New_model\Chirality_Crops\aug27_final_v2_bbox\val\left\12-43-09\images\left\left__GRIP_2026-08-27_12-43-09__e000449.jpg,left,original,left,1.0,1.135191184217961e-14,True
D:\GRIP_Dataset\New_model\Chirality_Crops\aug27_final_v2_bbox\val\left\12-43-09\images\left\left__GRIP_2026-08-27_12-43-09__e000449.jpg,left,finger_side,left,1.0,4.437429534931425e-09,True
D:\GRIP_Dataset\New_model\Chirality_Crops\aug27_final_v2_bbox\val\left\12-43-09\images\left\left__GRIP_2026-08-27_12-43-09__e000449.jpg,left,cuff_side,left,1.0,2.4041317825407305e-09,True
D:\GRIP_Dataset\New_model\Chirality_Crops\aug27_final_v2_bbox\val\left\12-43-09\images\left\left__GRIP_2026-08-27_12-43-09__e000449.jpg,left,centre,left,0.9999988079071045,1.2346604307822417e-06,True
D:\GRIP_Dataset\New_model\Chirality_Crops\aug27_final_v2_bbox\val\left\12-43-09\images\left\left__GRIP_2026-08-27_12-43-09__e000449.jpg,left,top_background,left,1.0,1.135191184217961e-14,True
D:\GRIP_Dataset\New_model\Chirality_Crops\aug27_final_v2_bbox\val\left\12-43-09\images\left\left__GRIP_2026-08-27_12-43-09__e000449.jpg,left,bottom_background,left,1.0,1.135191184217961e-14,True
D:\GRIP_Dataset\New_model\Chirality_Crops\aug27_final_v2_bbox\val\left\12-43-09\images\left\left__GRIP_2026-08-27_12-43-09__e000450.jpg,left,original,left,0.9999953508377075,4.63868263977929e-06,True
D:\GRIP_Dataset\New_model\Chirality_Crops\aug27_final_v2_bbox\val\left\12-43-09\images\left\left__GRIP_2026-08-27_12-43-09__e000450.jpg,left,finger_side,left,0.9950628876686096,0.0049371421337127686,True
D:\GRIP_Dataset\New_model\Chirality_Crops\aug27_final_v2_bbox\val\left\12-43-09\images\left\left__GRIP_2026-08-27_12-43-09__e000450.jpg,left,cuff_side,left,0.9999842643737793,1.577379043737892e-05,True
D:\GRIP_Dataset\New_model\Chirality_Crops\aug27_final_v2_bbox\val\left\12-43-09\images\left\left__GRIP_2026-08-27_12-43-09__e000450.jpg,left,centre,left,0.9996148347854614,0.00038512644823640585,True
D:\GRIP_Dataset\New_model\Chirality_Crops\aug27_final_v2_bbox\val\left\12-43-09\images\left\left__GRIP_2026-08-27_12-43-09__e000450.jpg,left,top_background,left,0.999994158744812,5.782144853583304e-06,True
D:\GRIP_Dataset\New_model\Chirality_Crops\aug27_final_v2_bbox\val\left\12-43-09\images\left\left__GRIP_2026-08-27_12-43-09__e000450.jpg,left,bottom_background,left,0.999994158744812,5.847904503752943e-06,True
D:\GRIP_Dataset\New_model\Chirality_Crops\aug27_final_v2_bbox\val\left\12-43-09\images\left\left__GRIP_2026-08-27_12-43-09__e000451.jpg,left,original,left,1.0,2.9032099641002063e-11,True
D:\GRIP_Dataset\New_model\Chirality_Crops\aug27_final_v2_bbox\val\left\12-43-09\images\left\left__GRIP_2026-08-27_12-43-09__e000451.jpg,left,finger_side,left,0.9999786615371704,2.1297146304277703e-05,True
D:\GRIP_Dataset\New_model\Chirality_Crops\aug27_final_v2_bbox\val\left\12-43-09\images\left\left__GRIP_2026-08-27_12-43-09__e000451.jpg,left,cuff_side,left,1.0,1.3893264316777731e-08,True
D:\GRIP_Dataset\New_model\Chirality_Crops\aug27_final_v2_bbox\val\left\12-43-09\images\left\left__GRIP_2026-08-27_12-43-09__e000451.jpg,left,centre,left,0.9993470311164856,0.0006529020029120147,True
D:\GRIP_Dataset\New_model\Chirality_Crops\aug27_final_v2_bbox\val\left\12-43-09\images\left\left__GRIP_2026-08-27_12-43-09__e000451.jpg,left,top_background,left,1.0,3.2720583187373364e-11,True
D:\GRIP_Dataset\New_model\Chirality_Crops\aug27_final_v2_bbox\val\left\12-43-09\images\left\left__GRIP_2026-08-27_12-43-09__e000451.jpg,left,bottom_background,left,1.0,3.486956556830734e-11,True
D:\GRIP_Dataset\New_model\Chirality_Crops\aug27_final_v2_bbox\val\left\12-43-09\images\left\left__GRIP_2026-08-27_12-43-09__e000452.jpg,left,original,left,1.0,1.3749392012570808e-14,True
D:\GRIP_Dataset\New_model\Chirality_Crops\aug27_final_v2_bbox\val\left\12-43-09\images\left\left__GRIP_2026-08-27_12-43-09__e000452.jpg,left,finger_side,left,0.9999964237213135,3.6041449220647337e-06,True
D:\GRIP_Dataset\New_model\Chirality_Crops\aug27_final_v2_bbox\val\left\12-43-09\images\left\left__GRIP_2026-08-27_12-43-09__e000452.jpg,left,cuff_side,left,1.0,1.561154677753862e-10,True
D:\GRIP_Dataset\New_model\Chirality_Crops\aug27_final_v2_bbox\val\left\12-43-09\images\left\left__GRIP_2026-08-27_12-43-09__e000452.jpg,left,centre,left,0.9999998807907104,6.592512136194273e-08,True
D:\GRIP_Dataset\New_model\Chirality_Crops\aug27_final_v2_bbox\val\left\12-43-09\images\left\left__GRIP_2026-08-27_12-43-09__e000452.jpg,left,top_background,left,1.0,1.091377896801464e-14,True
D:\GRIP_Dataset\New_model\Chirality_Crops\aug27_final_v2_bbox\val\left\12-43-09\images\left\left__GRIP_2026-08-27_12-43-09__e000452.jpg,left,bottom_background,left,1.0,1.3676522615151468e-14,True
D:\GRIP_Dataset\New_model\Chirality_Crops\aug27_final_v2_bbox\val\left\12-43-09\images\left\left__GRIP_2026-08-27_12-43-09__e000454.jpg,left,original,left,1.0,1.2806617745442228e-12,True
D:\GRIP_Dataset\New_model\Chirality_Crops\aug27_final_v2_bbox\val\left\12-43-09\images\left\left__GRIP_2026-08-27_12-43-09__e000454.jpg,left,finger_side,left,0.9999995231628418,5.1526586730688e-07,True
D:\GRIP_Dataset\New_model\Chirality_Crops\aug27_final_v2_bbox\val\left\12-43-09\images\left\left__GRIP_2026-08-27_12-43-09__e000454.jpg,left,cuff_side,left,0.9999998807907104,1.0405378958466827e-07,True
D:\GRIP_Dataset\New_model\Chirality_Crops\aug27_final_v2_bbox\val\left\12-43-09\images\left\left__GRIP_2026-08-27_12-43-09__e000454.jpg,left,centre,left,0.9999997615814209,2.474445466305042e-07,True
D:\GRIP_Dataset\New_model\Chirality_Crops\aug27_final_v2_bbox\val\left\12-43-09\images\left\left__GRIP_2026-08-27_12-43-09__e000454.jpg,left,top_background,left,1.0,1.473223344532204e-12,True
D:\GRIP_Dataset\New_model\Chirality_Crops\aug27_final_v2_bbox\val\left\12-43-09\images\left\left__GRIP_2026-08-27_12-43-09__e000454.jpg,left,bottom_background,left,1.0,1.159822888771589e-12,True
D:\GRIP_Dataset\New_model\Chirality_Crops\aug27_final_v2_bbox\val\left\12-43-09\images\left\left__GRIP_2026-08-27_12-43-09__e000455.jpg,left,original,left,1.0,9.118648197636858e-11,True
D:\GRIP_Dataset\New_model\Chirality_Crops\aug27_final_v2_bbox\val\left\12-43-09\images\left\left__GRIP_2026-08-27_12-43-09__e000455.jpg,left,finger_side,left,0.99994957447052,5.0443773943698034e-05,True
D:\GRIP_Dataset\New_model\Chirality_Crops\aug27_final_v2_bbox\val\left\12-43-09\images\left\left__GRIP_2026-08-27_12-43-09__e000455.jpg,left,cuff_side,left,1.0,1.8332499962525617e-08,True
D:\GRIP_Dataset\New_model\Chirality_Crops\aug27_final_v2_bbox\val\left\12-43-09\images\left\left__GRIP_2026-08-27_12-43-09__e000455.jpg,left,centre,left,0.9999996423721313,3.987563843566022e-07,True
D:\GRIP_Dataset\New_model\Chirality_Crops\aug27_final_v2_bbox\val\left\12-43-09\images\left\left__GRIP_2026-08-27_12-43-09__e000455.jpg,left,top_background,left,1.0,9.118648197636858e-11,True
D:\GRIP_Dataset\New_model\Chirality_Crops\aug27_final_v2_bbox\val\left\12-43-09\images\left\left__GRIP_2026-08-27_12-43-09__e000455.jpg,left,bottom_background,left,1.0,9.118648197636858e-11,True
D:\GRIP_Dataset\New_model\Chirality_Crops\aug27_final_v2_bbox\val\left\12-43-09\images\left\left__GRIP_2026-08-27_12-43-09__e000456.jpg,left,original,left,0.9999998807907104,1.3919887464908243e-07,True
D:\GRIP_Dataset\New_model\Chirality_Crops\aug27_final_v2_bbox\val\left\12-43-09\images\left\left__GRIP_2026-08-27_12-43-09__e000456.jpg,left,finger_side,left,0.9689215421676636,0.031078431755304337,True
D:\GRIP_Dataset\New_model\Chirality_Crops\aug27_final_v2_bbox\val\left\12-43-09\images\left\left__GRIP_2026-08-27_12-43-09__e000456.jpg,left,cuff_side,left,1.0,9.362573827331744e-09,True
D:\GRIP_Dataset\New_model\Chirality_Crops\aug27_final_v2_bbox\val\left\12-43-09\images\left\left__GRIP_2026-08-27_12-43-09__e000456.jpg,left,centre,left,0.9982391595840454,0.0017608226044103503,True
D:\GRIP_Dataset\New_model\Chirality_Crops\aug27_final_v2_bbox\val\left\12-43-09\images\left\left__GRIP_2026-08-27_12-43-09__e000456.jpg,left,top_background,left,1.0,4.8428201893102596e-08,True
D:\GRIP_Dataset\New_model\Chirality_Crops\aug27_final_v2_bbox\val\left\12-43-09\images\left\left__GRIP_2026-08-27_12-43-09__e000456.jpg,left,bottom_background,left,1.0,2.1505179859104828e-08,True
D:\GRIP_Dataset\New_model\Chirality_Crops\aug27_final_v2_bbox\val\left\12-43-09\images\left\left__GRIP_2026-08-27_12-43-09__e000457.jpg,left,original,left,1.0,1.9477226160581097e-14,True
D:\GRIP_Dataset\New_model\Chirality_Crops\aug27_final_v2_bbox\val\left\12-43-09\images\left\left__GRIP_2026-08-27_12-43-09__e000457.jpg,left,finger_side,left,1.0,4.7927209076426e-12,True
D:\GRIP_Dataset\New_model\Chirality_Crops\aug27_final_v2_bbox\val\left\12-43-09\images\left\left__GRIP_2026-08-27_12-43-09__e000457.jpg,left,cuff_side,left,1.0,1.8500120546605103e-08,True
D:\GRIP_Dataset\New_model\Chirality_Crops\aug27_final_v2_bbox\val\left\12-43-09\images\left\left__GRIP_2026-08-27_12-43-09__e000457.jpg,left,centre,left,0.9999998807907104,1.727085816582985e-07,True
D:\GRIP_Dataset\New_model\Chirality_Crops\aug27_final_v2_bbox\val\left\12-43-09\images\left\left__GRIP_2026-08-27_12-43-09__e000457.jpg,left,top_background,left,1.0,1.9477226160581097e-14,True
D:\GRIP_Dataset\New_model\Chirality_Crops\aug27_final_v2_bbox\val\left\12-43-09\images\left\left__GRIP_2026-08-27_12-43-09__e000457.jpg,left,bottom_background,left,1.0,1.9477226160581097e-14,True
D:\GRIP_Dataset\New_model\Chirality_Crops\aug27_final_v2_bbox\val\left\12-43-09\images\left\left__GRIP_2026-08-27_12-43-09__e000458.jpg,left,original,left,1.0,5.6897171418768266e-08,True
D:\GRIP_Dataset\New_model\Chirality_Crops\aug27_final_v2_bbox\val\left\12-43-09\images\left\left__GRIP_2026-08-27_12-43-09__e000458.jpg,left,finger_side,left,0.9740076661109924,0.025992337614297867,True
D:\GRIP_Dataset\New_model\Chirality_Crops\aug27_final_v2_bbox\val\left\12-43-09\images\left\left__GRIP_2026-08-27_12-43-09__e000458.jpg,left,cuff_side,left,0.9999998807907104,6.74538682687853e-08,True
D:\GRIP_Dataset\New_model\Chirality_Crops\aug27_final_v2_bbox\val\left\12-43-09\images\left\left__GRIP_2026-08-27_12-43-09__e000458.jpg,left,centre,left,0.9979733824729919,0.002026572823524475,True
D:\GRIP_Dataset\New_model\Chirality_Crops\aug27_final_v2_bbox\val\left\12-43-09\images\left\left__GRIP_2026-08-27_12-43-09__e000458.jpg,left,top_background,left,0.9999998807907104,6.595555390731533e-08,True
D:\GRIP_Dataset\New_model\Chirality_Crops\aug27_final_v2_bbox\val\left\12-43-09\images\left\left__GRIP_2026-08-27_12-43-09__e000458.jpg,left,bottom_background,left,0.9999998807907104,6.016981757284157e-08,True
D:\GRIP_Dataset\New_model\Chirality_Crops\aug27_final_v2_bbox\val\left\12-43-09\images\left\left__GRIP_2026-08-27_12-43-09__e000459.jpg,left,original,left,1.0,1.4900052025534904e-10,True
D:\GRIP_Dataset\New_model\Chirality_Crops\aug27_final_v2_bbox\val\left\12-43-09\images\left\left__GRIP_2026-08-27_12-43-09__e000459.jpg,left,finger_side,left,0.9999996423721313,3.6994865126871446e-07,True
D:\GRIP_Dataset\New_model\Chirality_Crops\aug27_final_v2_bbox\val\left\12-43-09\images\left\left__GRIP_2026-08-27_12-43-09__e000459.jpg,left,cuff_side,left,1.0,1.5716848267288697e-08,True
D:\GRIP_Dataset\New_model\Chirality_Crops\aug27_final_v2_bbox\val\left\12-43-09\images\left\left__GRIP_2026-08-27_12-43-09__e000459.jpg,left,centre,left,0.9998323917388916,0.0001676353276707232,True
D:\GRIP_Dataset\New_model\Chirality_Crops\aug27_final_v2_bbox\val\left\12-43-09\images\left\left__GRIP_2026-08-27_12-43-09__e000459.jpg,left,top_background,left,1.0,9.083513802243814e-11,True
D:\GRIP_Dataset\New_model\Chirality_Crops\aug27_final_v2_bbox\val\left\12-43-09\images\left\left__GRIP_2026-08-27_12-43-09__e000459.jpg,left,bottom_background,left,1.0,1.5444710788070637e-10,True
D:\GRIP_Dataset\New_model\Chirality_Crops\aug27_final_v2_bbox\val\left\12-43-09\images\left\left__GRIP_2026-08-27_12-43-09__e000460.jpg,left,original,left,0.9998750686645508,0.00012487059575505555,True
D:\GRIP_Dataset\New_model\Chirality_Crops\aug27_final_v2_bbox\val\left\12-43-09\images\left\left__GRIP_2026-08-27_12-43-09__e000460.jpg,left,finger_side,left,0.9899980425834656,0.010001981630921364,True
D:\GRIP_Dataset\New_model\Chirality_Crops\aug27_final_v2_bbox\val\left\12-43-09\images\left\left__GRIP_2026-08-27_12-43-09__e000460.jpg,left,cuff_side,left,0.9991538524627686,0.0008461835095658898,True
D:\GRIP_Dataset\New_model\Chirality_Crops\aug27_final_v2_bbox\val\left\12-43-09\images\left\left__GRIP_2026-08-27_12-43-09__e000460.jpg,left,centre,right,0.29790112376213074,0.7020989060401917,False
D:\GRIP_Dataset\New_model\Chirality_Crops\aug27_final_v2_bbox\val\left\12-43-09\images\left\left__GRIP_2026-08-27_12-43-09__e000460.jpg,left,top_background,left,0.9998575448989868,0.00014241419557947665,True
D:\GRIP_Dataset\New_model\Chirality_Crops\aug27_final_v2_bbox\val\left\12-43-09\images\left\left__GRIP_2026-08-27_12-43-09__e000460.jpg,left,bottom_background,left,0.9999812841415405,1.877436625363771e-05,True
D:\GRIP_Dataset\New_model\Chirality_Crops\aug27_final_v2_bbox\val\left\12-43-09\images\left\left__GRIP_2026-08-27_12-43-09__e000462.jpg,left,original,left,0.9999998807907104,1.6675802783083782e-07,True
D:\GRIP_Dataset\New_model\Chirality_Crops\aug27_final_v2_bbox\val\left\12-43-09\images\left\left__GRIP_2026-08-27_12-43-09__e000462.jpg,left,finger_side,left,1.0,1.0048025522735315e-08,True
D:\GRIP_Dataset\New_model\Chirality_Crops\aug27_final_v2_bbox\val\left\12-43-09\images\left\left__GRIP_2026-08-27_12-43-09__e000462.jpg,left,cuff_side,left,0.9930962920188904,0.006903753615915775,True
D:\GRIP_Dataset\New_model\Chirality_Crops\aug27_final_v2_bbox\val\left\12-43-09\images\left\left__GRIP_2026-08-27_12-43-09__e000462.jpg,left,centre,left,0.9999997615814209,2.6034581424028147e-07,True
D:\GRIP_Dataset\New_model\Chirality_Crops\aug27_final_v2_bbox\val\left\12-43-09\images\left\left__GRIP_2026-08-27_12-43-09__e000462.jpg,left,top_background,left,0.9999998807907104,1.6675802783083782e-07,True
D:\GRIP_Dataset\New_model\Chirality_Crops\aug27_final_v2_bbox\val\left\12-43-09\images\left\left__GRIP_2026-08-27_12-43-09__e000462.jpg,left,bottom_background,left,0.9999998807907104,1.6675802783083782e-07,True
D:\GRIP_Dataset\New_model\Chirality_Crops\aug27_final_v2_bbox\val\left\12-43-09\images\left\left__GRIP_2026-08-27_12-43-09__e000463.jpg,left,original,left,1.0,8.280202634658451e-10,True
D:\GRIP_Dataset\New_model\Chirality_Crops\aug27_final_v2_bbox\val\left\12-43-09\images\left\left__GRIP_2026-08-27_12-43-09__e000463.jpg,left,finger_side,left,0.9999971389770508,2.8753847800544463e-06,True
D:\GRIP_Dataset\New_model\Chirality_Crops\aug27_final_v2_bbox\val\left\12-43-09\images\left\left__GRIP_2026-08-27_12-43-09__e000463.jpg,left,cuff_side,left,0.9999721050262451,2.7911164579563774e-05,True
D:\GRIP_Dataset\New_model\Chirality_Crops\aug27_final_v2_bbox\val\left\12-43-09\images\left\left__GRIP_2026-08-27_12-43-09__e000463.jpg,left,centre,left,0.9999778270721436,2.2230744434637018e-05,True
D:\GRIP_Dataset\New_model\Chirality_Crops\aug27_final_v2_bbox\val\left\12-43-09\images\left\left__GRIP_2026-08-27_12-43-09__e000463.jpg,left,top_background,left,1.0,8.280202634658451e-10,True
D:\GRIP_Dataset\New_model\Chirality_Crops\aug27_final_v2_bbox\val\left\12-43-09\images\left\left__GRIP_2026-08-27_12-43-09__e000463.jpg,left,bottom_background,left,1.0,8.280202634658451e-10,True
D:\GRIP_Dataset\New_model\Chirality_Crops\aug27_final_v2_bbox\val\left\12-43-09\images\left\left__GRIP_2026-08-27_12-43-09__e000464.jpg,left,original,left,1.0,1.0017071773568611e-14,True
D:\GRIP_Dataset\New_model\Chirality_Crops\aug27_final_v2_bbox\val\left\12-43-09\images\left\left__GRIP_2026-08-27_12-43-09__e000464.jpg,left,finger_side,left,1.0,1.1511412211905742e-13,True
D:\GRIP_Dataset\New_model\Chirality_Crops\aug27_final_v2_bbox\val\left\12-43-09\images\left\left__GRIP_2026-08-27_12-43-09__e000464.jpg,left,cuff_side,left,1.0,3.0586702060020343e-09,True
D:\GRIP_Dataset\New_model\Chirality_Crops\aug27_final_v2_bbox\val\left\12-43-09\images\left\left__GRIP_2026-08-27_12-43-09__e000464.jpg,left,centre,left,1.0,6.183274725568566e-11,True
D:\GRIP_Dataset\New_model\Chirality_Crops\aug27_final_v2_bbox\val\left\12-43-09\images\left\left__GRIP_2026-08-27_12-43-09__e000464.jpg,left,top_background,left,1.0,1.0017071773568611e-14,True
D:\GRIP_Dataset\New_model\Chirality_Crops\aug27_final_v2_bbox\val\left\12-43-09\images\left\left__GRIP_2026-08-27_12-43-09__e000464.jpg,left,bottom_background,left,1.0,1.0017071773568611e-14,True
D:\GRIP_Dataset\New_model\Chirality_Crops\aug27_final_v2_bbox\val\left\12-43-09\images\left\left__GRIP_2026-08-27_12-43-09__e000465.jpg,left,original,left,1.0,1.5965957126263391e-13,True
D:\GRIP_Dataset\New_model\Chirality_Crops\aug27_final_v2_bbox\val\left\12-43-09\images\left\left__GRIP_2026-08-27_12-43-09__e000465.jpg,left,finger_side,left,0.9999929666519165,7.057645689201308e-06,True
D:\GRIP_Dataset\New_model\Chirality_Crops\aug27_final_v2_bbox\val\left\12-43-09\images\left\left__GRIP_2026-08-27_12-43-09__e000465.jpg,left,cuff_side,left,1.0,2.2052403306216384e-11,True
D:\GRIP_Dataset\New_model\Chirality_Crops\aug27_final_v2_bbox\val\left\12-43-09\images\left\left__GRIP_2026-08-27_12-43-09__e000465.jpg,left,centre,left,0.9999998807907104,1.4181280505454197e-07,True
D:\GRIP_Dataset\New_model\Chirality_Crops\aug27_final_v2_bbox\val\left\12-43-09\images\left\left__GRIP_2026-08-27_12-43-09__e000465.jpg,left,top_background,left,1.0,1.5965957126263391e-13,True
D:\GRIP_Dataset\New_model\Chirality_Crops\aug27_final_v2_bbox\val\left\12-43-09\images\left\left__GRIP_2026-08-27_12-43-09__e000465.jpg,left,bottom_background,left,1.0,1.5965957126263391e-13,True
D:\GRIP_Dataset\New_model\Chirality_Crops\aug27_final_v2_bbox\val\left\12-43-09\images\left\left__GRIP_2026-08-27_12-43-09__e000466.jpg,left,original,left,0.9999998807907104,6.265699425966886e-08,True
D:\GRIP_Dataset\New_model\Chirality_Crops\aug27_final_v2_bbox\val\left\12-43-09\images\left\left__GRIP_2026-08-27_12-43-09__e000466.jpg,left,finger_side,left,0.9995645880699158,0.00043540389742702246,True
D:\GRIP_Dataset\New_model\Chirality_Crops\aug27_final_v2_bbox\val\left\12-43-09\images\left\left__GRIP_2026-08-27_12-43-09__e000466.jpg,left,cuff_side,left,0.9999707937240601,2.9255354093038477e-05,True
D:\GRIP_Dataset\New_model\Chirality_Crops\aug27_final_v2_bbox\val\left\12-43-09\images\left\left__GRIP_2026-08-27_12-43-09__e000466.jpg,left,centre,left,0.9994667172431946,0.0005332573200576007,True
D:\GRIP_Dataset\New_model\Chirality_Crops\aug27_final_v2_bbox\val\left\12-43-09\images\left\left__GRIP_2026-08-27_12-43-09__e000466.jpg,left,top_background,left,0.9999998807907104,1.5336574676894088e-07,True
D:\GRIP_Dataset\New_model\Chirality_Crops\aug27_final_v2_bbox\val\left\12-43-09\images\left\left__GRIP_2026-08-27_12-43-09__e000466.jpg,left,bottom_background,left,1.0,1.377986169615042e-08,True
D:\GRIP_Dataset\New_model\Chirality_Crops\aug27_final_v2_bbox\val\left\12-43-09\images\left\left__GRIP_2026-08-27_12-43-09__e000467.jpg,left,original,left,0.9999998807907104,1.7820572395521594e-07,True
D:\GRIP_Dataset\New_model\Chirality_Crops\aug27_final_v2_bbox\val\left\12-43-09\images\left\left__GRIP_2026-08-27_12-43-09__e000467.jpg,left,finger_side,left,1.0,5.645902589890284e-08,True
D:\GRIP_Dataset\New_model\Chirality_Crops\aug27_final_v2_bbox\val\left\12-43-09\images\left\left__GRIP_2026-08-27_12-43-09__e000467.jpg,left,cuff_side,left,0.9999839067459106,1.6137857528519817e-05,True
D:\GRIP_Dataset\New_model\Chirality_Crops\aug27_final_v2_bbox\val\left\12-43-09\images\left\left__GRIP_2026-08-27_12-43-09__e000467.jpg,left,centre,left,0.9999961853027344,3.7862348563066917e-06,True
D:\GRIP_Dataset\New_model\Chirality_Crops\aug27_final_v2_bbox\val\left\12-43-09\images\left\left__GRIP_2026-08-27_12-43-09__e000467.jpg,left,top_background,left,0.9999998807907104,1.7820572395521594e-07,True
D:\GRIP_Dataset\New_model\Chirality_Crops\aug27_final_v2_bbox\val\left\12-43-09\images\left\left__GRIP_2026-08-27_12-43-09__e000467.jpg,left,bottom_background,left,0.9999998807907104,1.7820572395521594e-07,True
D:\GRIP_Dataset\New_model\Chirality_Crops\aug27_final_v2_bbox\val\left\12-43-09\images\left\left__GRIP_2026-08-27_12-43-09__e000468.jpg,left,original,left,0.9999803304672241,1.968469405255746e-05,True
D:\GRIP_Dataset\New_model\Chirality_Crops\aug27_final_v2_bbox\val\left\12-43-09\images\left\left__GRIP_2026-08-27_12-43-09__e000468.jpg,left,finger_side,left,0.993145227432251,0.006854802370071411,True
D:\GRIP_Dataset\New_model\Chirality_Crops\aug27_final_v2_bbox\val\left\12-43-09\images\left\left__GRIP_2026-08-27_12-43-09__e000468.jpg,left,cuff_side,left,0.9996826648712158,0.00031739045516587794,True
D:\GRIP_Dataset\New_model\Chirality_Crops\aug27_final_v2_bbox\val\left\12-43-09\images\left\left__GRIP_2026-08-27_12-43-09__e000468.jpg,left,centre,left,0.9999992847442627,6.805439625168219e-07,True
D:\GRIP_Dataset\New_model\Chirality_Crops\aug27_final_v2_bbox\val\left\12-43-09\images\left\left__GRIP_2026-08-27_12-43-09__e000468.jpg,left,top_background,left,0.9999803304672241,1.968469405255746e-05,True
D:\GRIP_Dataset\New_model\Chirality_Crops\aug27_final_v2_bbox\val\left\12-43-09\images\left\left__GRIP_2026-08-27_12-43-09__e000468.jpg,left,bottom_background,left,0.9999803304672241,1.968469405255746e-05,True
D:\GRIP_Dataset\New_model\Chirality_Crops\aug27_final_v2_bbox\val\left\12-43-09\images\left\left__GRIP_2026-08-27_12-43-09__e000469.jpg,left,original,left,1.0,4.752264137763973e-10,True
D:\GRIP_Dataset\New_model\Chirality_Crops\aug27_final_v2_bbox\val\left\12-43-09\images\left\left__GRIP_2026-08-27_12-43-09__e000469.jpg,left,finger_side,left,0.9979677796363831,0.0020321772899478674,True
D:\GRIP_Dataset\New_model\Chirality_Crops\aug27_final_v2_bbox\val\left\12-43-09\images\left\left__GRIP_2026-08-27_12-43-09__e000469.jpg,left,cuff_side,left,1.0,1.673656235823273e-08,True
D:\GRIP_Dataset\New_model\Chirality_Crops\aug27_final_v2_bbox\val\left\12-43-09\images\left\left__GRIP_2026-08-27_12-43-09__e000469.jpg,left,centre,left,0.9997795224189758,0.00022052940039429814,True
D:\GRIP_Dataset\New_model\Chirality_Crops\aug27_final_v2_bbox\val\left\12-43-09\images\left\left__GRIP_2026-08-27_12-43-09__e000469.jpg,left,top_background,left,1.0,4.859257440870124e-10,True
D:\GRIP_Dataset\New_model\Chirality_Crops\aug27_final_v2_bbox\val\left\12-43-09\images\left\left__GRIP_2026-08-27_12-43-09__e000469.jpg,left,bottom_background,left,1.0,4.934687103386182e-10,True
D:\GRIP_Dataset\New_model\Chirality_Crops\aug27_final_v2_bbox\val\left\12-43-09\images\left\left__GRIP_2026-08-27_12-43-09__e000471.jpg,left,original,left,1.0,1.935307247791229e-09,True
D:\GRIP_Dataset\New_model\Chirality_Crops\aug27_final_v2_bbox\val\left\12-43-09\images\left\left__GRIP_2026-08-27_12-43-09__e000471.jpg,left,finger_side,left,0.9988634586334229,0.0011365868849679828,True
D:\GRIP_Dataset\New_model\Chirality_Crops\aug27_final_v2_bbox\val\left\12-43-09\images\left\left__GRIP_2026-08-27_12-43-09__e000471.jpg,left,cuff_side,left,0.9999978542327881,2.1972807644488057e-06,True
D:\GRIP_Dataset\New_model\Chirality_Crops\aug27_final_v2_bbox\val\left\12-43-09\images\left\left__GRIP_2026-08-27_12-43-09__e000471.jpg,left,centre,left,0.9999686479568481,3.1394276447826996e-05,True
D:\GRIP_Dataset\New_model\Chirality_Crops\aug27_final_v2_bbox\val\left\12-43-09\images\left\left__GRIP_2026-08-27_12-43-09__e000471.jpg,left,top_background,left,1.0,1.935307247791229e-09,True
D:\GRIP_Dataset\New_model\Chirality_Crops\aug27_final_v2_bbox\val\left\12-43-09\images\left\left__GRIP_2026-08-27_12-43-09__e000471.jpg,left,bottom_background,left,1.0,1.935307247791229e-09,True
D:\GRIP_Dataset\New_model\Chirality_Crops\aug27_final_v2_bbox\val\left\12-43-09\images\left\left__GRIP_2026-08-27_12-43-09__e000472.jpg,left,original,left,1.0,7.368410742669695e-11,True
D:\GRIP_Dataset\New_model\Chirality_Crops\aug27_final_v2_bbox\val\left\12-43-09\images\left\left__GRIP_2026-08-27_12-43-09__e000472.jpg,left,finger_side,left,1.0,1.445230914109974e-11,True
D:\GRIP_Dataset\New_model\Chirality_Crops\aug27_final_v2_bbox\val\left\12-43-09\images\left\left__GRIP_2026-08-27_12-43-09__e000472.jpg,left,cuff_side,left,0.999997615814209,2.3568384222016903e-06,True
D:\GRIP_Dataset\New_model\Chirality_Crops\aug27_final_v2_bbox\val\left\12-43-09\images\left\left__GRIP_2026-08-27_12-43-09__e000472.jpg,left,centre,left,0.9999998807907104,8.598568967954634e-08,True
D:\GRIP_Dataset\New_model\Chirality_Crops\aug27_final_v2_bbox\val\left\12-43-09\images\left\left__GRIP_2026-08-27_12-43-09__e000472.jpg,left,top_background,left,1.0,1.712030933687103e-10,True
D:\GRIP_Dataset\New_model\Chirality_Crops\aug27_final_v2_bbox\val\left\12-43-09\images\left\left__GRIP_2026-08-27_12-43-09__e000472.jpg,left,bottom_background,left,1.0,8.412149449243955e-11,True
D:\GRIP_Dataset\New_model\Chirality_Crops\aug27_final_v2_bbox\val\left\12-43-09\images\left\left__GRIP_2026-08-27_12-43-09__e000474.jpg,left,original,left,0.9999790191650391,2.096649222949054e-05,True
D:\GRIP_Dataset\New_model\Chirality_Crops\aug27_final_v2_bbox\val\left\12-43-09\images\left\left__GRIP_2026-08-27_12-43-09__e000474.jpg,left,finger_side,left,0.9987033605575562,0.001296613714657724,True
D:\GRIP_Dataset\New_model\Chirality_Crops\aug27_final_v2_bbox\val\left\12-43-09\images\left\left__GRIP_2026-08-27_12-43-09__e000474.jpg,left,cuff_side,left,0.9999626874923706,3.7279165553627536e-05,True
D:\GRIP_Dataset\New_model\Chirality_Crops\aug27_final_v2_bbox\val\left\12-43-09\images\left\left__GRIP_2026-08-27_12-43-09__e000474.jpg,left,centre,left,0.9987980127334595,0.0012019634013995528,True
D:\GRIP_Dataset\New_model\Chirality_Crops\aug27_final_v2_bbox\val\left\12-43-09\images\left\left__GRIP_2026-08-27_12-43-09__e000474.jpg,left,top_background,left,0.9999790191650391,2.096649222949054e-05,True
D:\GRIP_Dataset\New_model\Chirality_Crops\aug27_final_v2_bbox\val\left\12-43-09\images\left\left__GRIP_2026-08-27_12-43-09__e000474.jpg,left,bottom_background,left,0.9999790191650391,2.096649222949054e-05,True
D:\GRIP_Dataset\New_model\Chirality_Crops\aug27_final_v2_bbox\val\left\12-43-09\images\left\left__GRIP_2026-08-27_12-43-09__e000475.jpg,left,original,left,0.9999920129776001,8.01359874458285e-06,True
D:\GRIP_Dataset\New_model\Chirality_Crops\aug27_final_v2_bbox\val\left\12-43-09\images\left\left__GRIP_2026-08-27_12-43-09__e000475.jpg,left,finger_side,left,0.6363768577575684,0.36362317204475403,True
D:\GRIP_Dataset\New_model\Chirality_Crops\aug27_final_v2_bbox\val\left\12-43-09\images\left\left__GRIP_2026-08-27_12-43-09__e000475.jpg,left,cuff_side,left,0.99915611743927,0.0008438423392362893,True
D:\GRIP_Dataset\New_model\Chirality_Crops\aug27_final_v2_bbox\val\left\12-43-09\images\left\left__GRIP_2026-08-27_12-43-09__e000475.jpg,left,centre,left,0.9972212314605713,0.002778722671791911,True
D:\GRIP_Dataset\New_model\Chirality_Crops\aug27_final_v2_bbox\val\left\12-43-09\images\left\left__GRIP_2026-08-27_12-43-09__e000475.jpg,left,top_background,left,0.9999924898147583,7.5658040259440895e-06,True
D:\GRIP_Dataset\New_model\Chirality_Crops\aug27_final_v2_bbox\val\left\12-43-09\images\left\left__GRIP_2026-08-27_12-43-09__e000475.jpg,left,bottom_background,left,0.999991774559021,8.235217137553263e-06,True
D:\GRIP_Dataset\New_model\Chirality_Crops\aug27_final_v2_bbox\val\left\12-43-09\images\left\left__GRIP_2026-08-27_12-43-09__e000476.jpg,left,original,left,0.7288784384727478,0.2711215913295746,True
D:\GRIP_Dataset\New_model\Chirality_Crops\aug27_final_v2_bbox\val\left\12-43-09\images\left\left__GRIP_2026-08-27_12-43-09__e000476.jpg,left,finger_side,right,0.018402425572276115,0.9815975427627563,False
D:\GRIP_Dataset\New_model\Chirality_Crops\aug27_final_v2_bbox\val\left\12-43-09\images\left\left__GRIP_2026-08-27_12-43-09__e000476.jpg,left,cuff_side,left,0.6613397002220154,0.3386602997779846,True
D:\GRIP_Dataset\New_model\Chirality_Crops\aug27_final_v2_bbox\val\left\12-43-09\images\left\left__GRIP_2026-08-27_12-43-09__e000476.jpg,left,centre,left,0.9150592684745789,0.08494076877832413,True
D:\GRIP_Dataset\New_model\Chirality_Crops\aug27_final_v2_bbox\val\left\12-43-09\images\left\left__GRIP_2026-08-27_12-43-09__e000476.jpg,left,top_background,left,0.7365548014640808,0.2634452283382416,True
D:\GRIP_Dataset\New_model\Chirality_Crops\aug27_final_v2_bbox\val\left\12-43-09\images\left\left__GRIP_2026-08-27_12-43-09__e000476.jpg,left,bottom_background,left,0.7021450400352478,0.2978549301624298,True
D:\GRIP_Dataset\New_model\Chirality_Crops\aug27_final_v2_bbox\val\left\12-43-09\images\left\left__GRIP_2026-08-27_12-43-09__e000483.jpg,left,original,left,0.9999796152114868,2.0358445908641443e-05,True
D:\GRIP_Dataset\New_model\Chirality_Crops\aug27_final_v2_bbox\val\left\12-43-09\images\left\left__GRIP_2026-08-27_12-43-09__e000483.jpg,left,finger_side,left,0.9999995231628418,4.905418791167904e-07,True
D:\GRIP_Dataset\New_model\Chirality_Crops\aug27_final_v2_bbox\val\left\12-43-09\images\left\left__GRIP_2026-08-27_12-43-09__e000483.jpg,left,cuff_side,left,0.9585332870483398,0.041466668248176575,True
D:\GRIP_Dataset\New_model\Chirality_Crops\aug27_final_v2_bbox\val\left\12-43-09\images\left\left__GRIP_2026-08-27_12-43-09__e000483.jpg,left,centre,left,0.9999955892562866,4.407333562994609e-06,True
D:\GRIP_Dataset\New_model\Chirality_Crops\aug27_final_v2_bbox\val\left\12-43-09\images\left\left__GRIP_2026-08-27_12-43-09__e000483.jpg,left,top_background,left,0.9999796152114868,2.0358445908641443e-05,True
D:\GRIP_Dataset\New_model\Chirality_Crops\aug27_final_v2_bbox\val\left\12-43-09\images\left\left__GRIP_2026-08-27_12-43-09__e000483.jpg,left,bottom_background,left,0.9999796152114868,2.0358445908641443e-05,True
D:\GRIP_Dataset\New_model\Chirality_Crops\aug27_final_v2_bbox\val\left\12-43-09\images\left\left__GRIP_2026-08-27_12-43-09__e000490.jpg,left,original,left,1.0,4.892649485555012e-08,True
D:\GRIP_Dataset\New_model\Chirality_Crops\aug27_final_v2_bbox\val\left\12-43-09\images\left\left__GRIP_2026-08-27_12-43-09__e000490.jpg,left,finger_side,left,0.9999979734420776,2.049056092801038e-06,True
D:\GRIP_Dataset\New_model\Chirality_Crops\aug27_final_v2_bbox\val\left\12-43-09\images\left\left__GRIP_2026-08-27_12-43-09__e000490.jpg,left,cuff_side,left,0.9999939203262329,6.132999260444194e-06,True
D:\GRIP_Dataset\New_model\Chirality_Crops\aug27_final_v2_bbox\val\left\12-43-09\images\left\left__GRIP_2026-08-27_12-43-09__e000490.jpg,left,centre,left,0.9929261207580566,0.007073905784636736,True
D:\GRIP_Dataset\New_model\Chirality_Crops\aug27_final_v2_bbox\val\left\12-43-09\images\left\left__GRIP_2026-08-27_12-43-09__e000490.jpg,left,top_background,left,1.0,3.158908157274709e-08,True
D:\GRIP_Dataset\New_model\Chirality_Crops\aug27_final_v2_bbox\val\left\12-43-09\images\left\left__GRIP_2026-08-27_12-43-09__e000490.jpg,left,bottom_background,left,1.0,1.4065830278298108e-08,True
D:\GRIP_Dataset\New_model\Chirality_Crops\aug27_final_v2_bbox\val\left\12-43-09\images\left\left__GRIP_2026-08-27_12-43-09__e000492.jpg,left,original,left,0.9998794794082642,0.00012054499529767781,True
D:\GRIP_Dataset\New_model\Chirality_Crops\aug27_final_v2_bbox\val\left\12-43-09\images\left\left__GRIP_2026-08-27_12-43-09__e000492.jpg,left,finger_side,left,0.9997270703315735,0.00027289928402751684,True
D:\GRIP_Dataset\New_model\Chirality_Crops\aug27_final_v2_bbox\val\left\12-43-09\images\left\left__GRIP_2026-08-27_12-43-09__e000492.jpg,left,cuff_side,left,0.9997161030769348,0.0002838284126482904,True
D:\GRIP_Dataset\New_model\Chirality_Crops\aug27_final_v2_bbox\val\left\12-43-09\images\left\left__GRIP_2026-08-27_12-43-09__e000492.jpg,left,centre,left,0.9986600875854492,0.0013399036834016442,True
D:\GRIP_Dataset\New_model\Chirality_Crops\aug27_final_v2_bbox\val\left\12-43-09\images\left\left__GRIP_2026-08-27_12-43-09__e000492.jpg,left,top_background,left,0.999894380569458,0.00010557212226558477,True
D:\GRIP_Dataset\New_model\Chirality_Crops\aug27_final_v2_bbox\val\left\12-43-09\images\left\left__GRIP_2026-08-27_12-43-09__e000492.jpg,left,bottom_background,left,0.9998737573623657,0.0001262064033653587,True
D:\GRIP_Dataset\New_model\Chirality_Crops\aug27_final_v2_bbox\val\left\12-43-09\images\left\left__GRIP_2026-08-27_12-43-09__e000494.jpg,left,original,left,0.9998425245285034,0.0001575008500367403,True
D:\GRIP_Dataset\New_model\Chirality_Crops\aug27_final_v2_bbox\val\left\12-43-09\images\left\left__GRIP_2026-08-27_12-43-09__e000494.jpg,left,finger_side,left,0.9995827078819275,0.00041731036617420614,True
D:\GRIP_Dataset\New_model\Chirality_Crops\aug27_final_v2_bbox\val\left\12-43-09\images\left\left__GRIP_2026-08-27_12-43-09__e000494.jpg,left,cuff_side,left,0.9998579025268555,0.00014211454254109412,True
D:\GRIP_Dataset\New_model\Chirality_Crops\aug27_final_v2_bbox\val\left\12-43-09\images\left\left__GRIP_2026-08-27_12-43-09__e000494.jpg,left,centre,left,0.9999382495880127,6.173025030875579e-05,True
D:\GRIP_Dataset\New_model\Chirality_Crops\aug27_final_v2_bbox\val\left\12-43-09\images\left\left__GRIP_2026-08-27_12-43-09__e000494.jpg,left,top_background,left,0.9998733997344971,0.00012653475278057158,True
D:\GRIP_Dataset\New_model\Chirality_Crops\aug27_final_v2_bbox\val\left\12-43-09\images\left\left__GRIP_2026-08-27_12-43-09__e000494.jpg,left,bottom_background,left,0.9999080896377563,9.193882578983903e-05,True
D:\GRIP_Dataset\New_model\Chirality_Crops\aug27_final_v2_bbox\val\left\12-43-09\images\left\left__GRIP_2026-08-27_12-43-09__e000495.jpg,left,original,left,1.0,1.0626333255166209e-13,True
D:\GRIP_Dataset\New_model\Chirality_Crops\aug27_final_v2_bbox\val\left\12-43-09\images\left\left__GRIP_2026-08-27_12-43-09__e000495.jpg,left,finger_side,left,0.995823860168457,0.004176153335720301,True
D:\GRIP_Dataset\New_model\Chirality_Crops\aug27_final_v2_bbox\val\left\12-43-09\images\left\left__GRIP_2026-08-27_12-43-09__e000495.jpg,left,cuff_side,left,1.0,3.6566658988962386e-13,True
D:\GRIP_Dataset\New_model\Chirality_Crops\aug27_final_v2_bbox\val\left\12-43-09\images\left\left__GRIP_2026-08-27_12-43-09__e000495.jpg,left,centre,left,0.9999904632568359,9.588839930074755e-06,True
D:\GRIP_Dataset\New_model\Chirality_Crops\aug27_final_v2_bbox\val\left\12-43-09\images\left\left__GRIP_2026-08-27_12-43-09__e000495.jpg,left,top_background,left,1.0,3.3857226917899386e-13,True
D:\GRIP_Dataset\New_model\Chirality_Crops\aug27_final_v2_bbox\val\left\12-43-09\images\left\left__GRIP_2026-08-27_12-43-09__e000495.jpg,left,bottom_background,left,1.0,1.5589324265079946e-13,True
D:\GRIP_Dataset\New_model\Chirality_Crops\aug27_final_v2_bbox\val\left\12-58-14\images\left\left__GRIP_2026-08-27_12-58-14__e000001.jpg,left,original,left,0.9999995231628418,4.520509833128017e-07,True
D:\GRIP_Dataset\New_model\Chirality_Crops\aug27_final_v2_bbox\val\left\12-58-14\images\left\left__GRIP_2026-08-27_12-58-14__e000001.jpg,left,finger_side,left,0.9964179992675781,0.0035819937475025654,True
D:\GRIP_Dataset\New_model\Chirality_Crops\aug27_final_v2_bbox\val\left\12-58-14\images\left\left__GRIP_2026-08-27_12-58-14__e000001.jpg,left,cuff_side,left,0.9999942779541016,5.725938081013737e-06,True
D:\GRIP_Dataset\New_model\Chirality_Crops\aug27_final_v2_bbox\val\left\12-58-14\images\left\left__GRIP_2026-08-27_12-58-14__e000001.jpg,left,centre,left,0.999235987663269,0.0007639839313924313,True
D:\GRIP_Dataset\New_model\Chirality_Crops\aug27_final_v2_bbox\val\left\12-58-14\images\left\left__GRIP_2026-08-27_12-58-14__e000001.jpg,left,top_background,left,0.9999985694885254,1.3914234386902535e-06,True
D:\GRIP_Dataset\New_model\Chirality_Crops\aug27_final_v2_bbox\val\left\12-58-14\images\left\left__GRIP_2026-08-27_12-58-14__e000001.jpg,left,bottom_background,left,0.9999998807907104,7.740707985703921e-08,True
D:\GRIP_Dataset\New_model\Chirality_Crops\aug27_final_v2_bbox\val\left\12-58-14\images\left\left__GRIP_2026-08-27_12-58-14__e000003.jpg,left,original,left,1.0,8.31151933302493e-13,True
D:\GRIP_Dataset\New_model\Chirality_Crops\aug27_final_v2_bbox\val\left\12-58-14\images\left\left__GRIP_2026-08-27_12-58-14__e000003.jpg,left,finger_side,left,1.0,1.6555020465602865e-08,True
D:\GRIP_Dataset\New_model\Chirality_Crops\aug27_final_v2_bbox\val\left\12-58-14\images\left\left__GRIP_2026-08-27_12-58-14__e000003.jpg,left,cuff_side,left,1.0,1.9807258055948296e-09,True
D:\GRIP_Dataset\New_model\Chirality_Crops\aug27_final_v2_bbox\val\left\12-58-14\images\left\left__GRIP_2026-08-27_12-58-14__e000003.jpg,left,centre,left,1.0,1.3380708985266665e-08,True
D:\GRIP_Dataset\New_model\Chirality_Crops\aug27_final_v2_bbox\val\left\12-58-14\images\left\left__GRIP_2026-08-27_12-58-14__e000003.jpg,left,top_background,left,1.0,8.31151933302493e-13,True
D:\GRIP_Dataset\New_model\Chirality_Crops\aug27_final_v2_bbox\val\left\12-58-14\images\left\left__GRIP_2026-08-27_12-58-14__e000003.jpg,left,bottom_background,left,1.0,8.31151933302493e-13,True
D:\GRIP_Dataset\New_model\Chirality_Crops\aug27_final_v2_bbox\val\left\12-58-14\images\left\left__GRIP_2026-08-27_12-58-14__e000005.jpg,left,original,left,1.0,1.2250167547023239e-09,True
D:\GRIP_Dataset\New_model\Chirality_Crops\aug27_final_v2_bbox\val\left\12-58-14\images\left\left__GRIP_2026-08-27_12-58-14__e000005.jpg,left,finger_side,left,0.9998338222503662,0.00016619369853287935,True
D:\GRIP_Dataset\New_model\Chirality_Crops\aug27_final_v2_bbox\val\left\12-58-14\images\left\left__GRIP_2026-08-27_12-58-14__e000005.jpg,left,cuff_side,left,1.0,6.528738105693321e-10,True
D:\GRIP_Dataset\New_model\Chirality_Crops\aug27_final_v2_bbox\val\left\12-58-14\images\left\left__GRIP_2026-08-27_12-58-14__e000005.jpg,left,centre,left,0.9996213912963867,0.00037861373857595026,True
D:\GRIP_Dataset\New_model\Chirality_Crops\aug27_final_v2_bbox\val\left\12-58-14\images\left\left__GRIP_2026-08-27_12-58-14__e000005.jpg,left,top_background,left,1.0,3.503959344897112e-10,True
D:\GRIP_Dataset\New_model\Chirality_Crops\aug27_final_v2_bbox\val\left\12-58-14\images\left\left__GRIP_2026-08-27_12-58-14__e000005.jpg,left,bottom_background,left,1.0,6.70865973884105e-10,True
D:\GRIP_Dataset\New_model\Chirality_Crops\aug27_final_v2_bbox\val\left\12-58-14\images\left\left__GRIP_2026-08-27_12-58-14__e000007.jpg,left,original,left,1.0,6.267620970834553e-13,True
D:\GRIP_Dataset\New_model\Chirality_Crops\aug27_final_v2_bbox\val\left\12-58-14\images\left\left__GRIP_2026-08-27_12-58-14__e000007.jpg,left,finger_side,left,1.0,2.10687453594538e-10,True
D:\GRIP_Dataset\New_model\Chirality_Crops\aug27_final_v2_bbox\val\left\12-58-14\images\left\left__GRIP_2026-08-27_12-58-14__e000007.jpg,left,cuff_side,left,1.0,1.0360845514867378e-10,True
D:\GRIP_Dataset\New_model\Chirality_Crops\aug27_final_v2_bbox\val\left\12-58-14\images\left\left__GRIP_2026-08-27_12-58-14__e000007.jpg,left,centre,left,1.0,2.279641542202171e-08,True
D:\GRIP_Dataset\New_model\Chirality_Crops\aug27_final_v2_bbox\val\left\12-58-14\images\left\left__GRIP_2026-08-27_12-58-14__e000007.jpg,left,top_background,left,1.0,7.669266697402088e-13,True
D:\GRIP_Dataset\New_model\Chirality_Crops\aug27_final_v2_bbox\val\left\12-58-14\images\left\left__GRIP_2026-08-27_12-58-14__e000007.jpg,left,bottom_background,left,1.0,6.174500472543032e-13,True
D:\GRIP_Dataset\New_model\Chirality_Crops\aug27_final_v2_bbox\val\left\12-58-14\images\left\left__GRIP_2026-08-27_12-58-14__e000010.jpg,left,original,left,1.0,2.1164492380876254e-09,True
D:\GRIP_Dataset\New_model\Chirality_Crops\aug27_final_v2_bbox\val\left\12-58-14\images\left\left__GRIP_2026-08-27_12-58-14__e000010.jpg,left,finger_side,left,0.9999911785125732,8.830626939015929e-06,True
D:\GRIP_Dataset\New_model\Chirality_Crops\aug27_final_v2_bbox\val\left\12-58-14\images\left\left__GRIP_2026-08-27_12-58-14__e000010.jpg,left,cuff_side,left,0.9999998807907104,9.531590450251315e-08,True
D:\GRIP_Dataset\New_model\Chirality_Crops\aug27_final_v2_bbox\val\left\12-58-14\images\left\left__GRIP_2026-08-27_12-58-14__e000010.jpg,left,centre,left,0.9999750852584839,2.4892911824281327e-05,True
D:\GRIP_Dataset\New_model\Chirality_Crops\aug27_final_v2_bbox\val\left\12-58-14\images\left\left__GRIP_2026-08-27_12-58-14__e000010.jpg,left,top_background,left,1.0,2.1164492380876254e-09,True
D:\GRIP_Dataset\New_model\Chirality_Crops\aug27_final_v2_bbox\val\left\12-58-14\images\left\left__GRIP_2026-08-27_12-58-14__e000010.jpg,left,bottom_background,left,1.0,2.1164492380876254e-09,True
D:\GRIP_Dataset\New_model\Chirality_Crops\aug27_final_v2_bbox\val\left\12-58-14\images\left\left__GRIP_2026-08-27_12-58-14__e000011.jpg,left,original,left,1.0,3.317334601460331e-11,True
D:\GRIP_Dataset\New_model\Chirality_Crops\aug27_final_v2_bbox\val\left\12-58-14\images\left\left__GRIP_2026-08-27_12-58-14__e000011.jpg,left,finger_side,left,0.9998106360435486,0.00018936049309559166,True
D:\GRIP_Dataset\New_model\Chirality_Crops\aug27_final_v2_bbox\val\left\12-58-14\images\left\left__GRIP_2026-08-27_12-58-14__e000011.jpg,left,cuff_side,left,1.0,1.4538314552225984e-08,True
D:\GRIP_Dataset\New_model\Chirality_Crops\aug27_final_v2_bbox\val\left\12-58-14\images\left\left__GRIP_2026-08-27_12-58-14__e000011.jpg,left,centre,left,0.9999994039535522,6.534736485264148e-07,True
D:\GRIP_Dataset\New_model\Chirality_Crops\aug27_final_v2_bbox\val\left\12-58-14\images\left\left__GRIP_2026-08-27_12-58-14__e000011.jpg,left,top_background,left,1.0,3.720521807304422e-11,True
D:\GRIP_Dataset\New_model\Chirality_Crops\aug27_final_v2_bbox\val\left\12-58-14\images\left\left__GRIP_2026-08-27_12-58-14__e000011.jpg,left,bottom_background,left,1.0,2.152591126181047e-11,True
D:\GRIP_Dataset\New_model\Chirality_Crops\aug27_final_v2_bbox\val\left\12-58-14\images\left\left__GRIP_2026-08-27_12-58-14__e000013.jpg,left,original,left,1.0,3.560376216071859e-09,True
D:\GRIP_Dataset\New_model\Chirality_Crops\aug27_final_v2_bbox\val\left\12-58-14\images\left\left__GRIP_2026-08-27_12-58-14__e000013.jpg,left,finger_side,left,0.9999147653579712,8.523767610313371e-05,True
D:\GRIP_Dataset\New_model\Chirality_Crops\aug27_final_v2_bbox\val\left\12-58-14\images\left\left__GRIP_2026-08-27_12-58-14__e000013.jpg,left,cuff_side,left,0.9999984502792358,1.5317222050725832e-06,True
D:\GRIP_Dataset\New_model\Chirality_Crops\aug27_final_v2_bbox\val\left\12-58-14\images\left\left__GRIP_2026-08-27_12-58-14__e000013.jpg,left,centre,left,0.9999990463256836,9.884503242574283e-07,True
D:\GRIP_Dataset\New_model\Chirality_Crops\aug27_final_v2_bbox\val\left\12-58-14\images\left\left__GRIP_2026-08-27_12-58-14__e000013.jpg,left,top_background,left,1.0,3.560376216071859e-09,True
D:\GRIP_Dataset\New_model\Chirality_Crops\aug27_final_v2_bbox\val\left\12-58-14\images\left\left__GRIP_2026-08-27_12-58-14__e000013.jpg,left,bottom_background,left,1.0,3.560376216071859e-09,True
D:\GRIP_Dataset\New_model\Chirality_Crops\aug27_final_v2_bbox\val\left\12-58-14\images\left\left__GRIP_2026-08-27_12-58-14__e000015.jpg,left,original,left,1.0,1.3096436435322545e-10,True
D:\GRIP_Dataset\New_model\Chirality_Crops\aug27_final_v2_bbox\val\left\12-58-14\images\left\left__GRIP_2026-08-27_12-58-14__e000015.jpg,left,finger_side,left,1.0,5.8614446629690065e-08,True
D:\GRIP_Dataset\New_model\Chirality_Crops\aug27_final_v2_bbox\val\left\12-58-14\images\left\left__GRIP_2026-08-27_12-58-14__e000015.jpg,left,cuff_side,left,0.9999988079071045,1.1633923122644774e-06,True
D:\GRIP_Dataset\New_model\Chirality_Crops\aug27_final_v2_bbox\val\left\12-58-14\images\left\left__GRIP_2026-08-27_12-58-14__e000015.jpg,left,centre,left,0.9999948740005493,5.123687060404336e-06,True
D:\GRIP_Dataset\New_model\Chirality_Crops\aug27_final_v2_bbox\val\left\12-58-14\images\left\left__GRIP_2026-08-27_12-58-14__e000015.jpg,left,top_background,left,1.0,1.7849770272970744e-10,True
D:\GRIP_Dataset\New_model\Chirality_Crops\aug27_final_v2_bbox\val\left\12-58-14\images\left\left__GRIP_2026-08-27_12-58-14__e000015.jpg,left,bottom_background,left,1.0,8.436041448733889e-11,True
D:\GRIP_Dataset\New_model\Chirality_Crops\aug27_final_v2_bbox\val\left\12-58-14\images\left\left__GRIP_2026-08-27_12-58-14__e000018.jpg,left,original,left,1.0,1.0539112320441188e-17,True
D:\GRIP_Dataset\New_model\Chirality_Crops\aug27_final_v2_bbox\val\left\12-58-14\images\left\left__GRIP_2026-08-27_12-58-14__e000018.jpg,left,finger_side,left,1.0,3.276223736747852e-11,True
D:\GRIP_Dataset\New_model\Chirality_Crops\aug27_final_v2_bbox\val\left\12-58-14\images\left\left__GRIP_2026-08-27_12-58-14__e000018.jpg,left,cuff_side,left,1.0,1.0092725266641622e-11,True
D:\GRIP_Dataset\New_model\Chirality_Crops\aug27_final_v2_bbox\val\left\12-58-14\images\left\left__GRIP_2026-08-27_12-58-14__e000018.jpg,left,centre,left,1.0,2.516933994556325e-09,True
D:\GRIP_Dataset\New_model\Chirality_Crops\aug27_final_v2_bbox\val\left\12-58-14\images\left\left__GRIP_2026-08-27_12-58-14__e000018.jpg,left,top_background,left,1.0,1.0539112320441188e-17,True
D:\GRIP_Dataset\New_model\Chirality_Crops\aug27_final_v2_bbox\val\left\12-58-14\images\left\left__GRIP_2026-08-27_12-58-14__e000018.jpg,left,bottom_background,left,1.0,1.0539112320441188e-17,True
D:\GRIP_Dataset\New_model\Chirality_Crops\aug27_final_v2_bbox\val\left\12-58-14\images\left\left__GRIP_2026-08-27_12-58-14__e000020.jpg,left,original,left,0.9999992847442627,6.700385029034805e-07,True
D:\GRIP_Dataset\New_model\Chirality_Crops\aug27_final_v2_bbox\val\left\12-58-14\images\left\left__GRIP_2026-08-27_12-58-14__e000020.jpg,left,finger_side,left,0.9929094314575195,0.0070905908942222595,True
D:\GRIP_Dataset\New_model\Chirality_Crops\aug27_final_v2_bbox\val\left\12-58-14\images\left\left__GRIP_2026-08-27_12-58-14__e000020.jpg,left,cuff_side,left,0.9999420642852783,5.793647505925037e-05,True
D:\GRIP_Dataset\New_model\Chirality_Crops\aug27_final_v2_bbox\val\left\12-58-14\images\left\left__GRIP_2026-08-27_12-58-14__e000020.jpg,left,centre,left,0.9999891519546509,1.0822295735124499e-05,True
D:\GRIP_Dataset\New_model\Chirality_Crops\aug27_final_v2_bbox\val\left\12-58-14\images\left\left__GRIP_2026-08-27_12-58-14__e000020.jpg,left,top_background,left,0.9999992847442627,6.700385029034805e-07,True
D:\GRIP_Dataset\New_model\Chirality_Crops\aug27_final_v2_bbox\val\left\12-58-14\images\left\left__GRIP_2026-08-27_12-58-14__e000020.jpg,left,bottom_background,left,0.9999992847442627,6.700385029034805e-07,True
D:\GRIP_Dataset\New_model\Chirality_Crops\aug27_final_v2_bbox\val\left\12-58-14\images\left\left__GRIP_2026-08-27_12-58-14__e000022.jpg,left,original,left,1.0,6.718798434279805e-11,True
D:\GRIP_Dataset\New_model\Chirality_Crops\aug27_final_v2_bbox\val\left\12-58-14\images\left\left__GRIP_2026-08-27_12-58-14__e000022.jpg,left,finger_side,left,0.999750554561615,0.0002494659856893122,True
D:\GRIP_Dataset\New_model\Chirality_Crops\aug27_final_v2_bbox\val\left\12-58-14\images\left\left__GRIP_2026-08-27_12-58-14__e000022.jpg,left,cuff_side,left,1.0,2.3137780580384515e-09,True
D:\GRIP_Dataset\New_model\Chirality_Crops\aug27_final_v2_bbox\val\left\12-58-14\images\left\left__GRIP_2026-08-27_12-58-14__e000022.jpg,left,centre,left,0.9999998807907104,7.211171038079556e-08,True
D:\GRIP_Dataset\New_model\Chirality_Crops\aug27_final_v2_bbox\val\left\12-58-14\images\left\left__GRIP_2026-08-27_12-58-14__e000022.jpg,left,top_background,left,1.0,8.767345183180453e-11,True
D:\GRIP_Dataset\New_model\Chirality_Crops\aug27_final_v2_bbox\val\left\12-58-14\images\left\left__GRIP_2026-08-27_12-58-14__e000022.jpg,left,bottom_background,left,1.0,6.958569831461148e-11,True
D:\GRIP_Dataset\New_model\Chirality_Crops\aug27_final_v2_bbox\val\left\12-58-14\images\left\left__GRIP_2026-08-27_12-58-14__e000023.jpg,left,original,left,0.9999996423721313,3.1446668913304165e-07,True
D:\GRIP_Dataset\New_model\Chirality_Crops\aug27_final_v2_bbox\val\left\12-58-14\images\left\left__GRIP_2026-08-27_12-58-14__e000023.jpg,left,finger_side,left,0.9999809265136719,1.9034361685044132e-05,True
D:\GRIP_Dataset\New_model\Chirality_Crops\aug27_final_v2_bbox\val\left\12-58-14\images\left\left__GRIP_2026-08-27_12-58-14__e000023.jpg,left,cuff_side,left,0.9996393918991089,0.0003605425590649247,True
D:\GRIP_Dataset\New_model\Chirality_Crops\aug27_final_v2_bbox\val\left\12-58-14\images\left\left__GRIP_2026-08-27_12-58-14__e000023.jpg,left,centre,left,0.9874639511108398,0.012536021880805492,True
D:\GRIP_Dataset\New_model\Chirality_Crops\aug27_final_v2_bbox\val\left\12-58-14\images\left\left__GRIP_2026-08-27_12-58-14__e000023.jpg,left,top_background,left,0.9999996423721313,3.1446668913304165e-07,True
D:\GRIP_Dataset\New_model\Chirality_Crops\aug27_final_v2_bbox\val\left\12-58-14\images\left\left__GRIP_2026-08-27_12-58-14__e000023.jpg,left,bottom_background,left,0.9999996423721313,3.1446668913304165e-07,True
D:\GRIP_Dataset\New_model\Chirality_Crops\aug27_final_v2_bbox\val\left\12-58-14\images\left\left__GRIP_2026-08-27_12-58-14__e000024.jpg,left,original,left,1.0,6.691946996539855e-09,True
D:\GRIP_Dataset\New_model\Chirality_Crops\aug27_final_v2_bbox\val\left\12-58-14\images\left\left__GRIP_2026-08-27_12-58-14__e000024.jpg,left,finger_side,left,1.0,4.868228042909095e-10,True
D:\GRIP_Dataset\New_model\Chirality_Crops\aug27_final_v2_bbox\val\left\12-58-14\images\left\left__GRIP_2026-08-27_12-58-14__e000024.jpg,left,cuff_side,left,0.9997275471687317,0.00027243574731983244,True
D:\GRIP_Dataset\New_model\Chirality_Crops\aug27_final_v2_bbox\val\left\12-58-14\images\left\left__GRIP_2026-08-27_12-58-14__e000024.jpg,left,centre,left,1.0,1.7884120573352646e-10,True
D:\GRIP_Dataset\New_model\Chirality_Crops\aug27_final_v2_bbox\val\left\12-58-14\images\left\left__GRIP_2026-08-27_12-58-14__e000024.jpg,left,top_background,left,1.0,6.691946996539855e-09,True
D:\GRIP_Dataset\New_model\Chirality_Crops\aug27_final_v2_bbox\val\left\12-58-14\images\left\left__GRIP_2026-08-27_12-58-14__e000024.jpg,left,bottom_background,left,1.0,6.691946996539855e-09,True
D:\GRIP_Dataset\New_model\Chirality_Crops\aug27_final_v2_bbox\val\left\12-58-14\images\left\left__GRIP_2026-08-27_12-58-14__e000025.jpg,left,original,left,1.0,6.745718350228969e-13,True
D:\GRIP_Dataset\New_model\Chirality_Crops\aug27_final_v2_bbox\val\left\12-58-14\images\left\left__GRIP_2026-08-27_12-58-14__e000025.jpg,left,finger_side,left,1.0,1.4581193141793847e-08,True
D:\GRIP_Dataset\New_model\Chirality_Crops\aug27_final_v2_bbox\val\left\12-58-14\images\left\left__GRIP_2026-08-27_12-58-14__e000025.jpg,left,cuff_side,left,1.0,8.685128727314861e-10,True
D:\GRIP_Dataset\New_model\Chirality_Crops\aug27_final_v2_bbox\val\left\12-58-14\images\left\left__GRIP_2026-08-27_12-58-14__e000025.jpg,left,centre,left,0.9998600482940674,0.00013996401685290039,True
D:\GRIP_Dataset\New_model\Chirality_Crops\aug27_final_v2_bbox\val\left\12-58-14\images\left\left__GRIP_2026-08-27_12-58-14__e000025.jpg,left,top_background,left,1.0,5.763748311092554e-13,True
D:\GRIP_Dataset\New_model\Chirality_Crops\aug27_final_v2_bbox\val\left\12-58-14\images\left\left__GRIP_2026-08-27_12-58-14__e000025.jpg,left,bottom_background,left,1.0,7.338948784622878e-13,True
D:\GRIP_Dataset\New_model\Chirality_Crops\aug27_final_v2_bbox\val\left\12-58-14\images\left\left__GRIP_2026-08-27_12-58-14__e000027.jpg,left,original,left,1.0,2.91866704416055e-11,True
D:\GRIP_Dataset\New_model\Chirality_Crops\aug27_final_v2_bbox\val\left\12-58-14\images\left\left__GRIP_2026-08-27_12-58-14__e000027.jpg,left,finger_side,left,0.9999995231628418,4.443161571998644e-07,True
D:\GRIP_Dataset\New_model\Chirality_Crops\aug27_final_v2_bbox\val\left\12-58-14\images\left\left__GRIP_2026-08-27_12-58-14__e000027.jpg,left,cuff_side,left,1.0,4.230279770922607e-08,True
D:\GRIP_Dataset\New_model\Chirality_Crops\aug27_final_v2_bbox\val\left\12-58-14\images\left\left__GRIP_2026-08-27_12-58-14__e000027.jpg,left,centre,left,0.999951958656311,4.8089990741573274e-05,True
D:\GRIP_Dataset\New_model\Chirality_Crops\aug27_final_v2_bbox\val\left\12-58-14\images\left\left__GRIP_2026-08-27_12-58-14__e000027.jpg,left,top_background,left,1.0,3.32022742632887e-11,True
D:\GRIP_Dataset\New_model\Chirality_Crops\aug27_final_v2_bbox\val\left\12-58-14\images\left\left__GRIP_2026-08-27_12-58-14__e000027.jpg,left,bottom_background,left,1.0,3.134816364824822e-11,True
D:\GRIP_Dataset\New_model\Chirality_Crops\aug27_final_v2_bbox\val\right\13-49-49\images\right\right__GRIP_2026-08-27_13-49-49_fixed__e000001.jpg,right,original,right,0.0040876795537769794,0.9959122538566589,True
D:\GRIP_Dataset\New_model\Chirality_Crops\aug27_final_v2_bbox\val\right\13-49-49\images\right\right__GRIP_2026-08-27_13-49-49_fixed__e000001.jpg,right,finger_side,right,0.004779126029461622,0.9952208399772644,True
D:\GRIP_Dataset\New_model\Chirality_Crops\aug27_final_v2_bbox\val\right\13-49-49\images\right\right__GRIP_2026-08-27_13-49-49_fixed__e000001.jpg,right,cuff_side,right,0.028150729835033417,0.9718492031097412,True
D:\GRIP_Dataset\New_model\Chirality_Crops\aug27_final_v2_bbox\val\right\13-49-49\images\right\right__GRIP_2026-08-27_13-49-49_fixed__e000001.jpg,right,centre,right,0.0038389971014112234,0.9961609840393066,True
D:\GRIP_Dataset\New_model\Chirality_Crops\aug27_final_v2_bbox\val\right\13-49-49\images\right\right__GRIP_2026-08-27_13-49-49_fixed__e000001.jpg,right,top_background,right,0.004159634001553059,0.9958403706550598,True
D:\GRIP_Dataset\New_model\Chirality_Crops\aug27_final_v2_bbox\val\right\13-49-49\images\right\right__GRIP_2026-08-27_13-49-49_fixed__e000001.jpg,right,bottom_background,right,0.003482595318928361,0.9965174198150635,True
D:\GRIP_Dataset\New_model\Chirality_Crops\aug27_final_v2_bbox\val\right\13-49-49\images\right\right__GRIP_2026-08-27_13-49-49_fixed__e000002.jpg,right,original,right,0.00010121097875526175,0.9998987913131714,True
D:\GRIP_Dataset\New_model\Chirality_Crops\aug27_final_v2_bbox\val\right\13-49-49\images\right\right__GRIP_2026-08-27_13-49-49_fixed__e000002.jpg,right,finger_side,right,0.0013644451973959804,0.9986355900764465,True
D:\GRIP_Dataset\New_model\Chirality_Crops\aug27_final_v2_bbox\val\right\13-49-49\images\right\right__GRIP_2026-08-27_13-49-49_fixed__e000002.jpg,right,cuff_side,right,0.00010960740473819897,0.9998903274536133,True
D:\GRIP_Dataset\New_model\Chirality_Crops\aug27_final_v2_bbox\val\right\13-49-49\images\right\right__GRIP_2026-08-27_13-49-49_fixed__e000002.jpg,right,centre,right,0.01412173081189394,0.9858783483505249,True
D:\GRIP_Dataset\New_model\Chirality_Crops\aug27_final_v2_bbox\val\right\13-49-49\images\right\right__GRIP_2026-08-27_13-49-49_fixed__e000002.jpg,right,top_background,right,9.732965554576367e-05,0.999902606010437,True
D:\GRIP_Dataset\New_model\Chirality_Crops\aug27_final_v2_bbox\val\right\13-49-49\images\right\right__GRIP_2026-08-27_13-49-49_fixed__e000002.jpg,right,bottom_background,right,0.00010097624181071296,0.9998990297317505,True
D:\GRIP_Dataset\New_model\Chirality_Crops\aug27_final_v2_bbox\val\right\13-49-49\images\right\right__GRIP_2026-08-27_13-49-49_fixed__e000003.jpg,right,original,right,1.105972387449583e-06,0.999998927116394,True
D:\GRIP_Dataset\New_model\Chirality_Crops\aug27_final_v2_bbox\val\right\13-49-49\images\right\right__GRIP_2026-08-27_13-49-49_fixed__e000003.jpg,right,finger_side,right,0.00033102164161391556,0.9996689558029175,True
D:\GRIP_Dataset\New_model\Chirality_Crops\aug27_final_v2_bbox\val\right\13-49-49\images\right\right__GRIP_2026-08-27_13-49-49_fixed__e000003.jpg,right,cuff_side,right,8.230615094362292e-06,0.999991774559021,True
D:\GRIP_Dataset\New_model\Chirality_Crops\aug27_final_v2_bbox\val\right\13-49-49\images\right\right__GRIP_2026-08-27_13-49-49_fixed__e000003.jpg,right,centre,right,0.0016070283018052578,0.9983929991722107,True
D:\GRIP_Dataset\New_model\Chirality_Crops\aug27_final_v2_bbox\val\right\13-49-49\images\right\right__GRIP_2026-08-27_13-49-49_fixed__e000003.jpg,right,top_background,right,1.0860402426260407e-06,0.999998927116394,True
D:\GRIP_Dataset\New_model\Chirality_Crops\aug27_final_v2_bbox\val\right\13-49-49\images\right\right__GRIP_2026-08-27_13-49-49_fixed__e000003.jpg,right,bottom_background,right,1.916842620630632e-06,0.9999980926513672,True
D:\GRIP_Dataset\New_model\Chirality_Crops\aug27_final_v2_bbox\val\right\13-49-49\images\right\right__GRIP_2026-08-27_13-49-49_fixed__e000005.jpg,right,original,right,2.2961532522458583e-05,0.9999769926071167,True
D:\GRIP_Dataset\New_model\Chirality_Crops\aug27_final_v2_bbox\val\right\13-49-49\images\right\right__GRIP_2026-08-27_13-49-49_fixed__e000005.jpg,right,finger_side,right,0.08538445830345154,0.9146155714988708,True
D:\GRIP_Dataset\New_model\Chirality_Crops\aug27_final_v2_bbox\val\right\13-49-49\images\right\right__GRIP_2026-08-27_13-49-49_fixed__e000005.jpg,right,cuff_side,right,2.202604810008779e-05,0.9999779462814331,True
D:\GRIP_Dataset\New_model\Chirality_Crops\aug27_final_v2_bbox\val\right\13-49-49\images\right\right__GRIP_2026-08-27_13-49-49_fixed__e000005.jpg,right,centre,right,0.007930513471364975,0.9920694828033447,True
D:\GRIP_Dataset\New_model\Chirality_Crops\aug27_final_v2_bbox\val\right\13-49-49\images\right\right__GRIP_2026-08-27_13-49-49_fixed__e000005.jpg,right,top_background,right,2.2822119717602618e-05,0.9999772310256958,True
D:\GRIP_Dataset\New_model\Chirality_Crops\aug27_final_v2_bbox\val\right\13-49-49\images\right\right__GRIP_2026-08-27_13-49-49_fixed__e000005.jpg,right,bottom_background,right,2.2215994249563664e-05,0.9999778270721436,True
D:\GRIP_Dataset\New_model\Chirality_Crops\aug27_final_v2_bbox\val\right\13-49-49\images\right\right__GRIP_2026-08-27_13-49-49_fixed__e000006.jpg,right,original,right,7.5242005550535396e-06,0.9999924898147583,True
D:\GRIP_Dataset\New_model\Chirality_Crops\aug27_final_v2_bbox\val\right\13-49-49\images\right\right__GRIP_2026-08-27_13-49-49_fixed__e000006.jpg,right,finger_side,right,0.0012816565576940775,0.9987183809280396,True
D:\GRIP_Dataset\New_model\Chirality_Crops\aug27_final_v2_bbox\val\right\13-49-49\images\right\right__GRIP_2026-08-27_13-49-49_fixed__e000006.jpg,right,cuff_side,right,2.5235933208023198e-05,0.9999747276306152,True
D:\GRIP_Dataset\New_model\Chirality_Crops\aug27_final_v2_bbox\val\right\13-49-49\images\right\right__GRIP_2026-08-27_13-49-49_fixed__e000006.jpg,right,centre,right,0.0004019001207780093,0.9995980858802795,True
D:\GRIP_Dataset\New_model\Chirality_Crops\aug27_final_v2_bbox\val\right\13-49-49\images\right\right__GRIP_2026-08-27_13-49-49_fixed__e000006.jpg,right,top_background,right,7.847136657801457e-06,0.9999921321868896,True
D:\GRIP_Dataset\New_model\Chirality_Crops\aug27_final_v2_bbox\val\right\13-49-49\images\right\right__GRIP_2026-08-27_13-49-49_fixed__e000006.jpg,right,bottom_background,right,6.923568889760645e-06,0.999993085861206,True
D:\GRIP_Dataset\New_model\Chirality_Crops\aug27_final_v2_bbox\val\right\13-49-49\images\right\right__GRIP_2026-08-27_13-49-49_fixed__e000007.jpg,right,original,right,1.5408675153594231e-06,0.9999984502792358,True
D:\GRIP_Dataset\New_model\Chirality_Crops\aug27_final_v2_bbox\val\right\13-49-49\images\right\right__GRIP_2026-08-27_13-49-49_fixed__e000007.jpg,right,finger_side,right,0.00031099095940589905,0.999688982963562,True
D:\GRIP_Dataset\New_model\Chirality_Crops\aug27_final_v2_bbox\val\right\13-49-49\images\right\right__GRIP_2026-08-27_13-49-49_fixed__e000007.jpg,right,cuff_side,right,1.2780842553183902e-05,0.9999872446060181,True
D:\GRIP_Dataset\New_model\Chirality_Crops\aug27_final_v2_bbox\val\right\13-49-49\images\right\right__GRIP_2026-08-27_13-49-49_fixed__e000007.jpg,right,centre,right,3.983318038081052e-06,0.9999960660934448,True
D:\GRIP_Dataset\New_model\Chirality_Crops\aug27_final_v2_bbox\val\right\13-49-49\images\right\right__GRIP_2026-08-27_13-49-49_fixed__e000007.jpg,right,top_background,right,2.0237437183823204e-06,0.9999979734420776,True
D:\GRIP_Dataset\New_model\Chirality_Crops\aug27_final_v2_bbox\val\right\13-49-49\images\right\right__GRIP_2026-08-27_13-49-49_fixed__e000007.jpg,right,bottom_background,right,2.4608627882116707e-06,0.9999974966049194,True
D:\GRIP_Dataset\New_model\Chirality_Crops\aug27_final_v2_bbox\val\right\13-49-49\images\right\right__GRIP_2026-08-27_13-49-49_fixed__e000008.jpg,right,original,right,0.00013257564569357783,0.9998674392700195,True
D:\GRIP_Dataset\New_model\Chirality_Crops\aug27_final_v2_bbox\val\right\13-49-49\images\right\right__GRIP_2026-08-27_13-49-49_fixed__e000008.jpg,right,finger_side,right,0.37114009261131287,0.6288599371910095,True
D:\GRIP_Dataset\New_model\Chirality_Crops\aug27_final_v2_bbox\val\right\13-49-49\images\right\right__GRIP_2026-08-27_13-49-49_fixed__e000008.jpg,right,cuff_side,right,3.343193748150952e-05,0.9999666213989258,True
D:\GRIP_Dataset\New_model\Chirality_Crops\aug27_final_v2_bbox\val\right\13-49-49\images\right\right__GRIP_2026-08-27_13-49-49_fixed__e000008.jpg,right,centre,right,0.016498642042279243,0.9835013747215271,True
D:\GRIP_Dataset\New_model\Chirality_Crops\aug27_final_v2_bbox\val\right\13-49-49\images\right\right__GRIP_2026-08-27_13-49-49_fixed__e000008.jpg,right,top_background,right,0.00012652391160372645,0.9998735189437866,True
D:\GRIP_Dataset\New_model\Chirality_Crops\aug27_final_v2_bbox\val\right\13-49-49\images\right\right__GRIP_2026-08-27_13-49-49_fixed__e000008.jpg,right,bottom_background,right,0.0001301980810239911,0.9998698234558105,True
D:\GRIP_Dataset\New_model\Chirality_Crops\aug27_final_v2_bbox\val\right\13-49-49\images\right\right__GRIP_2026-08-27_13-49-49_fixed__e000010.jpg,right,original,right,1.576911756728805e-07,0.9999998807907104,True
D:\GRIP_Dataset\New_model\Chirality_Crops\aug27_final_v2_bbox\val\right\13-49-49\images\right\right__GRIP_2026-08-27_13-49-49_fixed__e000010.jpg,right,finger_side,right,0.00011746714153559878,0.9998824596405029,True
D:\GRIP_Dataset\New_model\Chirality_Crops\aug27_final_v2_bbox\val\right\13-49-49\images\right\right__GRIP_2026-08-27_13-49-49_fixed__e000010.jpg,right,cuff_side,right,3.627797468652716e-06,0.9999964237213135,True
D:\GRIP_Dataset\New_model\Chirality_Crops\aug27_final_v2_bbox\val\right\13-49-49\images\right\right__GRIP_2026-08-27_13-49-49_fixed__e000010.jpg,right,centre,right,0.0005527827888727188,0.9994471669197083,True
D:\GRIP_Dataset\New_model\Chirality_Crops\aug27_final_v2_bbox\val\right\13-49-49\images\right\right__GRIP_2026-08-27_13-49-49_fixed__e000010.jpg,right,top_background,right,1.576911756728805e-07,0.9999998807907104,True
D:\GRIP_Dataset\New_model\Chirality_Crops\aug27_final_v2_bbox\val\right\13-49-49\images\right\right__GRIP_2026-08-27_13-49-49_fixed__e000010.jpg,right,bottom_background,right,1.576911756728805e-07,0.9999998807907104,True
D:\GRIP_Dataset\New_model\Chirality_Crops\aug27_final_v2_bbox\val\right\13-49-49\images\right\right__GRIP_2026-08-27_13-49-49_fixed__e000011.jpg,right,original,right,1.2645565448110574e-06,0.9999986886978149,True
D:\GRIP_Dataset\New_model\Chirality_Crops\aug27_final_v2_bbox\val\right\13-49-49\images\right\right__GRIP_2026-08-27_13-49-49_fixed__e000011.jpg,right,finger_side,right,0.002654781099408865,0.9973452687263489,True
D:\GRIP_Dataset\New_model\Chirality_Crops\aug27_final_v2_bbox\val\right\13-49-49\images\right\right__GRIP_2026-08-27_13-49-49_fixed__e000011.jpg,right,cuff_side,right,3.894971996487584e-06,0.9999960660934448,True
D:\GRIP_Dataset\New_model\Chirality_Crops\aug27_final_v2_bbox\val\right\13-49-49\images\right\right__GRIP_2026-08-27_13-49-49_fixed__e000011.jpg,right,centre,right,0.05052639916539192,0.9494736194610596,True
D:\GRIP_Dataset\New_model\Chirality_Crops\aug27_final_v2_bbox\val\right\13-49-49\images\right\right__GRIP_2026-08-27_13-49-49_fixed__e000011.jpg,right,top_background,right,1.2645565448110574e-06,0.9999986886978149,True
D:\GRIP_Dataset\New_model\Chirality_Crops\aug27_final_v2_bbox\val\right\13-49-49\images\right\right__GRIP_2026-08-27_13-49-49_fixed__e000011.jpg,right,bottom_background,right,1.2645565448110574e-06,0.9999986886978149,True
D:\GRIP_Dataset\New_model\Chirality_Crops\aug27_final_v2_bbox\val\right\13-49-49\images\right\right__GRIP_2026-08-27_13-49-49_fixed__e000012.jpg,right,original,right,0.28197991847991943,0.7180200219154358,True
D:\GRIP_Dataset\New_model\Chirality_Crops\aug27_final_v2_bbox\val\right\13-49-49\images\right\right__GRIP_2026-08-27_13-49-49_fixed__e000012.jpg,right,finger_side,left,0.9298730492591858,0.07012692838907242,False
D:\GRIP_Dataset\New_model\Chirality_Crops\aug27_final_v2_bbox\val\right\13-49-49\images\right\right__GRIP_2026-08-27_13-49-49_fixed__e000012.jpg,right,cuff_side,right,0.3884299099445343,0.6115701198577881,True
D:\GRIP_Dataset\New_model\Chirality_Crops\aug27_final_v2_bbox\val\right\13-49-49\images\right\right__GRIP_2026-08-27_13-49-49_fixed__e000012.jpg,right,centre,left,0.9702507853507996,0.029749182984232903,False
D:\GRIP_Dataset\New_model\Chirality_Crops\aug27_final_v2_bbox\val\right\13-49-49\images\right\right__GRIP_2026-08-27_13-49-49_fixed__e000012.jpg,right,top_background,right,0.28197991847991943,0.7180200219154358,True
D:\GRIP_Dataset\New_model\Chirality_Crops\aug27_final_v2_bbox\val\right\13-49-49\images\right\right__GRIP_2026-08-27_13-49-49_fixed__e000012.jpg,right,bottom_background,right,0.28197991847991943,0.7180200219154358,True
D:\GRIP_Dataset\New_model\Chirality_Crops\aug27_final_v2_bbox\val\right\13-49-49\images\right\right__GRIP_2026-08-27_13-49-49_fixed__e000013.jpg,right,original,right,1.6702346329111606e-05,0.9999833106994629,True
D:\GRIP_Dataset\New_model\Chirality_Crops\aug27_final_v2_bbox\val\right\13-49-49\images\right\right__GRIP_2026-08-27_13-49-49_fixed__e000013.jpg,right,finger_side,right,0.002692420734092593,0.997307538986206,True
D:\GRIP_Dataset\New_model\Chirality_Crops\aug27_final_v2_bbox\val\right\13-49-49\images\right\right__GRIP_2026-08-27_13-49-49_fixed__e000013.jpg,right,cuff_side,right,0.0003484338230919093,0.9996515512466431,True
D:\GRIP_Dataset\New_model\Chirality_Crops\aug27_final_v2_bbox\val\right\13-49-49\images\right\right__GRIP_2026-08-27_13-49-49_fixed__e000013.jpg,right,centre,right,0.010267569683492184,0.9897324442863464,True
D:\GRIP_Dataset\New_model\Chirality_Crops\aug27_final_v2_bbox\val\right\13-49-49\images\right\right__GRIP_2026-08-27_13-49-49_fixed__e000013.jpg,right,top_background,right,1.575881651660893e-05,0.9999842643737793,True
D:\GRIP_Dataset\New_model\Chirality_Crops\aug27_final_v2_bbox\val\right\13-49-49\images\right\right__GRIP_2026-08-27_13-49-49_fixed__e000013.jpg,right,bottom_background,right,1.6702346329111606e-05,0.9999833106994629,True
D:\GRIP_Dataset\New_model\Chirality_Crops\aug27_final_v2_bbox\val\right\13-49-49\images\right\right__GRIP_2026-08-27_13-49-49_fixed__e000014.jpg,right,original,right,5.5722935940138996e-05,0.9999443292617798,True
D:\GRIP_Dataset\New_model\Chirality_Crops\aug27_final_v2_bbox\val\right\13-49-49\images\right\right__GRIP_2026-08-27_13-49-49_fixed__e000014.jpg,right,finger_side,right,0.003880745731294155,0.9961192607879639,True
D:\GRIP_Dataset\New_model\Chirality_Crops\aug27_final_v2_bbox\val\right\13-49-49\images\right\right__GRIP_2026-08-27_13-49-49_fixed__e000014.jpg,right,cuff_side,right,0.0010612934129312634,0.9989387392997742,True
D:\GRIP_Dataset\New_model\Chirality_Crops\aug27_final_v2_bbox\val\right\13-49-49\images\right\right__GRIP_2026-08-27_13-49-49_fixed__e000014.jpg,right,centre,right,0.3704473376274109,0.6295526623725891,True
D:\GRIP_Dataset\New_model\Chirality_Crops\aug27_final_v2_bbox\val\right\13-49-49\images\right\right__GRIP_2026-08-27_13-49-49_fixed__e000014.jpg,right,top_background,right,5.3165858844295144e-05,0.9999468326568604,True
D:\GRIP_Dataset\New_model\Chirality_Crops\aug27_final_v2_bbox\val\right\13-49-49\images\right\right__GRIP_2026-08-27_13-49-49_fixed__e000014.jpg,right,bottom_background,right,5.4229087254498154e-05,0.9999457597732544,True
D:\GRIP_Dataset\New_model\Chirality_Crops\aug27_final_v2_bbox\val\right\13-49-49\images\right\right__GRIP_2026-08-27_13-49-49_fixed__e000016.jpg,right,original,right,0.00014585033932235092,0.9998540878295898,True
D:\GRIP_Dataset\New_model\Chirality_Crops\aug27_final_v2_bbox\val\right\13-49-49\images\right\right__GRIP_2026-08-27_13-49-49_fixed__e000016.jpg,right,finger_side,left,0.6443020701408386,0.3556979298591614,False
D:\GRIP_Dataset\New_model\Chirality_Crops\aug27_final_v2_bbox\val\right\13-49-49\images\right\right__GRIP_2026-08-27_13-49-49_fixed__e000016.jpg,right,cuff_side,right,0.0018056966364383698,0.9981942772865295,True
D:\GRIP_Dataset\New_model\Chirality_Crops\aug27_final_v2_bbox\val\right\13-49-49\images\right\right__GRIP_2026-08-27_13-49-49_fixed__e000016.jpg,right,centre,right,0.034787312150001526,0.9652126431465149,True
D:\GRIP_Dataset\New_model\Chirality_Crops\aug27_final_v2_bbox\val\right\13-49-49\images\right\right__GRIP_2026-08-27_13-49-49_fixed__e000016.jpg,right,top_background,right,0.0001408972020726651,0.999859094619751,True
D:\GRIP_Dataset\New_model\Chirality_Crops\aug27_final_v2_bbox\val\right\13-49-49\images\right\right__GRIP_2026-08-27_13-49-49_fixed__e000016.jpg,right,bottom_background,right,0.00014857119822409004,0.9998514652252197,True
D:\GRIP_Dataset\New_model\Chirality_Crops\aug27_final_v2_bbox\val\right\13-49-49\images\right\right__GRIP_2026-08-27_13-49-49_fixed__e000017.jpg,right,original,right,8.255726129391405e-07,0.9999991655349731,True
D:\GRIP_Dataset\New_model\Chirality_Crops\aug27_final_v2_bbox\val\right\13-49-49\images\right\right__GRIP_2026-08-27_13-49-49_fixed__e000017.jpg,right,finger_side,right,0.00738111836835742,0.9926188588142395,True
D:\GRIP_Dataset\New_model\Chirality_Crops\aug27_final_v2_bbox\val\right\13-49-49\images\right\right__GRIP_2026-08-27_13-49-49_fixed__e000017.jpg,right,cuff_side,right,1.3795379345538095e-05,0.9999861717224121,True
D:\GRIP_Dataset\New_model\Chirality_Crops\aug27_final_v2_bbox\val\right\13-49-49\images\right\right__GRIP_2026-08-27_13-49-49_fixed__e000017.jpg,right,centre,right,0.0016907863318920135,0.9983092546463013,True
D:\GRIP_Dataset\New_model\Chirality_Crops\aug27_final_v2_bbox\val\right\13-49-49\images\right\right__GRIP_2026-08-27_13-49-49_fixed__e000017.jpg,right,top_background,right,8.255726129391405e-07,0.9999991655349731,True
D:\GRIP_Dataset\New_model\Chirality_Crops\aug27_final_v2_bbox\val\right\13-49-49\images\right\right__GRIP_2026-08-27_13-49-49_fixed__e000017.jpg,right,bottom_background,right,8.255726129391405e-07,0.9999991655349731,True
D:\GRIP_Dataset\New_model\Chirality_Crops\aug27_final_v2_bbox\val\right\13-49-49\images\right\right__GRIP_2026-08-27_13-49-49_fixed__e000020.jpg,right,original,right,1.2748181688948534e-05,0.9999872446060181,True
D:\GRIP_Dataset\New_model\Chirality_Crops\aug27_final_v2_bbox\val\right\13-49-49\images\right\right__GRIP_2026-08-27_13-49-49_fixed__e000020.jpg,right,finger_side,right,0.0004860167973674834,0.9995139837265015,True
D:\GRIP_Dataset\New_model\Chirality_Crops\aug27_final_v2_bbox\val\right\13-49-49\images\right\right__GRIP_2026-08-27_13-49-49_fixed__e000020.jpg,right,cuff_side,right,4.204881770419888e-05,0.9999579191207886,True
D:\GRIP_Dataset\New_model\Chirality_Crops\aug27_final_v2_bbox\val\right\13-49-49\images\right\right__GRIP_2026-08-27_13-49-49_fixed__e000020.jpg,right,centre,right,0.0005081213894300163,0.999491810798645,True
D:\GRIP_Dataset\New_model\Chirality_Crops\aug27_final_v2_bbox\val\right\13-49-49\images\right\right__GRIP_2026-08-27_13-49-49_fixed__e000020.jpg,right,top_background,right,1.3154414773453027e-05,0.9999868869781494,True
D:\GRIP_Dataset\New_model\Chirality_Crops\aug27_final_v2_bbox\val\right\13-49-49\images\right\right__GRIP_2026-08-27_13-49-49_fixed__e000020.jpg,right,bottom_background,right,1.2899091416329611e-05,0.9999871253967285,True
D:\GRIP_Dataset\New_model\Chirality_Crops\aug27_final_v2_bbox\val\right\13-49-49\images\right\right__GRIP_2026-08-27_13-49-49_fixed__e000021.jpg,right,original,right,1.3010450174988364e-06,0.9999986886978149,True
D:\GRIP_Dataset\New_model\Chirality_Crops\aug27_final_v2_bbox\val\right\13-49-49\images\right\right__GRIP_2026-08-27_13-49-49_fixed__e000021.jpg,right,finger_side,right,0.0006184655358083546,0.9993815422058105,True
D:\GRIP_Dataset\New_model\Chirality_Crops\aug27_final_v2_bbox\val\right\13-49-49\images\right\right__GRIP_2026-08-27_13-49-49_fixed__e000021.jpg,right,cuff_side,right,1.158918075816473e-05,0.9999884366989136,True
D:\GRIP_Dataset\New_model\Chirality_Crops\aug27_final_v2_bbox\val\right\13-49-49\images\right\right__GRIP_2026-08-27_13-49-49_fixed__e000021.jpg,right,centre,right,0.0055053276009857655,0.994494616985321,True
D:\GRIP_Dataset\New_model\Chirality_Crops\aug27_final_v2_bbox\val\right\13-49-49\images\right\right__GRIP_2026-08-27_13-49-49_fixed__e000021.jpg,right,top_background,right,1.3010450174988364e-06,0.9999986886978149,True
D:\GRIP_Dataset\New_model\Chirality_Crops\aug27_final_v2_bbox\val\right\13-49-49\images\right\right__GRIP_2026-08-27_13-49-49_fixed__e000021.jpg,right,bottom_background,right,1.3010450174988364e-06,0.9999986886978149,True
D:\GRIP_Dataset\New_model\Chirality_Crops\aug27_final_v2_bbox\val\right\13-49-49\images\right\right__GRIP_2026-08-27_13-49-49_fixed__e000022.jpg,right,original,right,0.0019379964796826243,0.9980619549751282,True
D:\GRIP_Dataset\New_model\Chirality_Crops\aug27_final_v2_bbox\val\right\13-49-49\images\right\right__GRIP_2026-08-27_13-49-49_fixed__e000022.jpg,right,finger_side,right,0.32024291157722473,0.6797571182250977,True
D:\GRIP_Dataset\New_model\Chirality_Crops\aug27_final_v2_bbox\val\right\13-49-49\images\right\right__GRIP_2026-08-27_13-49-49_fixed__e000022.jpg,right,cuff_side,right,0.004126697313040495,0.9958732724189758,True
D:\GRIP_Dataset\New_model\Chirality_Crops\aug27_final_v2_bbox\val\right\13-49-49\images\right\right__GRIP_2026-08-27_13-49-49_fixed__e000022.jpg,right,centre,right,0.09433729201555252,0.9056626558303833,True
D:\GRIP_Dataset\New_model\Chirality_Crops\aug27_final_v2_bbox\val\right\13-49-49\images\right\right__GRIP_2026-08-27_13-49-49_fixed__e000022.jpg,right,top_background,right,0.001955340150743723,0.9980446100234985,True
D:\GRIP_Dataset\New_model\Chirality_Crops\aug27_final_v2_bbox\val\right\13-49-49\images\right\right__GRIP_2026-08-27_13-49-49_fixed__e000022.jpg,right,bottom_background,right,0.0019707425963133574,0.9980292916297913,True
D:\GRIP_Dataset\New_model\Chirality_Crops\aug27_final_v2_bbox\val\right\13-49-49\images\right\right__GRIP_2026-08-27_13-49-49_fixed__e000023.jpg,right,original,right,1.424193487764569e-05,0.9999858140945435,True
D:\GRIP_Dataset\New_model\Chirality_Crops\aug27_final_v2_bbox\val\right\13-49-49\images\right\right__GRIP_2026-08-27_13-49-49_fixed__e000023.jpg,right,finger_side,right,0.0025549193378537893,0.9974451065063477,True
D:\GRIP_Dataset\New_model\Chirality_Crops\aug27_final_v2_bbox\val\right\13-49-49\images\right\right__GRIP_2026-08-27_13-49-49_fixed__e000023.jpg,right,cuff_side,right,7.82123242970556e-05,0.9999217987060547,True
D:\GRIP_Dataset\New_model\Chirality_Crops\aug27_final_v2_bbox\val\right\13-49-49\images\right\right__GRIP_2026-08-27_13-49-49_fixed__e000023.jpg,right,centre,right,0.004991210997104645,0.9950088262557983,True
D:\GRIP_Dataset\New_model\Chirality_Crops\aug27_final_v2_bbox\val\right\13-49-49\images\right\right__GRIP_2026-08-27_13-49-49_fixed__e000023.jpg,right,top_background,right,1.4174347597872838e-05,0.9999858140945435,True
D:\GRIP_Dataset\New_model\Chirality_Crops\aug27_final_v2_bbox\val\right\13-49-49\images\right\right__GRIP_2026-08-27_13-49-49_fixed__e000023.jpg,right,bottom_background,right,1.3136751476849895e-05,0.9999868869781494,True
D:\GRIP_Dataset\New_model\Chirality_Crops\aug27_final_v2_bbox\val\right\13-49-49\images\right\right__GRIP_2026-08-27_13-49-49_fixed__e000024.jpg,right,original,right,1.1857255231007002e-05,0.9999881982803345,True
D:\GRIP_Dataset\New_model\Chirality_Crops\aug27_final_v2_bbox\val\right\13-49-49\images\right\right__GRIP_2026-08-27_13-49-49_fixed__e000024.jpg,right,finger_side,right,0.0026515584904700518,0.997348427772522,True
D:\GRIP_Dataset\New_model\Chirality_Crops\aug27_final_v2_bbox\val\right\13-49-49\images\right\right__GRIP_2026-08-27_13-49-49_fixed__e000024.jpg,right,cuff_side,right,0.0007040422060526907,0.9992959499359131,True
D:\GRIP_Dataset\New_model\Chirality_Crops\aug27_final_v2_bbox\val\right\13-49-49\images\right\right__GRIP_2026-08-27_13-49-49_fixed__e000024.jpg,right,centre,right,0.016173047944903374,0.9838269352912903,True
D:\GRIP_Dataset\New_model\Chirality_Crops\aug27_final_v2_bbox\val\right\13-49-49\images\right\right__GRIP_2026-08-27_13-49-49_fixed__e000024.jpg,right,top_background,right,1.1857255231007002e-05,0.9999881982803345,True
D:\GRIP_Dataset\New_model\Chirality_Crops\aug27_final_v2_bbox\val\right\13-49-49\images\right\right__GRIP_2026-08-27_13-49-49_fixed__e000024.jpg,right,bottom_background,right,1.1857255231007002e-05,0.9999881982803345,True
D:\GRIP_Dataset\New_model\Chirality_Crops\aug27_final_v2_bbox\val\right\13-49-49\images\right\right__GRIP_2026-08-27_13-49-49_fixed__e000026.jpg,right,original,right,3.339542308822274e-05,0.9999666213989258,True
D:\GRIP_Dataset\New_model\Chirality_Crops\aug27_final_v2_bbox\val\right\13-49-49\images\right\right__GRIP_2026-08-27_13-49-49_fixed__e000026.jpg,right,finger_side,right,0.0006334238569252193,0.9993665814399719,True
D:\GRIP_Dataset\New_model\Chirality_Crops\aug27_final_v2_bbox\val\right\13-49-49\images\right\right__GRIP_2026-08-27_13-49-49_fixed__e000026.jpg,right,cuff_side,right,0.0009655847679823637,0.9990344047546387,True
D:\GRIP_Dataset\New_model\Chirality_Crops\aug27_final_v2_bbox\val\right\13-49-49\images\right\right__GRIP_2026-08-27_13-49-49_fixed__e000026.jpg,right,centre,right,0.0008824688848108053,0.9991175532341003,True
D:\GRIP_Dataset\New_model\Chirality_Crops\aug27_final_v2_bbox\val\right\13-49-49\images\right\right__GRIP_2026-08-27_13-49-49_fixed__e000026.jpg,right,top_background,right,3.5516772186383605e-05,0.9999644756317139,True
D:\GRIP_Dataset\New_model\Chirality_Crops\aug27_final_v2_bbox\val\right\13-49-49\images\right\right__GRIP_2026-08-27_13-49-49_fixed__e000026.jpg,right,bottom_background,right,8.415703632635996e-05,0.9999158382415771,True
D:\GRIP_Dataset\New_model\Chirality_Crops\aug27_final_v2_bbox\val\right\13-49-49\images\right\right__GRIP_2026-08-27_13-49-49_fixed__e000028.jpg,right,original,right,2.0690283690782962e-06,0.9999979734420776,True
D:\GRIP_Dataset\New_model\Chirality_Crops\aug27_final_v2_bbox\val\right\13-49-49\images\right\right__GRIP_2026-08-27_13-49-49_fixed__e000028.jpg,right,finger_side,right,0.00794950406998396,0.9920504689216614,True
D:\GRIP_Dataset\New_model\Chirality_Crops\aug27_final_v2_bbox\val\right\13-49-49\images\right\right__GRIP_2026-08-27_13-49-49_fixed__e000028.jpg,right,cuff_side,right,7.88793113315478e-05,0.9999210834503174,True
D:\GRIP_Dataset\New_model\Chirality_Crops\aug27_final_v2_bbox\val\right\13-49-49\images\right\right__GRIP_2026-08-27_13-49-49_fixed__e000028.jpg,right,centre,right,0.002024975838139653,0.9979750514030457,True
D:\GRIP_Dataset\New_model\Chirality_Crops\aug27_final_v2_bbox\val\right\13-49-49\images\right\right__GRIP_2026-08-27_13-49-49_fixed__e000028.jpg,right,top_background,right,2.0690283690782962e-06,0.9999979734420776,True
D:\GRIP_Dataset\New_model\Chirality_Crops\aug27_final_v2_bbox\val\right\13-49-49\images\right\right__GRIP_2026-08-27_13-49-49_fixed__e000028.jpg,right,bottom_background,right,2.0690283690782962e-06,0.9999979734420776,True
D:\GRIP_Dataset\New_model\Chirality_Crops\aug27_final_v2_bbox\val\right\13-49-49\images\right\right__GRIP_2026-08-27_13-49-49_fixed__e000029.jpg,right,original,right,0.0012898085406050086,0.9987101554870605,True
D:\GRIP_Dataset\New_model\Chirality_Crops\aug27_final_v2_bbox\val\right\13-49-49\images\right\right__GRIP_2026-08-27_13-49-49_fixed__e000029.jpg,right,finger_side,right,0.026309335604310036,0.9736906886100769,True
D:\GRIP_Dataset\New_model\Chirality_Crops\aug27_final_v2_bbox\val\right\13-49-49\images\right\right__GRIP_2026-08-27_13-49-49_fixed__e000029.jpg,right,cuff_side,right,0.09183590859174728,0.9081640839576721,True
D:\GRIP_Dataset\New_model\Chirality_Crops\aug27_final_v2_bbox\val\right\13-49-49\images\right\right__GRIP_2026-08-27_13-49-49_fixed__e000029.jpg,right,centre,left,0.9964084029197693,0.0035916140768676996,False
D:\GRIP_Dataset\New_model\Chirality_Crops\aug27_final_v2_bbox\val\right\13-49-49\images\right\right__GRIP_2026-08-27_13-49-49_fixed__e000029.jpg,right,top_background,right,0.0012898085406050086,0.9987101554870605,True
D:\GRIP_Dataset\New_model\Chirality_Crops\aug27_final_v2_bbox\val\right\13-49-49\images\right\right__GRIP_2026-08-27_13-49-49_fixed__e000029.jpg,right,bottom_background,right,0.0012898085406050086,0.9987101554870605,True
D:\GRIP_Dataset\New_model\Chirality_Crops\aug27_final_v2_bbox\val\right\13-49-49\images\right\right__GRIP_2026-08-27_13-49-49_fixed__e000030.jpg,right,original,right,4.791990704688942e-06,0.999995231628418,True
D:\GRIP_Dataset\New_model\Chirality_Crops\aug27_final_v2_bbox\val\right\13-49-49\images\right\right__GRIP_2026-08-27_13-49-49_fixed__e000030.jpg,right,finger_side,right,0.0020614610984921455,0.9979384541511536,True
D:\GRIP_Dataset\New_model\Chirality_Crops\aug27_final_v2_bbox\val\right\13-49-49\images\right\right__GRIP_2026-08-27_13-49-49_fixed__e000030.jpg,right,cuff_side,right,9.870064786809962e-06,0.9999901056289673,True
D:\GRIP_Dataset\New_model\Chirality_Crops\aug27_final_v2_bbox\val\right\13-49-49\images\right\right__GRIP_2026-08-27_13-49-49_fixed__e000030.jpg,right,centre,right,0.0004636775120161474,0.999536395072937,True
D:\GRIP_Dataset\New_model\Chirality_Crops\aug27_final_v2_bbox\val\right\13-49-49\images\right\right__GRIP_2026-08-27_13-49-49_fixed__e000030.jpg,right,top_background,right,7.072111202433007e-06,0.9999929666519165,True
D:\GRIP_Dataset\New_model\Chirality_Crops\aug27_final_v2_bbox\val\right\13-49-49\images\right\right__GRIP_2026-08-27_13-49-49_fixed__e000030.jpg,right,bottom_background,right,5.011522262066137e-06,0.9999949932098389,True
D:\GRIP_Dataset\New_model\Chirality_Crops\aug27_final_v2_bbox\val\right\13-49-49\images\right\right__GRIP_2026-08-27_13-49-49_fixed__e000031.jpg,right,original,right,1.8783948689815588e-06,0.9999980926513672,True
D:\GRIP_Dataset\New_model\Chirality_Crops\aug27_final_v2_bbox\val\right\13-49-49\images\right\right__GRIP_2026-08-27_13-49-49_fixed__e000031.jpg,right,finger_side,left,0.5807965993881226,0.41920340061187744,False
D:\GRIP_Dataset\New_model\Chirality_Crops\aug27_final_v2_bbox\val\right\13-49-49\images\right\right__GRIP_2026-08-27_13-49-49_fixed__e000031.jpg,right,cuff_side,right,2.7799851523013785e-06,0.9999972581863403,True
D:\GRIP_Dataset\New_model\Chirality_Crops\aug27_final_v2_bbox\val\right\13-49-49\images\right\right__GRIP_2026-08-27_13-49-49_fixed__e000031.jpg,right,centre,right,0.0015013423981145024,0.9984986782073975,True
D:\GRIP_Dataset\New_model\Chirality_Crops\aug27_final_v2_bbox\val\right\13-49-49\images\right\right__GRIP_2026-08-27_13-49-49_fixed__e000031.jpg,right,top_background,right,1.9315964436827926e-06,0.9999980926513672,True
D:\GRIP_Dataset\New_model\Chirality_Crops\aug27_final_v2_bbox\val\right\13-49-49\images\right\right__GRIP_2026-08-27_13-49-49_fixed__e000031.jpg,right,bottom_background,right,1.7105318192989216e-06,0.9999983310699463,True
D:\GRIP_Dataset\New_model\Chirality_Crops\aug27_final_v2_bbox\val\right\13-49-49\images\right\right__GRIP_2026-08-27_13-49-49_fixed__e000032.jpg,right,original,right,1.512542212367407e-06,0.9999984502792358,True
D:\GRIP_Dataset\New_model\Chirality_Crops\aug27_final_v2_bbox\val\right\13-49-49\images\right\right__GRIP_2026-08-27_13-49-49_fixed__e000032.jpg,right,finger_side,right,0.014603266492486,0.9853968024253845,True
D:\GRIP_Dataset\New_model\Chirality_Crops\aug27_final_v2_bbox\val\right\13-49-49\images\right\right__GRIP_2026-08-27_13-49-49_fixed__e000032.jpg,right,cuff_side,right,2.605499503260944e-05,0.9999738931655884,True
D:\GRIP_Dataset\New_model\Chirality_Crops\aug27_final_v2_bbox\val\right\13-49-49\images\right\right__GRIP_2026-08-27_13-49-49_fixed__e000032.jpg,right,centre,left,0.690046489238739,0.309953510761261,False
D:\GRIP_Dataset\New_model\Chirality_Crops\aug27_final_v2_bbox\val\right\13-49-49\images\right\right__GRIP_2026-08-27_13-49-49_fixed__e000032.jpg,right,top_background,right,1.512542212367407e-06,0.9999984502792358,True
D:\GRIP_Dataset\New_model\Chirality_Crops\aug27_final_v2_bbox\val\right\13-49-49\images\right\right__GRIP_2026-08-27_13-49-49_fixed__e000032.jpg,right,bottom_background,right,1.512542212367407e-06,0.9999984502792358,True
D:\GRIP_Dataset\New_model\Chirality_Crops\aug27_final_v2_bbox\val\right\13-49-49\images\right\right__GRIP_2026-08-27_13-49-49_fixed__e000033.jpg,right,original,right,3.488070888124639e-06,0.999996542930603,True
D:\GRIP_Dataset\New_model\Chirality_Crops\aug27_final_v2_bbox\val\right\13-49-49\images\right\right__GRIP_2026-08-27_13-49-49_fixed__e000033.jpg,right,finger_side,right,0.0721411481499672,0.9278588891029358,True
D:\GRIP_Dataset\New_model\Chirality_Crops\aug27_final_v2_bbox\val\right\13-49-49\images\right\right__GRIP_2026-08-27_13-49-49_fixed__e000033.jpg,right,cuff_side,right,6.396635581040755e-05,0.9999359846115112,True
D:\GRIP_Dataset\New_model\Chirality_Crops\aug27_final_v2_bbox\val\right\13-49-49\images\right\right__GRIP_2026-08-27_13-49-49_fixed__e000033.jpg,right,centre,right,0.005885415710508823,0.9941145777702332,True
D:\GRIP_Dataset\New_model\Chirality_Crops\aug27_final_v2_bbox\val\right\13-49-49\images\right\right__GRIP_2026-08-27_13-49-49_fixed__e000033.jpg,right,top_background,right,3.488070888124639e-06,0.999996542930603,True
D:\GRIP_Dataset\New_model\Chirality_Crops\aug27_final_v2_bbox\val\right\13-49-49\images\right\right__GRIP_2026-08-27_13-49-49_fixed__e000033.jpg,right,bottom_background,right,3.488070888124639e-06,0.999996542930603,True
D:\GRIP_Dataset\New_model\Chirality_Crops\aug27_final_v2_bbox\val\right\13-49-49\images\right\right__GRIP_2026-08-27_13-49-49_fixed__e000034.jpg,right,original,right,7.400188337669533e-07,0.9999992847442627,True
D:\GRIP_Dataset\New_model\Chirality_Crops\aug27_final_v2_bbox\val\right\13-49-49\images\right\right__GRIP_2026-08-27_13-49-49_fixed__e000034.jpg,right,finger_side,right,0.00032033948809839785,0.999679684638977,True
D:\GRIP_Dataset\New_model\Chirality_Crops\aug27_final_v2_bbox\val\right\13-49-49\images\right\right__GRIP_2026-08-27_13-49-49_fixed__e000034.jpg,right,cuff_side,right,1.386154235660797e-05,0.9999861717224121,True
D:\GRIP_Dataset\New_model\Chirality_Crops\aug27_final_v2_bbox\val\right\13-49-49\images\right\right__GRIP_2026-08-27_13-49-49_fixed__e000034.jpg,right,centre,right,0.002220830414444208,0.9977791905403137,True
D:\GRIP_Dataset\New_model\Chirality_Crops\aug27_final_v2_bbox\val\right\13-49-49\images\right\right__GRIP_2026-08-27_13-49-49_fixed__e000034.jpg,right,top_background,right,7.287633252417436e-07,0.9999992847442627,True
D:\GRIP_Dataset\New_model\Chirality_Crops\aug27_final_v2_bbox\val\right\13-49-49\images\right\right__GRIP_2026-08-27_13-49-49_fixed__e000034.jpg,right,bottom_background,right,7.234383474497008e-07,0.9999992847442627,True
D:\GRIP_Dataset\New_model\Chirality_Crops\aug27_final_v2_bbox\val\right\13-49-49\images\right\right__GRIP_2026-08-27_13-49-49_fixed__e000035.jpg,right,original,right,1.2591938684636261e-05,0.9999873638153076,True
D:\GRIP_Dataset\New_model\Chirality_Crops\aug27_final_v2_bbox\val\right\13-49-49\images\right\right__GRIP_2026-08-27_13-49-49_fixed__e000035.jpg,right,finger_side,right,0.0022015089634805918,0.997798502445221,True
D:\GRIP_Dataset\New_model\Chirality_Crops\aug27_final_v2_bbox\val\right\13-49-49\images\right\right__GRIP_2026-08-27_13-49-49_fixed__e000035.jpg,right,cuff_side,right,0.00013286215835250914,0.9998670816421509,True
D:\GRIP_Dataset\New_model\Chirality_Crops\aug27_final_v2_bbox\val\right\13-49-49\images\right\right__GRIP_2026-08-27_13-49-49_fixed__e000035.jpg,right,centre,right,0.4530755579471588,0.5469244718551636,True
D:\GRIP_Dataset\New_model\Chirality_Crops\aug27_final_v2_bbox\val\right\13-49-49\images\right\right__GRIP_2026-08-27_13-49-49_fixed__e000035.jpg,right,top_background,right,1.2591938684636261e-05,0.9999873638153076,True
D:\GRIP_Dataset\New_model\Chirality_Crops\aug27_final_v2_bbox\val\right\13-49-49\images\right\right__GRIP_2026-08-27_13-49-49_fixed__e000035.jpg,right,bottom_background,right,1.2591938684636261e-05,0.9999873638153076,True
D:\GRIP_Dataset\New_model\Chirality_Crops\aug27_final_v2_bbox\val\right\13-49-49\images\right\right__GRIP_2026-08-27_13-49-49_fixed__e000036.jpg,right,original,right,0.0004080790968146175,0.9995918869972229,True
D:\GRIP_Dataset\New_model\Chirality_Crops\aug27_final_v2_bbox\val\right\13-49-49\images\right\right__GRIP_2026-08-27_13-49-49_fixed__e000036.jpg,right,finger_side,right,0.017827335745096207,0.9821726679801941,True
D:\GRIP_Dataset\New_model\Chirality_Crops\aug27_final_v2_bbox\val\right\13-49-49\images\right\right__GRIP_2026-08-27_13-49-49_fixed__e000036.jpg,right,cuff_side,right,0.004691556561738253,0.9953084588050842,True
D:\GRIP_Dataset\New_model\Chirality_Crops\aug27_final_v2_bbox\val\right\13-49-49\images\right\right__GRIP_2026-08-27_13-49-49_fixed__e000036.jpg,right,centre,right,0.005605680868029594,0.9943943023681641,True
D:\GRIP_Dataset\New_model\Chirality_Crops\aug27_final_v2_bbox\val\right\13-49-49\images\right\right__GRIP_2026-08-27_13-49-49_fixed__e000036.jpg,right,top_background,right,0.00039208572707138956,0.9996079802513123,True
D:\GRIP_Dataset\New_model\Chirality_Crops\aug27_final_v2_bbox\val\right\13-49-49\images\right\right__GRIP_2026-08-27_13-49-49_fixed__e000036.jpg,right,bottom_background,right,0.0003960004250984639,0.9996040463447571,True
D:\GRIP_Dataset\New_model\Chirality_Crops\aug27_final_v2_bbox\val\right\13-49-49\images\right\right__GRIP_2026-08-27_13-49-49_fixed__e000037.jpg,right,original,right,6.911297418810136e-07,0.9999992847442627,True
D:\GRIP_Dataset\New_model\Chirality_Crops\aug27_final_v2_bbox\val\right\13-49-49\images\right\right__GRIP_2026-08-27_13-49-49_fixed__e000037.jpg,right,finger_side,right,0.0070975301787257195,0.9929024577140808,True
D:\GRIP_Dataset\New_model\Chirality_Crops\aug27_final_v2_bbox\val\right\13-49-49\images\right\right__GRIP_2026-08-27_13-49-49_fixed__e000037.jpg,right,cuff_side,right,4.617893409886165e-06,0.9999953508377075,True
D:\GRIP_Dataset\New_model\Chirality_Crops\aug27_final_v2_bbox\val\right\13-49-49\images\right\right__GRIP_2026-08-27_13-49-49_fixed__e000037.jpg,right,centre,right,0.002010555472224951,0.9979894161224365,True
D:\GRIP_Dataset\New_model\Chirality_Crops\aug27_final_v2_bbox\val\right\13-49-49\images\right\right__GRIP_2026-08-27_13-49-49_fixed__e000037.jpg,right,top_background,right,6.911297418810136e-07,0.9999992847442627,True
D:\GRIP_Dataset\New_model\Chirality_Crops\aug27_final_v2_bbox\val\right\13-49-49\images\right\right__GRIP_2026-08-27_13-49-49_fixed__e000037.jpg,right,bottom_background,right,6.911297418810136e-07,0.9999992847442627,True
D:\GRIP_Dataset\New_model\Chirality_Crops\aug27_final_v2_bbox\val\right\13-49-49\images\right\right__GRIP_2026-08-27_13-49-49_fixed__e000038.jpg,right,original,right,6.442905373660324e-07,0.9999994039535522,True
D:\GRIP_Dataset\New_model\Chirality_Crops\aug27_final_v2_bbox\val\right\13-49-49\images\right\right__GRIP_2026-08-27_13-49-49_fixed__e000038.jpg,right,finger_side,right,0.0017495370702818036,0.998250424861908,True
D:\GRIP_Dataset\New_model\Chirality_Crops\aug27_final_v2_bbox\val\right\13-49-49\images\right\right__GRIP_2026-08-27_13-49-49_fixed__e000038.jpg,right,cuff_side,right,1.4604242096538655e-05,0.9999853372573853,True
D:\GRIP_Dataset\New_model\Chirality_Crops\aug27_final_v2_bbox\val\right\13-49-49\images\right\right__GRIP_2026-08-27_13-49-49_fixed__e000038.jpg,right,centre,right,0.004053772427141666,0.9959462285041809,True
D:\GRIP_Dataset\New_model\Chirality_Crops\aug27_final_v2_bbox\val\right\13-49-49\images\right\right__GRIP_2026-08-27_13-49-49_fixed__e000038.jpg,right,top_background,right,6.442905373660324e-07,0.9999994039535522,True
D:\GRIP_Dataset\New_model\Chirality_Crops\aug27_final_v2_bbox\val\right\13-49-49\images\right\right__GRIP_2026-08-27_13-49-49_fixed__e000038.jpg,right,bottom_background,right,6.442905373660324e-07,0.9999994039535522,True
D:\GRIP_Dataset\New_model\Chirality_Crops\aug27_final_v2_bbox\val\right\13-49-49\images\right\right__GRIP_2026-08-27_13-49-49_fixed__e000039.jpg,right,original,right,0.003688595723360777,0.996311366558075,True
D:\GRIP_Dataset\New_model\Chirality_Crops\aug27_final_v2_bbox\val\right\13-49-49\images\right\right__GRIP_2026-08-27_13-49-49_fixed__e000039.jpg,right,finger_side,left,0.9637671709060669,0.03623288869857788,False
D:\GRIP_Dataset\New_model\Chirality_Crops\aug27_final_v2_bbox\val\right\13-49-49\images\right\right__GRIP_2026-08-27_13-49-49_fixed__e000039.jpg,right,cuff_side,right,0.006783060263842344,0.9932169318199158,True
D:\GRIP_Dataset\New_model\Chirality_Crops\aug27_final_v2_bbox\val\right\13-49-49\images\right\right__GRIP_2026-08-27_13-49-49_fixed__e000039.jpg,right,centre,left,0.9993664622306824,0.0006335022626444697,False
D:\GRIP_Dataset\New_model\Chirality_Crops\aug27_final_v2_bbox\val\right\13-49-49\images\right\right__GRIP_2026-08-27_13-49-49_fixed__e000039.jpg,right,top_background,right,0.00368907256051898,0.9963108897209167,True
D:\GRIP_Dataset\New_model\Chirality_Crops\aug27_final_v2_bbox\val\right\13-49-49\images\right\right__GRIP_2026-08-27_13-49-49_fixed__e000039.jpg,right,bottom_background,right,0.003688595723360777,0.996311366558075,True
D:\GRIP_Dataset\New_model\Chirality_Crops\aug27_final_v2_bbox\val\right\13-49-49\images\right\right__GRIP_2026-08-27_13-49-49_fixed__e000040.jpg,right,original,right,0.00031492876587435603,0.9996850490570068,True
D:\GRIP_Dataset\New_model\Chirality_Crops\aug27_final_v2_bbox\val\right\13-49-49\images\right\right__GRIP_2026-08-27_13-49-49_fixed__e000040.jpg,right,finger_side,right,0.05726784095168114,0.9427321553230286,True
D:\GRIP_Dataset\New_model\Chirality_Crops\aug27_final_v2_bbox\val\right\13-49-49\images\right\right__GRIP_2026-08-27_13-49-49_fixed__e000040.jpg,right,cuff_side,right,0.007561014499515295,0.9924389123916626,True
D:\GRIP_Dataset\New_model\Chirality_Crops\aug27_final_v2_bbox\val\right\13-49-49\images\right\right__GRIP_2026-08-27_13-49-49_fixed__e000040.jpg,right,centre,right,0.36015674471855164,0.639843225479126,True
D:\GRIP_Dataset\New_model\Chirality_Crops\aug27_final_v2_bbox\val\right\13-49-49\images\right\right__GRIP_2026-08-27_13-49-49_fixed__e000040.jpg,right,top_background,right,0.00031492876587435603,0.9996850490570068,True
D:\GRIP_Dataset\New_model\Chirality_Crops\aug27_final_v2_bbox\val\right\13-49-49\images\right\right__GRIP_2026-08-27_13-49-49_fixed__e000040.jpg,right,bottom_background,right,0.00031492876587435603,0.9996850490570068,True
D:\GRIP_Dataset\New_model\Chirality_Crops\aug27_final_v2_bbox\val\right\13-49-49\images\right\right__GRIP_2026-08-27_13-49-49_fixed__e000041.jpg,right,original,right,2.587305289125652e-06,0.9999973773956299,True
D:\GRIP_Dataset\New_model\Chirality_Crops\aug27_final_v2_bbox\val\right\13-49-49\images\right\right__GRIP_2026-08-27_13-49-49_fixed__e000041.jpg,right,finger_side,right,0.013421647250652313,0.9865782856941223,True
D:\GRIP_Dataset\New_model\Chirality_Crops\aug27_final_v2_bbox\val\right\13-49-49\images\right\right__GRIP_2026-08-27_13-49-49_fixed__e000041.jpg,right,cuff_side,right,2.415671042399481e-05,0.9999758005142212,True
D:\GRIP_Dataset\New_model\Chirality_Crops\aug27_final_v2_bbox\val\right\13-49-49\images\right\right__GRIP_2026-08-27_13-49-49_fixed__e000041.jpg,right,centre,right,0.2673029601573944,0.7326970100402832,True
D:\GRIP_Dataset\New_model\Chirality_Crops\aug27_final_v2_bbox\val\right\13-49-49\images\right\right__GRIP_2026-08-27_13-49-49_fixed__e000041.jpg,right,top_background,right,2.3760619569657138e-06,0.999997615814209,True
D:\GRIP_Dataset\New_model\Chirality_Crops\aug27_final_v2_bbox\val\right\13-49-49\images\right\right__GRIP_2026-08-27_13-49-49_fixed__e000041.jpg,right,bottom_background,right,2.6573090963211143e-06,0.9999973773956299,True
D:\GRIP_Dataset\New_model\Chirality_Crops\aug27_final_v2_bbox\val\right\13-49-49\images\right\right__GRIP_2026-08-27_13-49-49_fixed__e000042.jpg,right,original,right,1.2717331401290721e-06,0.9999986886978149,True
D:\GRIP_Dataset\New_model\Chirality_Crops\aug27_final_v2_bbox\val\right\13-49-49\images\right\right__GRIP_2026-08-27_13-49-49_fixed__e000042.jpg,right,finger_side,right,0.009856117889285088,0.990143895149231,True
D:\GRIP_Dataset\New_model\Chirality_Crops\aug27_final_v2_bbox\val\right\13-49-49\images\right\right__GRIP_2026-08-27_13-49-49_fixed__e000042.jpg,right,cuff_side,right,3.5121749533573166e-05,0.9999648332595825,True
D:\GRIP_Dataset\New_model\Chirality_Crops\aug27_final_v2_bbox\val\right\13-49-49\images\right\right__GRIP_2026-08-27_13-49-49_fixed__e000042.jpg,right,centre,right,0.08148743212223053,0.9185125827789307,True
D:\GRIP_Dataset\New_model\Chirality_Crops\aug27_final_v2_bbox\val\right\13-49-49\images\right\right__GRIP_2026-08-27_13-49-49_fixed__e000042.jpg,right,top_background,right,3.725949909494375e-06,0.9999963045120239,True
D:\GRIP_Dataset\New_model\Chirality_Crops\aug27_final_v2_bbox\val\right\13-49-49\images\right\right__GRIP_2026-08-27_13-49-49_fixed__e000042.jpg,right,bottom_background,right,6.929824394319439e-07,0.9999992847442627,True
D:\GRIP_Dataset\New_model\Chirality_Crops\aug27_final_v2_bbox\val\right\13-49-49\images\right\right__GRIP_2026-08-27_13-49-49_fixed__e000043.jpg,right,original,right,7.48661932448158e-07,0.9999992847442627,True
D:\GRIP_Dataset\New_model\Chirality_Crops\aug27_final_v2_bbox\val\right\13-49-49\images\right\right__GRIP_2026-08-27_13-49-49_fixed__e000043.jpg,right,finger_side,right,0.001942898379638791,0.9980570673942566,True
D:\GRIP_Dataset\New_model\Chirality_Crops\aug27_final_v2_bbox\val\right\13-49-49\images\right\right__GRIP_2026-08-27_13-49-49_fixed__e000043.jpg,right,cuff_side,right,2.6253442229062784e-06,0.9999973773956299,True
D:\GRIP_Dataset\New_model\Chirality_Crops\aug27_final_v2_bbox\val\right\13-49-49\images\right\right__GRIP_2026-08-27_13-49-49_fixed__e000043.jpg,right,centre,right,0.0018722123932093382,0.9981277585029602,True
D:\GRIP_Dataset\New_model\Chirality_Crops\aug27_final_v2_bbox\val\right\13-49-49\images\right\right__GRIP_2026-08-27_13-49-49_fixed__e000043.jpg,right,top_background,right,7.48661932448158e-07,0.9999992847442627,True
D:\GRIP_Dataset\New_model\Chirality_Crops\aug27_final_v2_bbox\val\right\13-49-49\images\right\right__GRIP_2026-08-27_13-49-49_fixed__e000043.jpg,right,bottom_background,right,7.48661932448158e-07,0.9999992847442627,True
D:\GRIP_Dataset\New_model\Chirality_Crops\aug27_final_v2_bbox\val\right\13-49-49\images\right\right__GRIP_2026-08-27_13-49-49_fixed__e000044.jpg,right,original,right,4.848174285143614e-05,0.9999514818191528,True
D:\GRIP_Dataset\New_model\Chirality_Crops\aug27_final_v2_bbox\val\right\13-49-49\images\right\right__GRIP_2026-08-27_13-49-49_fixed__e000044.jpg,right,finger_side,right,0.006663115695118904,0.9933369159698486,True
D:\GRIP_Dataset\New_model\Chirality_Crops\aug27_final_v2_bbox\val\right\13-49-49\images\right\right__GRIP_2026-08-27_13-49-49_fixed__e000044.jpg,right,cuff_side,right,0.00030279296333901584,0.999697208404541,True
D:\GRIP_Dataset\New_model\Chirality_Crops\aug27_final_v2_bbox\val\right\13-49-49\images\right\right__GRIP_2026-08-27_13-49-49_fixed__e000044.jpg,right,centre,right,0.01838994026184082,0.9816100597381592,True
D:\GRIP_Dataset\New_model\Chirality_Crops\aug27_final_v2_bbox\val\right\13-49-49\images\right\right__GRIP_2026-08-27_13-49-49_fixed__e000044.jpg,right,top_background,right,4.546125273918733e-05,0.9999545812606812,True
D:\GRIP_Dataset\New_model\Chirality_Crops\aug27_final_v2_bbox\val\right\13-49-49\images\right\right__GRIP_2026-08-27_13-49-49_fixed__e000044.jpg,right,bottom_background,right,4.603998604579829e-05,0.9999539852142334,True
D:\GRIP_Dataset\New_model\Chirality_Crops\aug27_final_v2_bbox\val\right\13-49-49\images\right\right__GRIP_2026-08-27_13-49-49_fixed__e000045.jpg,right,original,right,4.595931022777222e-05,0.9999539852142334,True
D:\GRIP_Dataset\New_model\Chirality_Crops\aug27_final_v2_bbox\val\right\13-49-49\images\right\right__GRIP_2026-08-27_13-49-49_fixed__e000045.jpg,right,finger_side,right,0.009421254508197308,0.9905787110328674,True
D:\GRIP_Dataset\New_model\Chirality_Crops\aug27_final_v2_bbox\val\right\13-49-49\images\right\right__GRIP_2026-08-27_13-49-49_fixed__e000045.jpg,right,cuff_side,right,0.00024083313473965973,0.9997591376304626,True
D:\GRIP_Dataset\New_model\Chirality_Crops\aug27_final_v2_bbox\val\right\13-49-49\images\right\right__GRIP_2026-08-27_13-49-49_fixed__e000045.jpg,right,centre,right,0.03601443022489548,0.9639855623245239,True
D:\GRIP_Dataset\New_model\Chirality_Crops\aug27_final_v2_bbox\val\right\13-49-49\images\right\right__GRIP_2026-08-27_13-49-49_fixed__e000045.jpg,right,top_background,right,4.3919022573390976e-05,0.9999561309814453,True
D:\GRIP_Dataset\New_model\Chirality_Crops\aug27_final_v2_bbox\val\right\13-49-49\images\right\right__GRIP_2026-08-27_13-49-49_fixed__e000045.jpg,right,bottom_background,right,4.4622567656915635e-05,0.999955415725708,True
D:\GRIP_Dataset\New_model\Chirality_Crops\aug27_final_v2_bbox\val\right\13-49-49\images\right\right__GRIP_2026-08-27_13-49-49_fixed__e000046.jpg,right,original,right,2.2831459318695124e-06,0.9999977350234985,True
D:\GRIP_Dataset\New_model\Chirality_Crops\aug27_final_v2_bbox\val\right\13-49-49\images\right\right__GRIP_2026-08-27_13-49-49_fixed__e000046.jpg,right,finger_side,right,0.0018644470255821943,0.9981355667114258,True
D:\GRIP_Dataset\New_model\Chirality_Crops\aug27_final_v2_bbox\val\right\13-49-49\images\right\right__GRIP_2026-08-27_13-49-49_fixed__e000046.jpg,right,cuff_side,right,2.7668858820106834e-05,0.9999723434448242,True
D:\GRIP_Dataset\New_model\Chirality_Crops\aug27_final_v2_bbox\val\right\13-49-49\images\right\right__GRIP_2026-08-27_13-49-49_fixed__e000046.jpg,right,centre,right,0.0012839987175539136,0.9987159967422485,True
D:\GRIP_Dataset\New_model\Chirality_Crops\aug27_final_v2_bbox\val\right\13-49-49\images\right\right__GRIP_2026-08-27_13-49-49_fixed__e000046.jpg,right,top_background,right,2.2831459318695124e-06,0.9999977350234985,True
D:\GRIP_Dataset\New_model\Chirality_Crops\aug27_final_v2_bbox\val\right\13-49-49\images\right\right__GRIP_2026-08-27_13-49-49_fixed__e000046.jpg,right,bottom_background,right,2.2831459318695124e-06,0.9999977350234985,True
D:\GRIP_Dataset\New_model\Chirality_Crops\aug27_final_v2_bbox\val\right\13-49-49\images\right\right__GRIP_2026-08-27_13-49-49_fixed__e000047.jpg,right,original,right,8.530996274203062e-05,0.9999146461486816,True
D:\GRIP_Dataset\New_model\Chirality_Crops\aug27_final_v2_bbox\val\right\13-49-49\images\right\right__GRIP_2026-08-27_13-49-49_fixed__e000047.jpg,right,finger_side,right,0.0013270879862830043,0.9986729621887207,True
D:\GRIP_Dataset\New_model\Chirality_Crops\aug27_final_v2_bbox\val\right\13-49-49\images\right\right__GRIP_2026-08-27_13-49-49_fixed__e000047.jpg,right,cuff_side,right,0.0006165815866552293,0.9993834495544434,True
D:\GRIP_Dataset\New_model\Chirality_Crops\aug27_final_v2_bbox\val\right\13-49-49\images\right\right__GRIP_2026-08-27_13-49-49_fixed__e000047.jpg,right,centre,right,0.02351546473801136,0.9764845967292786,True
D:\GRIP_Dataset\New_model\Chirality_Crops\aug27_final_v2_bbox\val\right\13-49-49\images\right\right__GRIP_2026-08-27_13-49-49_fixed__e000047.jpg,right,top_background,right,8.212519605876878e-05,0.9999178647994995,True
D:\GRIP_Dataset\New_model\Chirality_Crops\aug27_final_v2_bbox\val\right\13-49-49\images\right\right__GRIP_2026-08-27_13-49-49_fixed__e000047.jpg,right,bottom_background,right,8.238875307142735e-05,0.9999176263809204,True
D:\GRIP_Dataset\New_model\Chirality_Crops\aug27_final_v2_bbox\val\right\13-49-49\images\right\right__GRIP_2026-08-27_13-49-49_fixed__e000048.jpg,right,original,right,2.1063799522380577e-06,0.9999978542327881,True
D:\GRIP_Dataset\New_model\Chirality_Crops\aug27_final_v2_bbox\val\right\13-49-49\images\right\right__GRIP_2026-08-27_13-49-49_fixed__e000048.jpg,right,finger_side,right,0.004135472234338522,0.9958645105361938,True
D:\GRIP_Dataset\New_model\Chirality_Crops\aug27_final_v2_bbox\val\right\13-49-49\images\right\right__GRIP_2026-08-27_13-49-49_fixed__e000048.jpg,right,cuff_side,right,8.707201050128788e-05,0.9999129772186279,True
D:\GRIP_Dataset\New_model\Chirality_Crops\aug27_final_v2_bbox\val\right\13-49-49\images\right\right__GRIP_2026-08-27_13-49-49_fixed__e000048.jpg,right,centre,right,0.0021599321626126766,0.9978400468826294,True
D:\GRIP_Dataset\New_model\Chirality_Crops\aug27_final_v2_bbox\val\right\13-49-49\images\right\right__GRIP_2026-08-27_13-49-49_fixed__e000048.jpg,right,top_background,right,2.1063799522380577e-06,0.9999978542327881,True
D:\GRIP_Dataset\New_model\Chirality_Crops\aug27_final_v2_bbox\val\right\13-49-49\images\right\right__GRIP_2026-08-27_13-49-49_fixed__e000048.jpg,right,bottom_background,right,2.1063799522380577e-06,0.9999978542327881,True
D:\GRIP_Dataset\New_model\Chirality_Crops\aug27_final_v2_bbox\val\right\13-49-49\images\right\right__GRIP_2026-08-27_13-49-49_fixed__e000049.jpg,right,original,right,5.037955475017952e-07,0.9999995231628418,True
D:\GRIP_Dataset\New_model\Chirality_Crops\aug27_final_v2_bbox\val\right\13-49-49\images\right\right__GRIP_2026-08-27_13-49-49_fixed__e000049.jpg,right,finger_side,right,0.0028745762538164854,0.9971254467964172,True
D:\GRIP_Dataset\New_model\Chirality_Crops\aug27_final_v2_bbox\val\right\13-49-49\images\right\right__GRIP_2026-08-27_13-49-49_fixed__e000049.jpg,right,cuff_side,right,1.3886364286008757e-05,0.9999861717224121,True
D:\GRIP_Dataset\New_model\Chirality_Crops\aug27_final_v2_bbox\val\right\13-49-49\images\right\right__GRIP_2026-08-27_13-49-49_fixed__e000049.jpg,right,centre,right,0.007639881689101458,0.9923601746559143,True
D:\GRIP_Dataset\New_model\Chirality_Crops\aug27_final_v2_bbox\val\right\13-49-49\images\right\right__GRIP_2026-08-27_13-49-49_fixed__e000049.jpg,right,top_background,right,5.037955475017952e-07,0.9999995231628418,True
D:\GRIP_Dataset\New_model\Chirality_Crops\aug27_final_v2_bbox\val\right\13-49-49\images\right\right__GRIP_2026-08-27_13-49-49_fixed__e000049.jpg,right,bottom_background,right,5.037955475017952e-07,0.9999995231628418,True
D:\GRIP_Dataset\New_model\Chirality_Crops\aug27_final_v2_bbox\val\right\13-49-49\images\right\right__GRIP_2026-08-27_13-49-49_fixed__e000050.jpg,right,original,right,2.4609728370705852e-06,0.9999974966049194,True
D:\GRIP_Dataset\New_model\Chirality_Crops\aug27_final_v2_bbox\val\right\13-49-49\images\right\right__GRIP_2026-08-27_13-49-49_fixed__e000050.jpg,right,finger_side,right,0.0016983795212581754,0.99830162525177,True
D:\GRIP_Dataset\New_model\Chirality_Crops\aug27_final_v2_bbox\val\right\13-49-49\images\right\right__GRIP_2026-08-27_13-49-49_fixed__e000050.jpg,right,cuff_side,right,2.451793261570856e-05,0.9999754428863525,True
D:\GRIP_Dataset\New_model\Chirality_Crops\aug27_final_v2_bbox\val\right\13-49-49\images\right\right__GRIP_2026-08-27_13-49-49_fixed__e000050.jpg,right,centre,right,0.0012651369906961918,0.9987348914146423,True
D:\GRIP_Dataset\New_model\Chirality_Crops\aug27_final_v2_bbox\val\right\13-49-49\images\right\right__GRIP_2026-08-27_13-49-49_fixed__e000050.jpg,right,top_background,right,2.4609728370705852e-06,0.9999974966049194,True
D:\GRIP_Dataset\New_model\Chirality_Crops\aug27_final_v2_bbox\val\right\13-49-49\images\right\right__GRIP_2026-08-27_13-49-49_fixed__e000050.jpg,right,bottom_background,right,2.4609728370705852e-06,0.9999974966049194,True
D:\GRIP_Dataset\New_model\Chirality_Crops\aug27_final_v2_bbox\val\right\13-49-49\images\right\right__GRIP_2026-08-27_13-49-49_fixed__e000051.jpg,right,original,right,2.952242311948794e-06,0.9999970197677612,True
D:\GRIP_Dataset\New_model\Chirality_Crops\aug27_final_v2_bbox\val\right\13-49-49\images\right\right__GRIP_2026-08-27_13-49-49_fixed__e000051.jpg,right,finger_side,right,0.00408744253218174,0.995912492275238,True
D:\GRIP_Dataset\New_model\Chirality_Crops\aug27_final_v2_bbox\val\right\13-49-49\images\right\right__GRIP_2026-08-27_13-49-49_fixed__e000051.jpg,right,cuff_side,right,0.00011597417324082926,0.9998840093612671,True
D:\GRIP_Dataset\New_model\Chirality_Crops\aug27_final_v2_bbox\val\right\13-49-49\images\right\right__GRIP_2026-08-27_13-49-49_fixed__e000051.jpg,right,centre,right,0.005225088447332382,0.9947749376296997,True
D:\GRIP_Dataset\New_model\Chirality_Crops\aug27_final_v2_bbox\val\right\13-49-49\images\right\right__GRIP_2026-08-27_13-49-49_fixed__e000051.jpg,right,top_background,right,2.952242311948794e-06,0.9999970197677612,True
D:\GRIP_Dataset\New_model\Chirality_Crops\aug27_final_v2_bbox\val\right\13-49-49\images\right\right__GRIP_2026-08-27_13-49-49_fixed__e000051.jpg,right,bottom_background,right,2.952242311948794e-06,0.9999970197677612,True
D:\GRIP_Dataset\New_model\Chirality_Crops\aug27_final_v2_bbox\val\right\13-49-49\images\right\right__GRIP_2026-08-27_13-49-49_fixed__e000052.jpg,right,original,right,3.911059593519894e-06,0.9999960660934448,True
D:\GRIP_Dataset\New_model\Chirality_Crops\aug27_final_v2_bbox\val\right\13-49-49\images\right\right__GRIP_2026-08-27_13-49-49_fixed__e000052.jpg,right,finger_side,right,0.004865155089646578,0.9951348900794983,True
D:\GRIP_Dataset\New_model\Chirality_Crops\aug27_final_v2_bbox\val\right\13-49-49\images\right\right__GRIP_2026-08-27_13-49-49_fixed__e000052.jpg,right,cuff_side,right,3.8996917282929644e-05,0.9999610185623169,True
D:\GRIP_Dataset\New_model\Chirality_Crops\aug27_final_v2_bbox\val\right\13-49-49\images\right\right__GRIP_2026-08-27_13-49-49_fixed__e000052.jpg,right,centre,right,0.0016936177853494883,0.998306393623352,True
D:\GRIP_Dataset\New_model\Chirality_Crops\aug27_final_v2_bbox\val\right\13-49-49\images\right\right__GRIP_2026-08-27_13-49-49_fixed__e000052.jpg,right,top_background,right,3.911059593519894e-06,0.9999960660934448,True
D:\GRIP_Dataset\New_model\Chirality_Crops\aug27_final_v2_bbox\val\right\13-49-49\images\right\right__GRIP_2026-08-27_13-49-49_fixed__e000052.jpg,right,bottom_background,right,3.911059593519894e-06,0.9999960660934448,True
D:\GRIP_Dataset\New_model\Chirality_Crops\aug27_final_v2_bbox\val\right\13-49-49\images\right\right__GRIP_2026-08-27_13-49-49_fixed__e000053.jpg,right,original,right,3.976713287556777e-06,0.9999960660934448,True
D:\GRIP_Dataset\New_model\Chirality_Crops\aug27_final_v2_bbox\val\right\13-49-49\images\right\right__GRIP_2026-08-27_13-49-49_fixed__e000053.jpg,right,finger_side,right,0.0009817928075790405,0.9990181922912598,True
D:\GRIP_Dataset\New_model\Chirality_Crops\aug27_final_v2_bbox\val\right\13-49-49\images\right\right__GRIP_2026-08-27_13-49-49_fixed__e000053.jpg,right,cuff_side,right,0.000258799729635939,0.9997411370277405,True
D:\GRIP_Dataset\New_model\Chirality_Crops\aug27_final_v2_bbox\val\right\13-49-49\images\right\right__GRIP_2026-08-27_13-49-49_fixed__e000053.jpg,right,centre,right,0.0001643646537559107,0.9998356103897095,True
D:\GRIP_Dataset\New_model\Chirality_Crops\aug27_final_v2_bbox\val\right\13-49-49\images\right\right__GRIP_2026-08-27_13-49-49_fixed__e000053.jpg,right,top_background,right,3.976713287556777e-06,0.9999960660934448,True
D:\GRIP_Dataset\New_model\Chirality_Crops\aug27_final_v2_bbox\val\right\13-49-49\images\right\right__GRIP_2026-08-27_13-49-49_fixed__e000053.jpg,right,bottom_background,right,3.976713287556777e-06,0.9999960660934448,True
D:\GRIP_Dataset\New_model\Chirality_Crops\aug27_final_v2_bbox\val\right\13-49-49\images\right\right__GRIP_2026-08-27_13-49-49_fixed__e000054.jpg,right,original,right,1.5523632100666873e-05,0.9999845027923584,True
D:\GRIP_Dataset\New_model\Chirality_Crops\aug27_final_v2_bbox\val\right\13-49-49\images\right\right__GRIP_2026-08-27_13-49-49_fixed__e000054.jpg,right,finger_side,right,0.0043561109341681,0.9956438541412354,True
D:\GRIP_Dataset\New_model\Chirality_Crops\aug27_final_v2_bbox\val\right\13-49-49\images\right\right__GRIP_2026-08-27_13-49-49_fixed__e000054.jpg,right,cuff_side,right,5.6368451623711735e-05,0.9999436140060425,True
D:\GRIP_Dataset\New_model\Chirality_Crops\aug27_final_v2_bbox\val\right\13-49-49\images\right\right__GRIP_2026-08-27_13-49-49_fixed__e000054.jpg,right,centre,right,0.0002672044502105564,0.9997327923774719,True
D:\GRIP_Dataset\New_model\Chirality_Crops\aug27_final_v2_bbox\val\right\13-49-49\images\right\right__GRIP_2026-08-27_13-49-49_fixed__e000054.jpg,right,top_background,right,2.1628604372381233e-05,0.9999784231185913,True
D:\GRIP_Dataset\New_model\Chirality_Crops\aug27_final_v2_bbox\val\right\13-49-49\images\right\right__GRIP_2026-08-27_13-49-49_fixed__e000054.jpg,right,bottom_background,right,4.6668214054079726e-05,0.9999533891677856,True
D:\GRIP_Dataset\New_model\Chirality_Crops\aug27_final_v2_bbox\val\right\13-49-49\images\right\right__GRIP_2026-08-27_13-49-49_fixed__e000055.jpg,right,original,right,3.539599492796697e-05,0.9999645948410034,True
D:\GRIP_Dataset\New_model\Chirality_Crops\aug27_final_v2_bbox\val\right\13-49-49\images\right\right__GRIP_2026-08-27_13-49-49_fixed__e000055.jpg,right,finger_side,right,0.1053745225071907,0.8946254849433899,True
D:\GRIP_Dataset\New_model\Chirality_Crops\aug27_final_v2_bbox\val\right\13-49-49\images\right\right__GRIP_2026-08-27_13-49-49_fixed__e000055.jpg,right,cuff_side,right,0.0003304707643110305,0.9996695518493652,True
D:\GRIP_Dataset\New_model\Chirality_Crops\aug27_final_v2_bbox\val\right\13-49-49\images\right\right__GRIP_2026-08-27_13-49-49_fixed__e000055.jpg,right,centre,right,0.022204015403985977,0.9777960181236267,True
D:\GRIP_Dataset\New_model\Chirality_Crops\aug27_final_v2_bbox\val\right\13-49-49\images\right\right__GRIP_2026-08-27_13-49-49_fixed__e000055.jpg,right,top_background,right,3.539599492796697e-05,0.9999645948410034,True
D:\GRIP_Dataset\New_model\Chirality_Crops\aug27_final_v2_bbox\val\right\13-49-49\images\right\right__GRIP_2026-08-27_13-49-49_fixed__e000055.jpg,right,bottom_background,right,3.539599492796697e-05,0.9999645948410034,True
D:\GRIP_Dataset\New_model\Chirality_Crops\aug27_final_v2_bbox\val\right\13-49-49\images\right\right__GRIP_2026-08-27_13-49-49_fixed__e000056.jpg,right,original,right,1.6719977224965987e-07,0.9999998807907104,True
D:\GRIP_Dataset\New_model\Chirality_Crops\aug27_final_v2_bbox\val\right\13-49-49\images\right\right__GRIP_2026-08-27_13-49-49_fixed__e000056.jpg,right,finger_side,right,0.002845147857442498,0.9971548318862915,True
D:\GRIP_Dataset\New_model\Chirality_Crops\aug27_final_v2_bbox\val\right\13-49-49\images\right\right__GRIP_2026-08-27_13-49-49_fixed__e000056.jpg,right,cuff_side,right,4.0414561226498336e-06,0.9999959468841553,True
D:\GRIP_Dataset\New_model\Chirality_Crops\aug27_final_v2_bbox\val\right\13-49-49\images\right\right__GRIP_2026-08-27_13-49-49_fixed__e000056.jpg,right,centre,right,0.0020604627206921577,0.9979395270347595,True
D:\GRIP_Dataset\New_model\Chirality_Crops\aug27_final_v2_bbox\val\right\13-49-49\images\right\right__GRIP_2026-08-27_13-49-49_fixed__e000056.jpg,right,top_background,right,1.6719977224965987e-07,0.9999998807907104,True
D:\GRIP_Dataset\New_model\Chirality_Crops\aug27_final_v2_bbox\val\right\13-49-49\images\right\right__GRIP_2026-08-27_13-49-49_fixed__e000056.jpg,right,bottom_background,right,1.6719977224965987e-07,0.9999998807907104,True
D:\GRIP_Dataset\New_model\Chirality_Crops\aug27_final_v2_bbox\val\right\13-49-49\images\right\right__GRIP_2026-08-27_13-49-49_fixed__e000057.jpg,right,original,right,2.8930296593898674e-06,0.9999971389770508,True
D:\GRIP_Dataset\New_model\Chirality_Crops\aug27_final_v2_bbox\val\right\13-49-49\images\right\right__GRIP_2026-08-27_13-49-49_fixed__e000057.jpg,right,finger_side,right,0.00445115752518177,0.9955488443374634,True
D:\GRIP_Dataset\New_model\Chirality_Crops\aug27_final_v2_bbox\val\right\13-49-49\images\right\right__GRIP_2026-08-27_13-49-49_fixed__e000057.jpg,right,cuff_side,right,1.2437302757462021e-05,0.9999876022338867,True
D:\GRIP_Dataset\New_model\Chirality_Crops\aug27_final_v2_bbox\val\right\13-49-49\images\right\right__GRIP_2026-08-27_13-49-49_fixed__e000057.jpg,right,centre,right,0.010411296039819717,0.989588737487793,True
D:\GRIP_Dataset\New_model\Chirality_Crops\aug27_final_v2_bbox\val\right\13-49-49\images\right\right__GRIP_2026-08-27_13-49-49_fixed__e000057.jpg,right,top_background,right,2.8930296593898674e-06,0.9999971389770508,True
D:\GRIP_Dataset\New_model\Chirality_Crops\aug27_final_v2_bbox\val\right\13-49-49\images\right\right__GRIP_2026-08-27_13-49-49_fixed__e000057.jpg,right,bottom_background,right,2.8930296593898674e-06,0.9999971389770508,True
D:\GRIP_Dataset\New_model\Chirality_Crops\aug27_final_v2_bbox\val\right\13-49-49\images\right\right__GRIP_2026-08-27_13-49-49_fixed__e000058.jpg,right,original,right,2.625138506573421e-07,0.9999997615814209,True
D:\GRIP_Dataset\New_model\Chirality_Crops\aug27_final_v2_bbox\val\right\13-49-49\images\right\right__GRIP_2026-08-27_13-49-49_fixed__e000058.jpg,right,finger_side,right,0.0006354222423397005,0.9993645548820496,True
D:\GRIP_Dataset\New_model\Chirality_Crops\aug27_final_v2_bbox\val\right\13-49-49\images\right\right__GRIP_2026-08-27_13-49-49_fixed__e000058.jpg,right,cuff_side,right,4.7665116653661244e-07,0.9999995231628418,True
D:\GRIP_Dataset\New_model\Chirality_Crops\aug27_final_v2_bbox\val\right\13-49-49\images\right\right__GRIP_2026-08-27_13-49-49_fixed__e000058.jpg,right,centre,right,0.0014783581718802452,0.998521625995636,True
D:\GRIP_Dataset\New_model\Chirality_Crops\aug27_final_v2_bbox\val\right\13-49-49\images\right\right__GRIP_2026-08-27_13-49-49_fixed__e000058.jpg,right,top_background,right,2.625138506573421e-07,0.9999997615814209,True
D:\GRIP_Dataset\New_model\Chirality_Crops\aug27_final_v2_bbox\val\right\13-49-49\images\right\right__GRIP_2026-08-27_13-49-49_fixed__e000058.jpg,right,bottom_background,right,2.625138506573421e-07,0.9999997615814209,True
D:\GRIP_Dataset\New_model\Chirality_Crops\aug27_final_v2_bbox\val\right\13-49-49\images\right\right__GRIP_2026-08-27_13-49-49_fixed__e000060.jpg,right,original,right,4.1608529954828555e-07,0.9999996423721313,True
D:\GRIP_Dataset\New_model\Chirality_Crops\aug27_final_v2_bbox\val\right\13-49-49\images\right\right__GRIP_2026-08-27_13-49-49_fixed__e000060.jpg,right,finger_side,right,0.0016662355046719313,0.998333752155304,True
D:\GRIP_Dataset\New_model\Chirality_Crops\aug27_final_v2_bbox\val\right\13-49-49\images\right\right__GRIP_2026-08-27_13-49-49_fixed__e000060.jpg,right,cuff_side,right,2.4486237180099124e-06,0.9999974966049194,True
D:\GRIP_Dataset\New_model\Chirality_Crops\aug27_final_v2_bbox\val\right\13-49-49\images\right\right__GRIP_2026-08-27_13-49-49_fixed__e000060.jpg,right,centre,right,0.0011427804129198194,0.9988572597503662,True
D:\GRIP_Dataset\New_model\Chirality_Crops\aug27_final_v2_bbox\val\right\13-49-49\images\right\right__GRIP_2026-08-27_13-49-49_fixed__e000060.jpg,right,top_background,right,4.1608529954828555e-07,0.9999996423721313,True
D:\GRIP_Dataset\New_model\Chirality_Crops\aug27_final_v2_bbox\val\right\13-49-49\images\right\right__GRIP_2026-08-27_13-49-49_fixed__e000060.jpg,right,bottom_background,right,4.1608529954828555e-07,0.9999996423721313,True
D:\GRIP_Dataset\New_model\Chirality_Crops\aug27_final_v2_bbox\val\right\13-49-49\images\right\right__GRIP_2026-08-27_13-49-49_fixed__e000061.jpg,right,original,right,1.4982332459112513e-06,0.9999984502792358,True
D:\GRIP_Dataset\New_model\Chirality_Crops\aug27_final_v2_bbox\val\right\13-49-49\images\right\right__GRIP_2026-08-27_13-49-49_fixed__e000061.jpg,right,finger_side,right,0.0009725402342155576,0.9990274906158447,True
D:\GRIP_Dataset\New_model\Chirality_Crops\aug27_final_v2_bbox\val\right\13-49-49\images\right\right__GRIP_2026-08-27_13-49-49_fixed__e000061.jpg,right,cuff_side,right,1.962763417395763e-05,0.9999803304672241,True
D:\GRIP_Dataset\New_model\Chirality_Crops\aug27_final_v2_bbox\val\right\13-49-49\images\right\right__GRIP_2026-08-27_13-49-49_fixed__e000061.jpg,right,centre,right,0.05073985084891319,0.9492601156234741,True
D:\GRIP_Dataset\New_model\Chirality_Crops\aug27_final_v2_bbox\val\right\13-49-49\images\right\right__GRIP_2026-08-27_13-49-49_fixed__e000061.jpg,right,top_background,right,1.4982332459112513e-06,0.9999984502792358,True
D:\GRIP_Dataset\New_model\Chirality_Crops\aug27_final_v2_bbox\val\right\13-49-49\images\right\right__GRIP_2026-08-27_13-49-49_fixed__e000061.jpg,right,bottom_background,right,1.4982332459112513e-06,0.9999984502792358,True
D:\GRIP_Dataset\New_model\Chirality_Crops\aug27_final_v2_bbox\val\right\13-49-49\images\right\right__GRIP_2026-08-27_13-49-49_fixed__e000062.jpg,right,original,right,8.802962270237913e-07,0.9999991655349731,True
D:\GRIP_Dataset\New_model\Chirality_Crops\aug27_final_v2_bbox\val\right\13-49-49\images\right\right__GRIP_2026-08-27_13-49-49_fixed__e000062.jpg,right,finger_side,right,0.003401100868359208,0.9965988993644714,True
D:\GRIP_Dataset\New_model\Chirality_Crops\aug27_final_v2_bbox\val\right\13-49-49\images\right\right__GRIP_2026-08-27_13-49-49_fixed__e000062.jpg,right,cuff_side,right,1.1132187864859588e-05,0.9999889135360718,True
D:\GRIP_Dataset\New_model\Chirality_Crops\aug27_final_v2_bbox\val\right\13-49-49\images\right\right__GRIP_2026-08-27_13-49-49_fixed__e000062.jpg,right,centre,right,0.04344423487782478,0.9565557837486267,True
D:\GRIP_Dataset\New_model\Chirality_Crops\aug27_final_v2_bbox\val\right\13-49-49\images\right\right__GRIP_2026-08-27_13-49-49_fixed__e000062.jpg,right,top_background,right,9.883927987175412e-07,0.9999990463256836,True
D:\GRIP_Dataset\New_model\Chirality_Crops\aug27_final_v2_bbox\val\right\13-49-49\images\right\right__GRIP_2026-08-27_13-49-49_fixed__e000062.jpg,right,bottom_background,right,7.724630677330424e-07,0.9999992847442627,True
D:\GRIP_Dataset\New_model\Chirality_Crops\aug27_final_v2_bbox\val\right\13-49-49\images\right\right__GRIP_2026-08-27_13-49-49_fixed__e000063.jpg,right,original,right,1.0388682625261936e-07,0.9999998807907104,True
D:\GRIP_Dataset\New_model\Chirality_Crops\aug27_final_v2_bbox\val\right\13-49-49\images\right\right__GRIP_2026-08-27_13-49-49_fixed__e000063.jpg,right,finger_side,right,0.0030380142852663994,0.9969620108604431,True
D:\GRIP_Dataset\New_model\Chirality_Crops\aug27_final_v2_bbox\val\right\13-49-49\images\right\right__GRIP_2026-08-27_13-49-49_fixed__e000063.jpg,right,cuff_side,right,2.4627736365800956e-06,0.9999974966049194,True
D:\GRIP_Dataset\New_model\Chirality_Crops\aug27_final_v2_bbox\val\right\13-49-49\images\right\right__GRIP_2026-08-27_13-49-49_fixed__e000063.jpg,right,centre,right,0.00024585702340118587,0.9997541308403015,True
D:\GRIP_Dataset\New_model\Chirality_Crops\aug27_final_v2_bbox\val\right\13-49-49\images\right\right__GRIP_2026-08-27_13-49-49_fixed__e000063.jpg,right,top_background,right,1.0388682625261936e-07,0.9999998807907104,True
D:\GRIP_Dataset\New_model\Chirality_Crops\aug27_final_v2_bbox\val\right\13-49-49\images\right\right__GRIP_2026-08-27_13-49-49_fixed__e000063.jpg,right,bottom_background,right,1.0388682625261936e-07,0.9999998807907104,True
D:\GRIP_Dataset\New_model\Chirality_Crops\aug27_final_v2_bbox\val\right\13-49-49\images\right\right__GRIP_2026-08-27_13-49-49_fixed__e000064.jpg,right,original,right,0.00017965229926630855,0.9998204112052917,True
D:\GRIP_Dataset\New_model\Chirality_Crops\aug27_final_v2_bbox\val\right\13-49-49\images\right\right__GRIP_2026-08-27_13-49-49_fixed__e000064.jpg,right,finger_side,right,0.009714539162814617,0.9902854561805725,True
D:\GRIP_Dataset\New_model\Chirality_Crops\aug27_final_v2_bbox\val\right\13-49-49\images\right\right__GRIP_2026-08-27_13-49-49_fixed__e000064.jpg,right,cuff_side,right,0.00018008859478868544,0.9998199343681335,True
D:\GRIP_Dataset\New_model\Chirality_Crops\aug27_final_v2_bbox\val\right\13-49-49\images\right\right__GRIP_2026-08-27_13-49-49_fixed__e000064.jpg,right,centre,right,0.009638394229114056,0.9903615713119507,True
D:\GRIP_Dataset\New_model\Chirality_Crops\aug27_final_v2_bbox\val\right\13-49-49\images\right\right__GRIP_2026-08-27_13-49-49_fixed__e000064.jpg,right,top_background,right,0.00017789500998333097,0.9998220801353455,True
D:\GRIP_Dataset\New_model\Chirality_Crops\aug27_final_v2_bbox\val\right\13-49-49\images\right\right__GRIP_2026-08-27_13-49-49_fixed__e000064.jpg,right,bottom_background,right,0.00018733296019490808,0.999812662601471,True
D:\GRIP_Dataset\New_model\Chirality_Crops\aug27_final_v2_bbox\val\right\13-49-49\images\right\right__GRIP_2026-08-27_13-49-49_fixed__e000065.jpg,right,original,right,4.265283860149793e-05,0.9999573230743408,True
D:\GRIP_Dataset\New_model\Chirality_Crops\aug27_final_v2_bbox\val\right\13-49-49\images\right\right__GRIP_2026-08-27_13-49-49_fixed__e000065.jpg,right,finger_side,right,0.0005188952200114727,0.9994811415672302,True
D:\GRIP_Dataset\New_model\Chirality_Crops\aug27_final_v2_bbox\val\right\13-49-49\images\right\right__GRIP_2026-08-27_13-49-49_fixed__e000065.jpg,right,cuff_side,right,0.00033119620638899505,0.9996688365936279,True
D:\GRIP_Dataset\New_model\Chirality_Crops\aug27_final_v2_bbox\val\right\13-49-49\images\right\right__GRIP_2026-08-27_13-49-49_fixed__e000065.jpg,right,centre,right,0.006596636027097702,0.9934033751487732,True
D:\GRIP_Dataset\New_model\Chirality_Crops\aug27_final_v2_bbox\val\right\13-49-49\images\right\right__GRIP_2026-08-27_13-49-49_fixed__e000065.jpg,right,top_background,right,4.271536454325542e-05,0.9999573230743408,True
D:\GRIP_Dataset\New_model\Chirality_Crops\aug27_final_v2_bbox\val\right\13-49-49\images\right\right__GRIP_2026-08-27_13-49-49_fixed__e000065.jpg,right,bottom_background,right,4.147885556449182e-05,0.9999585151672363,True
D:\GRIP_Dataset\New_model\Chirality_Crops\aug27_final_v2_bbox\val\right\13-49-49\images\right\right__GRIP_2026-08-27_13-49-49_fixed__e000066.jpg,right,original,right,5.777603746537352e-06,0.9999942779541016,True
D:\GRIP_Dataset\New_model\Chirality_Crops\aug27_final_v2_bbox\val\right\13-49-49\images\right\right__GRIP_2026-08-27_13-49-49_fixed__e000066.jpg,right,finger_side,right,0.0013151047751307487,0.9986849427223206,True
D:\GRIP_Dataset\New_model\Chirality_Crops\aug27_final_v2_bbox\val\right\13-49-49\images\right\right__GRIP_2026-08-27_13-49-49_fixed__e000066.jpg,right,cuff_side,right,0.0011260438477620482,0.9988738894462585,True
D:\GRIP_Dataset\New_model\Chirality_Crops\aug27_final_v2_bbox\val\right\13-49-49\images\right\right__GRIP_2026-08-27_13-49-49_fixed__e000066.jpg,right,centre,left,0.8540279865264893,0.14597204327583313,False
D:\GRIP_Dataset\New_model\Chirality_Crops\aug27_final_v2_bbox\val\right\13-49-49\images\right\right__GRIP_2026-08-27_13-49-49_fixed__e000066.jpg,right,top_background,right,5.777603746537352e-06,0.9999942779541016,True
D:\GRIP_Dataset\New_model\Chirality_Crops\aug27_final_v2_bbox\val\right\13-49-49\images\right\right__GRIP_2026-08-27_13-49-49_fixed__e000066.jpg,right,bottom_background,right,5.777603746537352e-06,0.9999942779541016,True
D:\GRIP_Dataset\New_model\Chirality_Crops\aug27_final_v2_bbox\val\right\13-49-49\images\right\right__GRIP_2026-08-27_13-49-49_fixed__e000067.jpg,right,original,right,4.346208515926264e-05,0.999956488609314,True
D:\GRIP_Dataset\New_model\Chirality_Crops\aug27_final_v2_bbox\val\right\13-49-49\images\right\right__GRIP_2026-08-27_13-49-49_fixed__e000067.jpg,right,finger_side,right,0.04227761924266815,0.9577223658561707,True
D:\GRIP_Dataset\New_model\Chirality_Crops\aug27_final_v2_bbox\val\right\13-49-49\images\right\right__GRIP_2026-08-27_13-49-49_fixed__e000067.jpg,right,cuff_side,right,3.9841685065766796e-05,0.99996018409729,True
D:\GRIP_Dataset\New_model\Chirality_Crops\aug27_final_v2_bbox\val\right\13-49-49\images\right\right__GRIP_2026-08-27_13-49-49_fixed__e000067.jpg,right,centre,right,0.02544516697525978,0.9745547771453857,True
D:\GRIP_Dataset\New_model\Chirality_Crops\aug27_final_v2_bbox\val\right\13-49-49\images\right\right__GRIP_2026-08-27_13-49-49_fixed__e000067.jpg,right,top_background,right,4.1846244130283594e-05,0.9999581575393677,True
D:\GRIP_Dataset\New_model\Chirality_Crops\aug27_final_v2_bbox\val\right\13-49-49\images\right\right__GRIP_2026-08-27_13-49-49_fixed__e000067.jpg,right,bottom_background,right,4.1796545701799914e-05,0.9999581575393677,True
D:\GRIP_Dataset\New_model\Chirality_Crops\aug27_final_v2_bbox\val\right\13-49-49\images\right\right__GRIP_2026-08-27_13-49-49_fixed__e000068.jpg,right,original,right,1.4195492440194357e-05,0.9999858140945435,True
D:\GRIP_Dataset\New_model\Chirality_Crops\aug27_final_v2_bbox\val\right\13-49-49\images\right\right__GRIP_2026-08-27_13-49-49_fixed__e000068.jpg,right,finger_side,right,0.003164561465382576,0.9968354105949402,True
D:\GRIP_Dataset\New_model\Chirality_Crops\aug27_final_v2_bbox\val\right\13-49-49\images\right\right__GRIP_2026-08-27_13-49-49_fixed__e000068.jpg,right,cuff_side,right,9.760286957316566e-06,0.9999902248382568,True
D:\GRIP_Dataset\New_model\Chirality_Crops\aug27_final_v2_bbox\val\right\13-49-49\images\right\right__GRIP_2026-08-27_13-49-49_fixed__e000068.jpg,right,centre,right,0.0005404088296927512,0.9994595646858215,True
D:\GRIP_Dataset\New_model\Chirality_Crops\aug27_final_v2_bbox\val\right\13-49-49\images\right\right__GRIP_2026-08-27_13-49-49_fixed__e000068.jpg,right,top_background,right,1.3112418855598662e-05,0.9999868869781494,True
D:\GRIP_Dataset\New_model\Chirality_Crops\aug27_final_v2_bbox\val\right\13-49-49\images\right\right__GRIP_2026-08-27_13-49-49_fixed__e000068.jpg,right,bottom_background,right,1.8970249584526755e-05,0.9999810457229614,True
D:\GRIP_Dataset\New_model\Chirality_Crops\aug27_final_v2_bbox\val\right\13-49-49\images\right\right__GRIP_2026-08-27_13-49-49_fixed__e000069.jpg,right,original,right,3.084878017034498e-06,0.9999969005584717,True
D:\GRIP_Dataset\New_model\Chirality_Crops\aug27_final_v2_bbox\val\right\13-49-49\images\right\right__GRIP_2026-08-27_13-49-49_fixed__e000069.jpg,right,finger_side,right,0.002563564106822014,0.9974364638328552,True
D:\GRIP_Dataset\New_model\Chirality_Crops\aug27_final_v2_bbox\val\right\13-49-49\images\right\right__GRIP_2026-08-27_13-49-49_fixed__e000069.jpg,right,cuff_side,right,2.5141218429780565e-05,0.9999748468399048,True
D:\GRIP_Dataset\New_model\Chirality_Crops\aug27_final_v2_bbox\val\right\13-49-49\images\right\right__GRIP_2026-08-27_13-49-49_fixed__e000069.jpg,right,centre,right,0.0012668587733060122,0.9987331032752991,True
D:\GRIP_Dataset\New_model\Chirality_Crops\aug27_final_v2_bbox\val\right\13-49-49\images\right\right__GRIP_2026-08-27_13-49-49_fixed__e000069.jpg,right,top_background,right,3.084878017034498e-06,0.9999969005584717,True
D:\GRIP_Dataset\New_model\Chirality_Crops\aug27_final_v2_bbox\val\right\13-49-49\images\right\right__GRIP_2026-08-27_13-49-49_fixed__e000069.jpg,right,bottom_background,right,3.084878017034498e-06,0.9999969005584717,True
D:\GRIP_Dataset\New_model\Chirality_Crops\aug27_final_v2_bbox\val\right\13-49-49\images\right\right__GRIP_2026-08-27_13-49-49_fixed__e000070.jpg,right,original,right,2.126728304574499e-06,0.9999978542327881,True
D:\GRIP_Dataset\New_model\Chirality_Crops\aug27_final_v2_bbox\val\right\13-49-49\images\right\right__GRIP_2026-08-27_13-49-49_fixed__e000070.jpg,right,finger_side,right,0.0009031257941387594,0.9990968704223633,True
D:\GRIP_Dataset\New_model\Chirality_Crops\aug27_final_v2_bbox\val\right\13-49-49\images\right\right__GRIP_2026-08-27_13-49-49_fixed__e000070.jpg,right,cuff_side,right,9.322488949692342e-06,0.999990701675415,True
D:\GRIP_Dataset\New_model\Chirality_Crops\aug27_final_v2_bbox\val\right\13-49-49\images\right\right__GRIP_2026-08-27_13-49-49_fixed__e000070.jpg,right,centre,right,0.006787012331187725,0.9932129383087158,True
D:\GRIP_Dataset\New_model\Chirality_Crops\aug27_final_v2_bbox\val\right\13-49-49\images\right\right__GRIP_2026-08-27_13-49-49_fixed__e000070.jpg,right,top_background,right,2.126728304574499e-06,0.9999978542327881,True
D:\GRIP_Dataset\New_model\Chirality_Crops\aug27_final_v2_bbox\val\right\13-49-49\images\right\right__GRIP_2026-08-27_13-49-49_fixed__e000070.jpg,right,bottom_background,right,2.126728304574499e-06,0.9999978542327881,True
D:\GRIP_Dataset\New_model\Chirality_Crops\aug27_final_v2_bbox\val\right\13-49-49\images\right\right__GRIP_2026-08-27_13-49-49_fixed__e000071.jpg,right,original,right,1.713371239020489e-05,0.9999828338623047,True
D:\GRIP_Dataset\New_model\Chirality_Crops\aug27_final_v2_bbox\val\right\13-49-49\images\right\right__GRIP_2026-08-27_13-49-49_fixed__e000071.jpg,right,finger_side,right,6.995537114562467e-05,0.9999300241470337,True
D:\GRIP_Dataset\New_model\Chirality_Crops\aug27_final_v2_bbox\val\right\13-49-49\images\right\right__GRIP_2026-08-27_13-49-49_fixed__e000071.jpg,right,cuff_side,right,0.0002725583908613771,0.9997274279594421,True
D:\GRIP_Dataset\New_model\Chirality_Crops\aug27_final_v2_bbox\val\right\13-49-49\images\right\right__GRIP_2026-08-27_13-49-49_fixed__e000071.jpg,right,centre,right,0.013912593945860863,0.9860873818397522,True
D:\GRIP_Dataset\New_model\Chirality_Crops\aug27_final_v2_bbox\val\right\13-49-49\images\right\right__GRIP_2026-08-27_13-49-49_fixed__e000071.jpg,right,top_background,right,1.7401185687049292e-05,0.9999825954437256,True
D:\GRIP_Dataset\New_model\Chirality_Crops\aug27_final_v2_bbox\val\right\13-49-49\images\right\right__GRIP_2026-08-27_13-49-49_fixed__e000071.jpg,right,bottom_background,right,1.752965363266412e-05,0.999982476234436,True
D:\GRIP_Dataset\New_model\Chirality_Crops\aug27_final_v2_bbox\val\right\13-49-49\images\right\right__GRIP_2026-08-27_13-49-49_fixed__e000072.jpg,right,original,right,1.6722368911814556e-07,0.9999998807907104,True
D:\GRIP_Dataset\New_model\Chirality_Crops\aug27_final_v2_bbox\val\right\13-49-49\images\right\right__GRIP_2026-08-27_13-49-49_fixed__e000072.jpg,right,finger_side,right,0.0007077859481796622,0.9992921352386475,True
D:\GRIP_Dataset\New_model\Chirality_Crops\aug27_final_v2_bbox\val\right\13-49-49\images\right\right__GRIP_2026-08-27_13-49-49_fixed__e000072.jpg,right,cuff_side,right,3.036953330592951e-06,0.9999970197677612,True
D:\GRIP_Dataset\New_model\Chirality_Crops\aug27_final_v2_bbox\val\right\13-49-49\images\right\right__GRIP_2026-08-27_13-49-49_fixed__e000072.jpg,right,centre,right,0.0001890884159365669,0.9998109936714172,True
D:\GRIP_Dataset\New_model\Chirality_Crops\aug27_final_v2_bbox\val\right\13-49-49\images\right\right__GRIP_2026-08-27_13-49-49_fixed__e000072.jpg,right,top_background,right,1.6722368911814556e-07,0.9999998807907104,True
D:\GRIP_Dataset\New_model\Chirality_Crops\aug27_final_v2_bbox\val\right\13-49-49\images\right\right__GRIP_2026-08-27_13-49-49_fixed__e000072.jpg,right,bottom_background,right,1.6722368911814556e-07,0.9999998807907104,True
D:\GRIP_Dataset\New_model\Chirality_Crops\aug27_final_v2_bbox\val\right\13-49-49\images\right\right__GRIP_2026-08-27_13-49-49_fixed__e000073.jpg,right,original,right,8.241479463322321e-07,0.9999991655349731,True
D:\GRIP_Dataset\New_model\Chirality_Crops\aug27_final_v2_bbox\val\right\13-49-49\images\right\right__GRIP_2026-08-27_13-49-49_fixed__e000073.jpg,right,finger_side,right,0.00092757010133937,0.9990724325180054,True
D:\GRIP_Dataset\New_model\Chirality_Crops\aug27_final_v2_bbox\val\right\13-49-49\images\right\right__GRIP_2026-08-27_13-49-49_fixed__e000073.jpg,right,cuff_side,right,1.9095254174317233e-05,0.9999809265136719,True
D:\GRIP_Dataset\New_model\Chirality_Crops\aug27_final_v2_bbox\val\right\13-49-49\images\right\right__GRIP_2026-08-27_13-49-49_fixed__e000073.jpg,right,centre,right,0.0017534504877403378,0.9982465505599976,True
D:\GRIP_Dataset\New_model\Chirality_Crops\aug27_final_v2_bbox\val\right\13-49-49\images\right\right__GRIP_2026-08-27_13-49-49_fixed__e000073.jpg,right,top_background,right,8.241479463322321e-07,0.9999991655349731,True
D:\GRIP_Dataset\New_model\Chirality_Crops\aug27_final_v2_bbox\val\right\13-49-49\images\right\right__GRIP_2026-08-27_13-49-49_fixed__e000073.jpg,right,bottom_background,right,8.241479463322321e-07,0.9999991655349731,True
D:\GRIP_Dataset\New_model\Chirality_Crops\aug27_final_v2_bbox\val\right\13-49-49\images\right\right__GRIP_2026-08-27_13-49-49_fixed__e000074.jpg,right,original,right,7.862883649067953e-06,0.9999921321868896,True
D:\GRIP_Dataset\New_model\Chirality_Crops\aug27_final_v2_bbox\val\right\13-49-49\images\right\right__GRIP_2026-08-27_13-49-49_fixed__e000074.jpg,right,finger_side,right,0.0007342565222643316,0.999265730381012,True
D:\GRIP_Dataset\New_model\Chirality_Crops\aug27_final_v2_bbox\val\right\13-49-49\images\right\right__GRIP_2026-08-27_13-49-49_fixed__e000074.jpg,right,cuff_side,right,0.0005727261886931956,0.999427318572998,True
D:\GRIP_Dataset\New_model\Chirality_Crops\aug27_final_v2_bbox\val\right\13-49-49\images\right\right__GRIP_2026-08-27_13-49-49_fixed__e000074.jpg,right,centre,right,0.4228752553462982,0.5771247744560242,True
D:\GRIP_Dataset\New_model\Chirality_Crops\aug27_final_v2_bbox\val\right\13-49-49\images\right\right__GRIP_2026-08-27_13-49-49_fixed__e000074.jpg,right,top_background,right,7.862883649067953e-06,0.9999921321868896,True
D:\GRIP_Dataset\New_model\Chirality_Crops\aug27_final_v2_bbox\val\right\13-49-49\images\right\right__GRIP_2026-08-27_13-49-49_fixed__e000074.jpg,right,bottom_background,right,7.862883649067953e-06,0.9999921321868896,True
D:\GRIP_Dataset\New_model\Chirality_Crops\aug27_final_v2_bbox\val\right\13-49-49\images\right\right__GRIP_2026-08-27_13-49-49_fixed__e000075.jpg,right,original,right,0.00017194804968312383,0.9998279809951782,True
D:\GRIP_Dataset\New_model\Chirality_Crops\aug27_final_v2_bbox\val\right\13-49-49\images\right\right__GRIP_2026-08-27_13-49-49_fixed__e000075.jpg,right,finger_side,right,0.10359930247068405,0.8964006900787354,True
D:\GRIP_Dataset\New_model\Chirality_Crops\aug27_final_v2_bbox\val\right\13-49-49\images\right\right__GRIP_2026-08-27_13-49-49_fixed__e000075.jpg,right,cuff_side,right,0.001570679945871234,0.9984292387962341,True
D:\GRIP_Dataset\New_model\Chirality_Crops\aug27_final_v2_bbox\val\right\13-49-49\images\right\right__GRIP_2026-08-27_13-49-49_fixed__e000075.jpg,right,centre,left,0.868317723274231,0.13168232142925262,False
D:\GRIP_Dataset\New_model\Chirality_Crops\aug27_final_v2_bbox\val\right\13-49-49\images\right\right__GRIP_2026-08-27_13-49-49_fixed__e000075.jpg,right,top_background,right,0.00016797069110907614,0.999832034111023,True
D:\GRIP_Dataset\New_model\Chirality_Crops\aug27_final_v2_bbox\val\right\13-49-49\images\right\right__GRIP_2026-08-27_13-49-49_fixed__e000075.jpg,right,bottom_background,right,0.00018035633547697216,0.9998196959495544,True
D:\GRIP_Dataset\New_model\Chirality_Crops\aug27_final_v2_bbox\val\right\13-49-49\images\right\right__GRIP_2026-08-27_13-49-49_fixed__e000076.jpg,right,original,right,3.4836946724681184e-05,0.9999651908874512,True
D:\GRIP_Dataset\New_model\Chirality_Crops\aug27_final_v2_bbox\val\right\13-49-49\images\right\right__GRIP_2026-08-27_13-49-49_fixed__e000076.jpg,right,finger_side,right,0.005486516281962395,0.9945135116577148,True
D:\GRIP_Dataset\New_model\Chirality_Crops\aug27_final_v2_bbox\val\right\13-49-49\images\right\right__GRIP_2026-08-27_13-49-49_fixed__e000076.jpg,right,cuff_side,right,0.00019211610197089612,0.9998078942298889,True
D:\GRIP_Dataset\New_model\Chirality_Crops\aug27_final_v2_bbox\val\right\13-49-49\images\right\right__GRIP_2026-08-27_13-49-49_fixed__e000076.jpg,right,centre,right,0.27596670389175415,0.7240332961082458,True
D:\GRIP_Dataset\New_model\Chirality_Crops\aug27_final_v2_bbox\val\right\13-49-49\images\right\right__GRIP_2026-08-27_13-49-49_fixed__e000076.jpg,right,top_background,right,3.4836946724681184e-05,0.9999651908874512,True
D:\GRIP_Dataset\New_model\Chirality_Crops\aug27_final_v2_bbox\val\right\13-49-49\images\right\right__GRIP_2026-08-27_13-49-49_fixed__e000076.jpg,right,bottom_background,right,3.4836946724681184e-05,0.9999651908874512,True
D:\GRIP_Dataset\New_model\Chirality_Crops\aug27_final_v2_bbox\val\right\13-49-49\images\right\right__GRIP_2026-08-27_13-49-49_fixed__e000077.jpg,right,original,right,0.00020348827820271254,0.9997965693473816,True
D:\GRIP_Dataset\New_model\Chirality_Crops\aug27_final_v2_bbox\val\right\13-49-49\images\right\right__GRIP_2026-08-27_13-49-49_fixed__e000077.jpg,right,finger_side,right,0.022365480661392212,0.9776345491409302,True
D:\GRIP_Dataset\New_model\Chirality_Crops\aug27_final_v2_bbox\val\right\13-49-49\images\right\right__GRIP_2026-08-27_13-49-49_fixed__e000077.jpg,right,cuff_side,right,0.0002917225065175444,0.9997082352638245,True
D:\GRIP_Dataset\New_model\Chirality_Crops\aug27_final_v2_bbox\val\right\13-49-49\images\right\right__GRIP_2026-08-27_13-49-49_fixed__e000077.jpg,right,centre,right,0.021122554317116737,0.9788774847984314,True
D:\GRIP_Dataset\New_model\Chirality_Crops\aug27_final_v2_bbox\val\right\13-49-49\images\right\right__GRIP_2026-08-27_13-49-49_fixed__e000077.jpg,right,top_background,right,0.00020348827820271254,0.9997965693473816,True
D:\GRIP_Dataset\New_model\Chirality_Crops\aug27_final_v2_bbox\val\right\13-49-49\images\right\right__GRIP_2026-08-27_13-49-49_fixed__e000077.jpg,right,bottom_background,right,0.00020348827820271254,0.9997965693473816,True
D:\GRIP_Dataset\New_model\Chirality_Crops\aug27_final_v2_bbox\val\right\13-49-49\images\right\right__GRIP_2026-08-27_13-49-49_fixed__e000078.jpg,right,original,right,3.1363636026071617e-06,0.9999969005584717,True
D:\GRIP_Dataset\New_model\Chirality_Crops\aug27_final_v2_bbox\val\right\13-49-49\images\right\right__GRIP_2026-08-27_13-49-49_fixed__e000078.jpg,right,finger_side,right,0.009770496748387814,0.9902294278144836,True
D:\GRIP_Dataset\New_model\Chirality_Crops\aug27_final_v2_bbox\val\right\13-49-49\images\right\right__GRIP_2026-08-27_13-49-49_fixed__e000078.jpg,right,cuff_side,right,2.8864109481219202e-05,0.9999711513519287,True
D:\GRIP_Dataset\New_model\Chirality_Crops\aug27_final_v2_bbox\val\right\13-49-49\images\right\right__GRIP_2026-08-27_13-49-49_fixed__e000078.jpg,right,centre,right,0.12881620228290558,0.8711838126182556,True
D:\GRIP_Dataset\New_model\Chirality_Crops\aug27_final_v2_bbox\val\right\13-49-49\images\right\right__GRIP_2026-08-27_13-49-49_fixed__e000078.jpg,right,top_background,right,3.1363636026071617e-06,0.9999969005584717,True
D:\GRIP_Dataset\New_model\Chirality_Crops\aug27_final_v2_bbox\val\right\13-49-49\images\right\right__GRIP_2026-08-27_13-49-49_fixed__e000078.jpg,right,bottom_background,right,3.1363636026071617e-06,0.9999969005584717,True
D:\GRIP_Dataset\New_model\Chirality_Crops\aug27_final_v2_bbox\val\right\13-49-49\images\right\right__GRIP_2026-08-27_13-49-49_fixed__e000079.jpg,right,original,right,1.7009762132147443e-06,0.9999983310699463,True
D:\GRIP_Dataset\New_model\Chirality_Crops\aug27_final_v2_bbox\val\right\13-49-49\images\right\right__GRIP_2026-08-27_13-49-49_fixed__e000079.jpg,right,finger_side,right,0.12875424325466156,0.8712456822395325,True
D:\GRIP_Dataset\New_model\Chirality_Crops\aug27_final_v2_bbox\val\right\13-49-49\images\right\right__GRIP_2026-08-27_13-49-49_fixed__e000079.jpg,right,cuff_side,right,5.811073151562596e-06,0.999994158744812,True
D:\GRIP_Dataset\New_model\Chirality_Crops\aug27_final_v2_bbox\val\right\13-49-49\images\right\right__GRIP_2026-08-27_13-49-49_fixed__e000079.jpg,right,centre,right,0.0035718379076570272,0.9964281916618347,True
D:\GRIP_Dataset\New_model\Chirality_Crops\aug27_final_v2_bbox\val\right\13-49-49\images\right\right__GRIP_2026-08-27_13-49-49_fixed__e000079.jpg,right,top_background,right,1.7009762132147443e-06,0.9999983310699463,True
D:\GRIP_Dataset\New_model\Chirality_Crops\aug27_final_v2_bbox\val\right\13-49-49\images\right\right__GRIP_2026-08-27_13-49-49_fixed__e000079.jpg,right,bottom_background,right,1.7009762132147443e-06,0.9999983310699463,True
D:\GRIP_Dataset\New_model\Chirality_Crops\aug27_final_v2_bbox\val\right\13-49-49\images\right\right__GRIP_2026-08-27_13-49-49_fixed__e000080.jpg,right,original,right,0.00017400544311385602,0.9998260140419006,True
D:\GRIP_Dataset\New_model\Chirality_Crops\aug27_final_v2_bbox\val\right\13-49-49\images\right\right__GRIP_2026-08-27_13-49-49_fixed__e000080.jpg,right,finger_side,right,0.008745338767766953,0.9912546873092651,True
D:\GRIP_Dataset\New_model\Chirality_Crops\aug27_final_v2_bbox\val\right\13-49-49\images\right\right__GRIP_2026-08-27_13-49-49_fixed__e000080.jpg,right,cuff_side,right,0.0032573132775723934,0.9967426657676697,True
D:\GRIP_Dataset\New_model\Chirality_Crops\aug27_final_v2_bbox\val\right\13-49-49\images\right\right__GRIP_2026-08-27_13-49-49_fixed__e000080.jpg,right,centre,right,0.17944538593292236,0.8205546140670776,True
D:\GRIP_Dataset\New_model\Chirality_Crops\aug27_final_v2_bbox\val\right\13-49-49\images\right\right__GRIP_2026-08-27_13-49-49_fixed__e000080.jpg,right,top_background,right,0.00017400544311385602,0.9998260140419006,True
D:\GRIP_Dataset\New_model\Chirality_Crops\aug27_final_v2_bbox\val\right\13-49-49\images\right\right__GRIP_2026-08-27_13-49-49_fixed__e000080.jpg,right,bottom_background,right,0.00017400544311385602,0.9998260140419006,True
D:\GRIP_Dataset\New_model\Chirality_Crops\aug27_final_v2_bbox\val\right\13-49-49\images\right\right__GRIP_2026-08-27_13-49-49_fixed__e000081.jpg,right,original,right,5.703873830498196e-05,0.9999428987503052,True
D:\GRIP_Dataset\New_model\Chirality_Crops\aug27_final_v2_bbox\val\right\13-49-49\images\right\right__GRIP_2026-08-27_13-49-49_fixed__e000081.jpg,right,finger_side,right,0.031972385942935944,0.968027651309967,True
D:\GRIP_Dataset\New_model\Chirality_Crops\aug27_final_v2_bbox\val\right\13-49-49\images\right\right__GRIP_2026-08-27_13-49-49_fixed__e000081.jpg,right,cuff_side,right,0.00012646855611819774,0.9998735189437866,True
D:\GRIP_Dataset\New_model\Chirality_Crops\aug27_final_v2_bbox\val\right\13-49-49\images\right\right__GRIP_2026-08-27_13-49-49_fixed__e000081.jpg,right,centre,right,0.09145589917898178,0.90854412317276,True
D:\GRIP_Dataset\New_model\Chirality_Crops\aug27_final_v2_bbox\val\right\13-49-49\images\right\right__GRIP_2026-08-27_13-49-49_fixed__e000081.jpg,right,top_background,right,5.703873830498196e-05,0.9999428987503052,True
D:\GRIP_Dataset\New_model\Chirality_Crops\aug27_final_v2_bbox\val\right\13-49-49\images\right\right__GRIP_2026-08-27_13-49-49_fixed__e000081.jpg,right,bottom_background,right,5.703873830498196e-05,0.9999428987503052,True
D:\GRIP_Dataset\New_model\Chirality_Crops\aug27_final_v2_bbox\val\right\13-49-49\images\right\right__GRIP_2026-08-27_13-49-49_fixed__e000082.jpg,right,original,right,5.752007564296946e-05,0.999942421913147,True
D:\GRIP_Dataset\New_model\Chirality_Crops\aug27_final_v2_bbox\val\right\13-49-49\images\right\right__GRIP_2026-08-27_13-49-49_fixed__e000082.jpg,right,finger_side,right,0.006599523592740297,0.9934004545211792,True
D:\GRIP_Dataset\New_model\Chirality_Crops\aug27_final_v2_bbox\val\right\13-49-49\images\right\right__GRIP_2026-08-27_13-49-49_fixed__e000082.jpg,right,cuff_side,right,0.00012163961946498603,0.9998782873153687,True
D:\GRIP_Dataset\New_model\Chirality_Crops\aug27_final_v2_bbox\val\right\13-49-49\images\right\right__GRIP_2026-08-27_13-49-49_fixed__e000082.jpg,right,centre,right,0.0005804445245303214,0.9994195699691772,True
D:\GRIP_Dataset\New_model\Chirality_Crops\aug27_final_v2_bbox\val\right\13-49-49\images\right\right__GRIP_2026-08-27_13-49-49_fixed__e000082.jpg,right,top_background,right,7.510132127208635e-05,0.999924898147583,True
D:\GRIP_Dataset\New_model\Chirality_Crops\aug27_final_v2_bbox\val\right\13-49-49\images\right\right__GRIP_2026-08-27_13-49-49_fixed__e000082.jpg,right,bottom_background,right,6.260384543566033e-05,0.9999374151229858,True
D:\GRIP_Dataset\New_model\Chirality_Crops\aug27_final_v2_bbox\val\right\13-49-49\images\right\right__GRIP_2026-08-27_13-49-49_fixed__e000083.jpg,right,original,right,0.0003155587473884225,0.9996844530105591,True
D:\GRIP_Dataset\New_model\Chirality_Crops\aug27_final_v2_bbox\val\right\13-49-49\images\right\right__GRIP_2026-08-27_13-49-49_fixed__e000083.jpg,right,finger_side,left,0.9940726161003113,0.005927443969994783,False
D:\GRIP_Dataset\New_model\Chirality_Crops\aug27_final_v2_bbox\val\right\13-49-49\images\right\right__GRIP_2026-08-27_13-49-49_fixed__e000083.jpg,right,cuff_side,right,0.00017410832515452057,0.9998258948326111,True
D:\GRIP_Dataset\New_model\Chirality_Crops\aug27_final_v2_bbox\val\right\13-49-49\images\right\right__GRIP_2026-08-27_13-49-49_fixed__e000083.jpg,right,centre,left,0.8861337304115295,0.11386621743440628,False
D:\GRIP_Dataset\New_model\Chirality_Crops\aug27_final_v2_bbox\val\right\13-49-49\images\right\right__GRIP_2026-08-27_13-49-49_fixed__e000083.jpg,right,top_background,right,0.02406606636941433,0.9759339690208435,True
D:\GRIP_Dataset\New_model\Chirality_Crops\aug27_final_v2_bbox\val\right\13-49-49\images\right\right__GRIP_2026-08-27_13-49-49_fixed__e000083.jpg,right,bottom_background,right,0.00036445350269787014,0.9996355772018433,True
D:\GRIP_Dataset\New_model\Chirality_Crops\aug27_final_v2_bbox\val\right\13-49-49\images\right\right__GRIP_2026-08-27_13-49-49_fixed__e000085.jpg,right,original,right,0.004208739381283522,0.9957911968231201,True
D:\GRIP_Dataset\New_model\Chirality_Crops\aug27_final_v2_bbox\val\right\13-49-49\images\right\right__GRIP_2026-08-27_13-49-49_fixed__e000085.jpg,right,finger_side,right,0.34919390082359314,0.6508060693740845,True
D:\GRIP_Dataset\New_model\Chirality_Crops\aug27_final_v2_bbox\val\right\13-49-49\images\right\right__GRIP_2026-08-27_13-49-49_fixed__e000085.jpg,right,cuff_side,right,0.008835743181407452,0.9911642670631409,True
D:\GRIP_Dataset\New_model\Chirality_Crops\aug27_final_v2_bbox\val\right\13-49-49\images\right\right__GRIP_2026-08-27_13-49-49_fixed__e000085.jpg,right,centre,right,0.05722379684448242,0.9427762627601624,True
D:\GRIP_Dataset\New_model\Chirality_Crops\aug27_final_v2_bbox\val\right\13-49-49\images\right\right__GRIP_2026-08-27_13-49-49_fixed__e000085.jpg,right,top_background,right,0.0075448802672326565,0.9924551248550415,True
D:\GRIP_Dataset\New_model\Chirality_Crops\aug27_final_v2_bbox\val\right\13-49-49\images\right\right__GRIP_2026-08-27_13-49-49_fixed__e000085.jpg,right,bottom_background,right,0.013311212882399559,0.9866887927055359,True
D:\GRIP_Dataset\New_model\Chirality_Crops\aug27_final_v2_bbox\val\right\13-49-49\images\right\right__GRIP_2026-08-27_13-49-49_fixed__e000086.jpg,right,original,right,3.2267205824609846e-05,0.9999676942825317,True
D:\GRIP_Dataset\New_model\Chirality_Crops\aug27_final_v2_bbox\val\right\13-49-49\images\right\right__GRIP_2026-08-27_13-49-49_fixed__e000086.jpg,right,finger_side,right,0.0013597115175798535,0.998640239238739,True
D:\GRIP_Dataset\New_model\Chirality_Crops\aug27_final_v2_bbox\val\right\13-49-49\images\right\right__GRIP_2026-08-27_13-49-49_fixed__e000086.jpg,right,cuff_side,right,0.003175190184265375,0.9968248605728149,True
D:\GRIP_Dataset\New_model\Chirality_Crops\aug27_final_v2_bbox\val\right\13-49-49\images\right\right__GRIP_2026-08-27_13-49-49_fixed__e000086.jpg,right,centre,right,0.03706076368689537,0.9629392623901367,True
D:\GRIP_Dataset\New_model\Chirality_Crops\aug27_final_v2_bbox\val\right\13-49-49\images\right\right__GRIP_2026-08-27_13-49-49_fixed__e000086.jpg,right,top_background,right,3.2267205824609846e-05,0.9999676942825317,True
D:\GRIP_Dataset\New_model\Chirality_Crops\aug27_final_v2_bbox\val\right\13-49-49\images\right\right__GRIP_2026-08-27_13-49-49_fixed__e000086.jpg,right,bottom_background,right,3.2267205824609846e-05,0.9999676942825317,True
D:\GRIP_Dataset\New_model\Chirality_Crops\aug27_final_v2_bbox\val\right\13-49-49\images\right\right__GRIP_2026-08-27_13-49-49_fixed__e000087.jpg,right,original,right,1.39267585836933e-05,0.9999860525131226,True
D:\GRIP_Dataset\New_model\Chirality_Crops\aug27_final_v2_bbox\val\right\13-49-49\images\right\right__GRIP_2026-08-27_13-49-49_fixed__e000087.jpg,right,finger_side,right,0.006060212384909391,0.9939397573471069,True
D:\GRIP_Dataset\New_model\Chirality_Crops\aug27_final_v2_bbox\val\right\13-49-49\images\right\right__GRIP_2026-08-27_13-49-49_fixed__e000087.jpg,right,cuff_side,right,1.681594949332066e-05,0.9999831914901733,True
D:\GRIP_Dataset\New_model\Chirality_Crops\aug27_final_v2_bbox\val\right\13-49-49\images\right\right__GRIP_2026-08-27_13-49-49_fixed__e000087.jpg,right,centre,right,0.0006428484921343625,0.9993571639060974,True
D:\GRIP_Dataset\New_model\Chirality_Crops\aug27_final_v2_bbox\val\right\13-49-49\images\right\right__GRIP_2026-08-27_13-49-49_fixed__e000087.jpg,right,top_background,right,1.1845443623315077e-05,0.9999881982803345,True
D:\GRIP_Dataset\New_model\Chirality_Crops\aug27_final_v2_bbox\val\right\13-49-49\images\right\right__GRIP_2026-08-27_13-49-49_fixed__e000087.jpg,right,bottom_background,right,1.5693498426117003e-05,0.9999842643737793,True
D:\GRIP_Dataset\New_model\Chirality_Crops\aug27_final_v2_bbox\val\right\13-49-49\images\right\right__GRIP_2026-08-27_13-49-49_fixed__e000088.jpg,right,original,right,1.1419719157856889e-05,0.9999885559082031,True
D:\GRIP_Dataset\New_model\Chirality_Crops\aug27_final_v2_bbox\val\right\13-49-49\images\right\right__GRIP_2026-08-27_13-49-49_fixed__e000088.jpg,right,finger_side,right,0.023892199620604515,0.9761077761650085,True
D:\GRIP_Dataset\New_model\Chirality_Crops\aug27_final_v2_bbox\val\right\13-49-49\images\right\right__GRIP_2026-08-27_13-49-49_fixed__e000088.jpg,right,cuff_side,right,2.7206855520489626e-05,0.9999728202819824,True
D:\GRIP_Dataset\New_model\Chirality_Crops\aug27_final_v2_bbox\val\right\13-49-49\images\right\right__GRIP_2026-08-27_13-49-49_fixed__e000088.jpg,right,centre,right,0.015101728029549122,0.9848982691764832,True
D:\GRIP_Dataset\New_model\Chirality_Crops\aug27_final_v2_bbox\val\right\13-49-49\images\right\right__GRIP_2026-08-27_13-49-49_fixed__e000088.jpg,right,top_background,right,1.1147250916110352e-05,0.9999887943267822,True
D:\GRIP_Dataset\New_model\Chirality_Crops\aug27_final_v2_bbox\val\right\13-49-49\images\right\right__GRIP_2026-08-27_13-49-49_fixed__e000088.jpg,right,bottom_background,right,1.1342074685671832e-05,0.9999886751174927,True
D:\GRIP_Dataset\New_model\Chirality_Crops\aug27_final_v2_bbox\val\right\13-49-49\images\right\right__GRIP_2026-08-27_13-49-49_fixed__e000090.jpg,right,original,right,2.5797239686653484e-06,0.9999973773956299,True
D:\GRIP_Dataset\New_model\Chirality_Crops\aug27_final_v2_bbox\val\right\13-49-49\images\right\right__GRIP_2026-08-27_13-49-49_fixed__e000090.jpg,right,finger_side,right,0.00793154165148735,0.9920684099197388,True
D:\GRIP_Dataset\New_model\Chirality_Crops\aug27_final_v2_bbox\val\right\13-49-49\images\right\right__GRIP_2026-08-27_13-49-49_fixed__e000090.jpg,right,cuff_side,right,3.870134969474748e-05,0.999961256980896,True
D:\GRIP_Dataset\New_model\Chirality_Crops\aug27_final_v2_bbox\val\right\13-49-49\images\right\right__GRIP_2026-08-27_13-49-49_fixed__e000090.jpg,right,centre,right,0.0008282969938591123,0.9991717338562012,True
D:\GRIP_Dataset\New_model\Chirality_Crops\aug27_final_v2_bbox\val\right\13-49-49\images\right\right__GRIP_2026-08-27_13-49-49_fixed__e000090.jpg,right,top_background,right,2.5665390239737462e-06,0.9999973773956299,True
D:\GRIP_Dataset\New_model\Chirality_Crops\aug27_final_v2_bbox\val\right\13-49-49\images\right\right__GRIP_2026-08-27_13-49-49_fixed__e000090.jpg,right,bottom_background,right,2.508563738956582e-06,0.9999974966049194,True
D:\GRIP_Dataset\New_model\Chirality_Crops\aug27_final_v2_bbox\val\right\13-49-49\images\right\right__GRIP_2026-08-27_13-49-49_fixed__e000091.jpg,right,original,right,0.0009840702405199409,0.9990159273147583,True
D:\GRIP_Dataset\New_model\Chirality_Crops\aug27_final_v2_bbox\val\right\13-49-49\images\right\right__GRIP_2026-08-27_13-49-49_fixed__e000091.jpg,right,finger_side,right,0.4142899513244629,0.5857099890708923,True
D:\GRIP_Dataset\New_model\Chirality_Crops\aug27_final_v2_bbox\val\right\13-49-49\images\right\right__GRIP_2026-08-27_13-49-49_fixed__e000091.jpg,right,cuff_side,right,0.003184606321156025,0.9968153834342957,True
D:\GRIP_Dataset\New_model\Chirality_Crops\aug27_final_v2_bbox\val\right\13-49-49\images\right\right__GRIP_2026-08-27_13-49-49_fixed__e000091.jpg,right,centre,right,0.014572426676750183,0.9854275584220886,True
D:\GRIP_Dataset\New_model\Chirality_Crops\aug27_final_v2_bbox\val\right\13-49-49\images\right\right__GRIP_2026-08-27_13-49-49_fixed__e000091.jpg,right,top_background,right,0.0018050556536763906,0.9981949925422668,True
D:\GRIP_Dataset\New_model\Chirality_Crops\aug27_final_v2_bbox\val\right\13-49-49\images\right\right__GRIP_2026-08-27_13-49-49_fixed__e000091.jpg,right,bottom_background,right,0.002010228345170617,0.9979897737503052,True
D:\GRIP_Dataset\New_model\Chirality_Crops\aug27_final_v2_bbox\val\right\13-49-49\images\right\right__GRIP_2026-08-27_13-49-49_fixed__e000092.jpg,right,original,right,2.0300683445384493e-06,0.9999979734420776,True
D:\GRIP_Dataset\New_model\Chirality_Crops\aug27_final_v2_bbox\val\right\13-49-49\images\right\right__GRIP_2026-08-27_13-49-49_fixed__e000092.jpg,right,finger_side,right,0.0007716075051575899,0.9992283582687378,True
D:\GRIP_Dataset\New_model\Chirality_Crops\aug27_final_v2_bbox\val\right\13-49-49\images\right\right__GRIP_2026-08-27_13-49-49_fixed__e000092.jpg,right,cuff_side,right,8.130120477289893e-06,0.9999918937683105,True
D:\GRIP_Dataset\New_model\Chirality_Crops\aug27_final_v2_bbox\val\right\13-49-49\images\right\right__GRIP_2026-08-27_13-49-49_fixed__e000092.jpg,right,centre,right,0.00019050539413001388,0.9998095631599426,True
D:\GRIP_Dataset\New_model\Chirality_Crops\aug27_final_v2_bbox\val\right\13-49-49\images\right\right__GRIP_2026-08-27_13-49-49_fixed__e000092.jpg,right,top_background,right,2.3365712422673823e-06,0.999997615814209,True
D:\GRIP_Dataset\New_model\Chirality_Crops\aug27_final_v2_bbox\val\right\13-49-49\images\right\right__GRIP_2026-08-27_13-49-49_fixed__e000092.jpg,right,bottom_background,right,2.028195240200148e-06,0.9999979734420776,True
D:\GRIP_Dataset\New_model\Chirality_Crops\aug27_final_v2_bbox\val\right\13-49-49\images\right\right__GRIP_2026-08-27_13-49-49_fixed__e000093.jpg,right,original,right,1.4789550277782837e-06,0.9999985694885254,True
D:\GRIP_Dataset\New_model\Chirality_Crops\aug27_final_v2_bbox\val\right\13-49-49\images\right\right__GRIP_2026-08-27_13-49-49_fixed__e000093.jpg,right,finger_side,right,0.009975316934287548,0.9900246858596802,True
D:\GRIP_Dataset\New_model\Chirality_Crops\aug27_final_v2_bbox\val\right\13-49-49\images\right\right__GRIP_2026-08-27_13-49-49_fixed__e000093.jpg,right,cuff_side,right,6.91646118866629e-06,0.999993085861206,True
D:\GRIP_Dataset\New_model\Chirality_Crops\aug27_final_v2_bbox\val\right\13-49-49\images\right\right__GRIP_2026-08-27_13-49-49_fixed__e000093.jpg,right,centre,left,0.5455684661865234,0.45443153381347656,False
D:\GRIP_Dataset\New_model\Chirality_Crops\aug27_final_v2_bbox\val\right\13-49-49\images\right\right__GRIP_2026-08-27_13-49-49_fixed__e000093.jpg,right,top_background,right,1.4104967931416468e-06,0.9999985694885254,True
D:\GRIP_Dataset\New_model\Chirality_Crops\aug27_final_v2_bbox\val\right\13-49-49\images\right\right__GRIP_2026-08-27_13-49-49_fixed__e000093.jpg,right,bottom_background,right,1.4695885965920752e-06,0.9999985694885254,True
D:\GRIP_Dataset\New_model\Chirality_Crops\aug27_final_v2_bbox\val\right\13-49-49\images\right\right__GRIP_2026-08-27_13-49-49_fixed__e000094.jpg,right,original,right,3.6761762203241233e-06,0.9999963045120239,True
D:\GRIP_Dataset\New_model\Chirality_Crops\aug27_final_v2_bbox\val\right\13-49-49\images\right\right__GRIP_2026-08-27_13-49-49_fixed__e000094.jpg,right,finger_side,right,0.0025601573288440704,0.9974398612976074,True
D:\GRIP_Dataset\New_model\Chirality_Crops\aug27_final_v2_bbox\val\right\13-49-49\images\right\right__GRIP_2026-08-27_13-49-49_fixed__e000094.jpg,right,cuff_side,right,2.5239614842575975e-05,0.9999747276306152,True
D:\GRIP_Dataset\New_model\Chirality_Crops\aug27_final_v2_bbox\val\right\13-49-49\images\right\right__GRIP_2026-08-27_13-49-49_fixed__e000094.jpg,right,centre,right,0.002755463821813464,0.9972445964813232,True
D:\GRIP_Dataset\New_model\Chirality_Crops\aug27_final_v2_bbox\val\right\13-49-49\images\right\right__GRIP_2026-08-27_13-49-49_fixed__e000094.jpg,right,top_background,right,3.544367928043357e-06,0.9999964237213135,True
D:\GRIP_Dataset\New_model\Chirality_Crops\aug27_final_v2_bbox\val\right\13-49-49\images\right\right__GRIP_2026-08-27_13-49-49_fixed__e000094.jpg,right,bottom_background,right,3.5712780572794145e-06,0.9999964237213135,True
D:\GRIP_Dataset\New_model\Chirality_Crops\aug27_final_v2_bbox\val\right\13-49-49\images\right\right__GRIP_2026-08-27_13-49-49_fixed__e000095.jpg,right,original,right,1.4213902431947645e-05,0.9999858140945435,True
D:\GRIP_Dataset\New_model\Chirality_Crops\aug27_final_v2_bbox\val\right\13-49-49\images\right\right__GRIP_2026-08-27_13-49-49_fixed__e000095.jpg,right,finger_side,right,0.21482053399085999,0.7851794958114624,True
D:\GRIP_Dataset\New_model\Chirality_Crops\aug27_final_v2_bbox\val\right\13-49-49\images\right\right__GRIP_2026-08-27_13-49-49_fixed__e000095.jpg,right,cuff_side,right,1.0022865353676025e-05,0.9999899864196777,True
D:\GRIP_Dataset\New_model\Chirality_Crops\aug27_final_v2_bbox\val\right\13-49-49\images\right\right__GRIP_2026-08-27_13-49-49_fixed__e000095.jpg,right,centre,right,0.202031672000885,0.797968327999115,True
D:\GRIP_Dataset\New_model\Chirality_Crops\aug27_final_v2_bbox\val\right\13-49-49\images\right\right__GRIP_2026-08-27_13-49-49_fixed__e000095.jpg,right,top_background,right,1.4213902431947645e-05,0.9999858140945435,True
D:\GRIP_Dataset\New_model\Chirality_Crops\aug27_final_v2_bbox\val\right\13-49-49\images\right\right__GRIP_2026-08-27_13-49-49_fixed__e000095.jpg,right,bottom_background,right,1.4213902431947645e-05,0.9999858140945435,True
D:\GRIP_Dataset\New_model\Chirality_Crops\aug27_final_v2_bbox\val\right\13-49-49\images\right\right__GRIP_2026-08-27_13-49-49_fixed__e000096.jpg,right,original,right,0.000870164658408612,0.9991298317909241,True
D:\GRIP_Dataset\New_model\Chirality_Crops\aug27_final_v2_bbox\val\right\13-49-49\images\right\right__GRIP_2026-08-27_13-49-49_fixed__e000096.jpg,right,finger_side,right,0.0007674437947571278,0.9992325305938721,True
D:\GRIP_Dataset\New_model\Chirality_Crops\aug27_final_v2_bbox\val\right\13-49-49\images\right\right__GRIP_2026-08-27_13-49-49_fixed__e000096.jpg,right,cuff_side,right,0.007774721831083298,0.9922252893447876,True
D:\GRIP_Dataset\New_model\Chirality_Crops\aug27_final_v2_bbox\val\right\13-49-49\images\right\right__GRIP_2026-08-27_13-49-49_fixed__e000096.jpg,right,centre,right,0.4882914423942566,0.5117085576057434,True
D:\GRIP_Dataset\New_model\Chirality_Crops\aug27_final_v2_bbox\val\right\13-49-49\images\right\right__GRIP_2026-08-27_13-49-49_fixed__e000096.jpg,right,top_background,right,0.0007884834776632488,0.9992115497589111,True
D:\GRIP_Dataset\New_model\Chirality_Crops\aug27_final_v2_bbox\val\right\13-49-49\images\right\right__GRIP_2026-08-27_13-49-49_fixed__e000096.jpg,right,bottom_background,right,0.0008857398643158376,0.9991142153739929,True
D:\GRIP_Dataset\New_model\Chirality_Crops\aug27_final_v2_bbox\val\right\13-49-49\images\right\right__GRIP_2026-08-27_13-49-49_fixed__e000097.jpg,right,original,right,4.154195630690083e-05,0.9999585151672363,True
D:\GRIP_Dataset\New_model\Chirality_Crops\aug27_final_v2_bbox\val\right\13-49-49\images\right\right__GRIP_2026-08-27_13-49-49_fixed__e000097.jpg,right,finger_side,right,0.030889982357621193,0.9691100716590881,True
D:\GRIP_Dataset\New_model\Chirality_Crops\aug27_final_v2_bbox\val\right\13-49-49\images\right\right__GRIP_2026-08-27_13-49-49_fixed__e000097.jpg,right,cuff_side,right,8.278668974526227e-05,0.9999171495437622,True
D:\GRIP_Dataset\New_model\Chirality_Crops\aug27_final_v2_bbox\val\right\13-49-49\images\right\right__GRIP_2026-08-27_13-49-49_fixed__e000097.jpg,right,centre,right,0.12403007596731186,0.8759699463844299,True
D:\GRIP_Dataset\New_model\Chirality_Crops\aug27_final_v2_bbox\val\right\13-49-49\images\right\right__GRIP_2026-08-27_13-49-49_fixed__e000097.jpg,right,top_background,right,4.559388980851509e-05,0.9999544620513916,True
D:\GRIP_Dataset\New_model\Chirality_Crops\aug27_final_v2_bbox\val\right\13-49-49\images\right\right__GRIP_2026-08-27_13-49-49_fixed__e000097.jpg,right,bottom_background,right,4.0556038584327325e-05,0.9999594688415527,True
D:\GRIP_Dataset\New_model\Chirality_Crops\aug27_final_v2_bbox\val\right\13-49-49\images\right\right__GRIP_2026-08-27_13-49-49_fixed__e000098.jpg,right,original,right,8.085513059086225e-07,0.9999991655349731,True
D:\GRIP_Dataset\New_model\Chirality_Crops\aug27_final_v2_bbox\val\right\13-49-49\images\right\right__GRIP_2026-08-27_13-49-49_fixed__e000098.jpg,right,finger_side,right,0.0115262595936656,0.9884737133979797,True
D:\GRIP_Dataset\New_model\Chirality_Crops\aug27_final_v2_bbox\val\right\13-49-49\images\right\right__GRIP_2026-08-27_13-49-49_fixed__e000098.jpg,right,cuff_side,right,1.9065129208684084e-06,0.9999980926513672,True
D:\GRIP_Dataset\New_model\Chirality_Crops\aug27_final_v2_bbox\val\right\13-49-49\images\right\right__GRIP_2026-08-27_13-49-49_fixed__e000098.jpg,right,centre,right,0.18682454526424408,0.8131754398345947,True
D:\GRIP_Dataset\New_model\Chirality_Crops\aug27_final_v2_bbox\val\right\13-49-49\images\right\right__GRIP_2026-08-27_13-49-49_fixed__e000098.jpg,right,top_background,right,8.085513059086225e-07,0.9999991655349731,True
D:\GRIP_Dataset\New_model\Chirality_Crops\aug27_final_v2_bbox\val\right\13-49-49\images\right\right__GRIP_2026-08-27_13-49-49_fixed__e000098.jpg,right,bottom_background,right,8.085513059086225e-07,0.9999991655349731,True
D:\GRIP_Dataset\New_model\Chirality_Crops\aug27_final_v2_bbox\val\right\13-49-49\images\right\right__GRIP_2026-08-27_13-49-49_fixed__e000099.jpg,right,original,right,2.1179318991926266e-06,0.9999978542327881,True
D:\GRIP_Dataset\New_model\Chirality_Crops\aug27_final_v2_bbox\val\right\13-49-49\images\right\right__GRIP_2026-08-27_13-49-49_fixed__e000099.jpg,right,finger_side,right,0.0018770332681015134,0.9981229901313782,True
D:\GRIP_Dataset\New_model\Chirality_Crops\aug27_final_v2_bbox\val\right\13-49-49\images\right\right__GRIP_2026-08-27_13-49-49_fixed__e000099.jpg,right,cuff_side,right,2.046976260317024e-05,0.9999794960021973,True
D:\GRIP_Dataset\New_model\Chirality_Crops\aug27_final_v2_bbox\val\right\13-49-49\images\right\right__GRIP_2026-08-27_13-49-49_fixed__e000099.jpg,right,centre,right,0.005142532754689455,0.9948574304580688,True
D:\GRIP_Dataset\New_model\Chirality_Crops\aug27_final_v2_bbox\val\right\13-49-49\images\right\right__GRIP_2026-08-27_13-49-49_fixed__e000099.jpg,right,top_background,right,2.1179318991926266e-06,0.9999978542327881,True
D:\GRIP_Dataset\New_model\Chirality_Crops\aug27_final_v2_bbox\val\right\13-49-49\images\right\right__GRIP_2026-08-27_13-49-49_fixed__e000099.jpg,right,bottom_background,right,2.1179318991926266e-06,0.9999978542327881,True
D:\GRIP_Dataset\New_model\Chirality_Crops\aug27_final_v2_bbox\val\right\13-49-49\images\right\right__GRIP_2026-08-27_13-49-49_fixed__e000100.jpg,right,original,right,6.628011760767549e-06,0.9999933242797852,True
D:\GRIP_Dataset\New_model\Chirality_Crops\aug27_final_v2_bbox\val\right\13-49-49\images\right\right__GRIP_2026-08-27_13-49-49_fixed__e000100.jpg,right,finger_side,right,0.0016120802611112595,0.9983879327774048,True
D:\GRIP_Dataset\New_model\Chirality_Crops\aug27_final_v2_bbox\val\right\13-49-49\images\right\right__GRIP_2026-08-27_13-49-49_fixed__e000100.jpg,right,cuff_side,right,2.1151923647266813e-05,0.9999788999557495,True
D:\GRIP_Dataset\New_model\Chirality_Crops\aug27_final_v2_bbox\val\right\13-49-49\images\right\right__GRIP_2026-08-27_13-49-49_fixed__e000100.jpg,right,centre,right,0.005427612457424402,0.9945723414421082,True
D:\GRIP_Dataset\New_model\Chirality_Crops\aug27_final_v2_bbox\val\right\13-49-49\images\right\right__GRIP_2026-08-27_13-49-49_fixed__e000100.jpg,right,top_background,right,6.8320700847834814e-06,0.9999932050704956,True
D:\GRIP_Dataset\New_model\Chirality_Crops\aug27_final_v2_bbox\val\right\13-49-49\images\right\right__GRIP_2026-08-27_13-49-49_fixed__e000100.jpg,right,bottom_background,right,6.59108718537027e-06,0.9999934434890747,True
D:\GRIP_Dataset\New_model\Chirality_Crops\aug27_final_v2_bbox\val\right\13-49-49\images\right\right__GRIP_2026-08-27_13-49-49_fixed__e000101.jpg,right,original,right,6.94947971169313e-07,0.9999992847442627,True
D:\GRIP_Dataset\New_model\Chirality_Crops\aug27_final_v2_bbox\val\right\13-49-49\images\right\right__GRIP_2026-08-27_13-49-49_fixed__e000101.jpg,right,finger_side,right,0.0767601877450943,0.9232398271560669,True
D:\GRIP_Dataset\New_model\Chirality_Crops\aug27_final_v2_bbox\val\right\13-49-49\images\right\right__GRIP_2026-08-27_13-49-49_fixed__e000101.jpg,right,cuff_side,right,5.100520411360776e-06,0.9999948740005493,True
D:\GRIP_Dataset\New_model\Chirality_Crops\aug27_final_v2_bbox\val\right\13-49-49\images\right\right__GRIP_2026-08-27_13-49-49_fixed__e000101.jpg,right,centre,right,0.0666913390159607,0.9333086609840393,True
D:\GRIP_Dataset\New_model\Chirality_Crops\aug27_final_v2_bbox\val\right\13-49-49\images\right\right__GRIP_2026-08-27_13-49-49_fixed__e000101.jpg,right,top_background,right,6.94947971169313e-07,0.9999992847442627,True
D:\GRIP_Dataset\New_model\Chirality_Crops\aug27_final_v2_bbox\val\right\13-49-49\images\right\right__GRIP_2026-08-27_13-49-49_fixed__e000101.jpg,right,bottom_background,right,6.94947971169313e-07,0.9999992847442627,True
D:\GRIP_Dataset\New_model\Chirality_Crops\aug27_final_v2_bbox\val\right\13-49-49\images\right\right__GRIP_2026-08-27_13-49-49_fixed__e000102.jpg,right,original,right,1.4882086361467373e-05,0.9999850988388062,True
D:\GRIP_Dataset\New_model\Chirality_Crops\aug27_final_v2_bbox\val\right\13-49-49\images\right\right__GRIP_2026-08-27_13-49-49_fixed__e000102.jpg,right,finger_side,right,0.0035811259876936674,0.996418833732605,True
D:\GRIP_Dataset\New_model\Chirality_Crops\aug27_final_v2_bbox\val\right\13-49-49\images\right\right__GRIP_2026-08-27_13-49-49_fixed__e000102.jpg,right,cuff_side,right,3.571082925191149e-05,0.9999642372131348,True
D:\GRIP_Dataset\New_model\Chirality_Crops\aug27_final_v2_bbox\val\right\13-49-49\images\right\right__GRIP_2026-08-27_13-49-49_fixed__e000102.jpg,right,centre,right,0.002252258826047182,0.9977477192878723,True
D:\GRIP_Dataset\New_model\Chirality_Crops\aug27_final_v2_bbox\val\right\13-49-49\images\right\right__GRIP_2026-08-27_13-49-49_fixed__e000102.jpg,right,top_background,right,1.4272772205004003e-05,0.9999856948852539,True
D:\GRIP_Dataset\New_model\Chirality_Crops\aug27_final_v2_bbox\val\right\13-49-49\images\right\right__GRIP_2026-08-27_13-49-49_fixed__e000102.jpg,right,bottom_background,right,1.488472662458662e-05,0.9999850988388062,True
D:\GRIP_Dataset\New_model\Chirality_Crops\aug27_final_v2_bbox\val\right\13-49-49\images\right\right__GRIP_2026-08-27_13-49-49_fixed__e000103.jpg,right,original,right,7.053278750390746e-06,0.9999929666519165,True
D:\GRIP_Dataset\New_model\Chirality_Crops\aug27_final_v2_bbox\val\right\13-49-49\images\right\right__GRIP_2026-08-27_13-49-49_fixed__e000103.jpg,right,finger_side,right,0.02915824204683304,0.9708417654037476,True
D:\GRIP_Dataset\New_model\Chirality_Crops\aug27_final_v2_bbox\val\right\13-49-49\images\right\right__GRIP_2026-08-27_13-49-49_fixed__e000103.jpg,right,cuff_side,right,5.3293162636691704e-05,0.9999467134475708,True
D:\GRIP_Dataset\New_model\Chirality_Crops\aug27_final_v2_bbox\val\right\13-49-49\images\right\right__GRIP_2026-08-27_13-49-49_fixed__e000103.jpg,right,centre,right,0.1256103813648224,0.8743895888328552,True
D:\GRIP_Dataset\New_model\Chirality_Crops\aug27_final_v2_bbox\val\right\13-49-49\images\right\right__GRIP_2026-08-27_13-49-49_fixed__e000103.jpg,right,top_background,right,7.053278750390746e-06,0.9999929666519165,True
D:\GRIP_Dataset\New_model\Chirality_Crops\aug27_final_v2_bbox\val\right\13-49-49\images\right\right__GRIP_2026-08-27_13-49-49_fixed__e000103.jpg,right,bottom_background,right,7.053278750390746e-06,0.9999929666519165,True
D:\GRIP_Dataset\New_model\Chirality_Crops\aug27_final_v2_bbox\val\right\13-49-49\images\right\right__GRIP_2026-08-27_13-49-49_fixed__e000104.jpg,right,original,right,8.030956087168306e-05,0.9999196529388428,True
D:\GRIP_Dataset\New_model\Chirality_Crops\aug27_final_v2_bbox\val\right\13-49-49\images\right\right__GRIP_2026-08-27_13-49-49_fixed__e000104.jpg,right,finger_side,right,0.0723048523068428,0.927695095539093,True
D:\GRIP_Dataset\New_model\Chirality_Crops\aug27_final_v2_bbox\val\right\13-49-49\images\right\right__GRIP_2026-08-27_13-49-49_fixed__e000104.jpg,right,cuff_side,right,0.0006182969664223492,0.9993816614151001,True
D:\GRIP_Dataset\New_model\Chirality_Crops\aug27_final_v2_bbox\val\right\13-49-49\images\right\right__GRIP_2026-08-27_13-49-49_fixed__e000104.jpg,right,centre,right,0.12147717922925949,0.8785228729248047,True
D:\GRIP_Dataset\New_model\Chirality_Crops\aug27_final_v2_bbox\val\right\13-49-49\images\right\right__GRIP_2026-08-27_13-49-49_fixed__e000104.jpg,right,top_background,right,8.030956087168306e-05,0.9999196529388428,True
D:\GRIP_Dataset\New_model\Chirality_Crops\aug27_final_v2_bbox\val\right\13-49-49\images\right\right__GRIP_2026-08-27_13-49-49_fixed__e000104.jpg,right,bottom_background,right,8.030956087168306e-05,0.9999196529388428,True
D:\GRIP_Dataset\New_model\Chirality_Crops\aug27_final_v2_bbox\val\right\13-49-49\images\right\right__GRIP_2026-08-27_13-49-49_fixed__e000105.jpg,right,original,right,3.893189204973169e-05,0.9999610185623169,True
D:\GRIP_Dataset\New_model\Chirality_Crops\aug27_final_v2_bbox\val\right\13-49-49\images\right\right__GRIP_2026-08-27_13-49-49_fixed__e000105.jpg,right,finger_side,right,0.33952271938323975,0.6604772806167603,True
D:\GRIP_Dataset\New_model\Chirality_Crops\aug27_final_v2_bbox\val\right\13-49-49\images\right\right__GRIP_2026-08-27_13-49-49_fixed__e000105.jpg,right,cuff_side,right,0.00024694192688912153,0.9997530579566956,True
D:\GRIP_Dataset\New_model\Chirality_Crops\aug27_final_v2_bbox\val\right\13-49-49\images\right\right__GRIP_2026-08-27_13-49-49_fixed__e000105.jpg,right,centre,right,0.10672912746667862,0.8932707905769348,True
D:\GRIP_Dataset\New_model\Chirality_Crops\aug27_final_v2_bbox\val\right\13-49-49\images\right\right__GRIP_2026-08-27_13-49-49_fixed__e000105.jpg,right,top_background,right,3.893189204973169e-05,0.9999610185623169,True
D:\GRIP_Dataset\New_model\Chirality_Crops\aug27_final_v2_bbox\val\right\13-49-49\images\right\right__GRIP_2026-08-27_13-49-49_fixed__e000105.jpg,right,bottom_background,right,3.893189204973169e-05,0.9999610185623169,True
D:\GRIP_Dataset\New_model\Chirality_Crops\aug27_final_v2_bbox\val\right\13-49-49\images\right\right__GRIP_2026-08-27_13-49-49_fixed__e000106.jpg,right,original,right,1.965386218216736e-07,0.9999997615814209,True
D:\GRIP_Dataset\New_model\Chirality_Crops\aug27_final_v2_bbox\val\right\13-49-49\images\right\right__GRIP_2026-08-27_13-49-49_fixed__e000106.jpg,right,finger_side,right,0.002506671007722616,0.9974933862686157,True
D:\GRIP_Dataset\New_model\Chirality_Crops\aug27_final_v2_bbox\val\right\13-49-49\images\right\right__GRIP_2026-08-27_13-49-49_fixed__e000106.jpg,right,cuff_side,right,1.8819234810507623e-06,0.9999980926513672,True
D:\GRIP_Dataset\New_model\Chirality_Crops\aug27_final_v2_bbox\val\right\13-49-49\images\right\right__GRIP_2026-08-27_13-49-49_fixed__e000106.jpg,right,centre,right,0.00037753747892566025,0.9996224641799927,True
D:\GRIP_Dataset\New_model\Chirality_Crops\aug27_final_v2_bbox\val\right\13-49-49\images\right\right__GRIP_2026-08-27_13-49-49_fixed__e000106.jpg,right,top_background,right,1.7888271486299345e-07,0.9999997615814209,True
D:\GRIP_Dataset\New_model\Chirality_Crops\aug27_final_v2_bbox\val\right\13-49-49\images\right\right__GRIP_2026-08-27_13-49-49_fixed__e000106.jpg,right,bottom_background,right,1.7560662968207907e-07,0.9999998807907104,True
D:\GRIP_Dataset\New_model\Chirality_Crops\aug27_final_v2_bbox\val\right\13-49-49\images\right\right__GRIP_2026-08-27_13-49-49_fixed__e000107.jpg,right,original,right,0.00537304999306798,0.9946269392967224,True
D:\GRIP_Dataset\New_model\Chirality_Crops\aug27_final_v2_bbox\val\right\13-49-49\images\right\right__GRIP_2026-08-27_13-49-49_fixed__e000107.jpg,right,finger_side,right,0.30916956067085266,0.6908304691314697,True
D:\GRIP_Dataset\New_model\Chirality_Crops\aug27_final_v2_bbox\val\right\13-49-49\images\right\right__GRIP_2026-08-27_13-49-49_fixed__e000107.jpg,right,cuff_side,right,0.03763584792613983,0.9623641967773438,True
D:\GRIP_Dataset\New_model\Chirality_Crops\aug27_final_v2_bbox\val\right\13-49-49\images\right\right__GRIP_2026-08-27_13-49-49_fixed__e000107.jpg,right,centre,left,0.9814642071723938,0.01853574626147747,False
D:\GRIP_Dataset\New_model\Chirality_Crops\aug27_final_v2_bbox\val\right\13-49-49\images\right\right__GRIP_2026-08-27_13-49-49_fixed__e000107.jpg,right,top_background,right,0.00537304999306798,0.9946269392967224,True
D:\GRIP_Dataset\New_model\Chirality_Crops\aug27_final_v2_bbox\val\right\13-49-49\images\right\right__GRIP_2026-08-27_13-49-49_fixed__e000107.jpg,right,bottom_background,right,0.00537304999306798,0.9946269392967224,True
D:\GRIP_Dataset\New_model\Chirality_Crops\aug27_final_v2_bbox\val\right\13-49-49\images\right\right__GRIP_2026-08-27_13-49-49_fixed__e000108.jpg,right,original,right,2.7231646527070552e-05,0.9999728202819824,True
D:\GRIP_Dataset\New_model\Chirality_Crops\aug27_final_v2_bbox\val\right\13-49-49\images\right\right__GRIP_2026-08-27_13-49-49_fixed__e000108.jpg,right,finger_side,right,0.0018599815666675568,0.9981399774551392,True
D:\GRIP_Dataset\New_model\Chirality_Crops\aug27_final_v2_bbox\val\right\13-49-49\images\right\right__GRIP_2026-08-27_13-49-49_fixed__e000108.jpg,right,cuff_side,right,7.139790250221267e-05,0.9999285936355591,True
D:\GRIP_Dataset\New_model\Chirality_Crops\aug27_final_v2_bbox\val\right\13-49-49\images\right\right__GRIP_2026-08-27_13-49-49_fixed__e000108.jpg,right,centre,right,0.0010766822379082441,0.9989232420921326,True
D:\GRIP_Dataset\New_model\Chirality_Crops\aug27_final_v2_bbox\val\right\13-49-49\images\right\right__GRIP_2026-08-27_13-49-49_fixed__e000108.jpg,right,top_background,right,3.098459274042398e-05,0.9999690055847168,True
D:\GRIP_Dataset\New_model\Chirality_Crops\aug27_final_v2_bbox\val\right\13-49-49\images\right\right__GRIP_2026-08-27_13-49-49_fixed__e000108.jpg,right,bottom_background,right,3.6882694985251874e-05,0.9999631643295288,True
D:\GRIP_Dataset\New_model\Chirality_Crops\aug27_final_v2_bbox\val\right\13-49-49\images\right\right__GRIP_2026-08-27_13-49-49_fixed__e000109.jpg,right,original,right,6.154957372928038e-05,0.9999384880065918,True
D:\GRIP_Dataset\New_model\Chirality_Crops\aug27_final_v2_bbox\val\right\13-49-49\images\right\right__GRIP_2026-08-27_13-49-49_fixed__e000109.jpg,right,finger_side,right,0.018990464508533478,0.9810096025466919,True
D:\GRIP_Dataset\New_model\Chirality_Crops\aug27_final_v2_bbox\val\right\13-49-49\images\right\right__GRIP_2026-08-27_13-49-49_fixed__e000109.jpg,right,cuff_side,right,0.005556283984333277,0.9944437146186829,True
D:\GRIP_Dataset\New_model\Chirality_Crops\aug27_final_v2_bbox\val\right\13-49-49\images\right\right__GRIP_2026-08-27_13-49-49_fixed__e000109.jpg,right,centre,left,0.9404122233390808,0.059587784111499786,False
D:\GRIP_Dataset\New_model\Chirality_Crops\aug27_final_v2_bbox\val\right\13-49-49\images\right\right__GRIP_2026-08-27_13-49-49_fixed__e000109.jpg,right,top_background,right,6.154957372928038e-05,0.9999384880065918,True
D:\GRIP_Dataset\New_model\Chirality_Crops\aug27_final_v2_bbox\val\right\13-49-49\images\right\right__GRIP_2026-08-27_13-49-49_fixed__e000109.jpg,right,bottom_background,right,6.154957372928038e-05,0.9999384880065918,True
D:\GRIP_Dataset\New_model\Chirality_Crops\aug27_final_v2_bbox\val\right\13-49-49\images\right\right__GRIP_2026-08-27_13-49-49_fixed__e000110.jpg,right,original,right,0.0011665017809718847,0.9988334774971008,True
D:\GRIP_Dataset\New_model\Chirality_Crops\aug27_final_v2_bbox\val\right\13-49-49\images\right\right__GRIP_2026-08-27_13-49-49_fixed__e000110.jpg,right,finger_side,left,0.977764368057251,0.022235674783587456,False
D:\GRIP_Dataset\New_model\Chirality_Crops\aug27_final_v2_bbox\val\right\13-49-49\images\right\right__GRIP_2026-08-27_13-49-49_fixed__e000110.jpg,right,cuff_side,right,8.827824058244005e-05,0.9999116659164429,True
D:\GRIP_Dataset\New_model\Chirality_Crops\aug27_final_v2_bbox\val\right\13-49-49\images\right\right__GRIP_2026-08-27_13-49-49_fixed__e000110.jpg,right,centre,right,0.359700471162796,0.6402995586395264,True
D:\GRIP_Dataset\New_model\Chirality_Crops\aug27_final_v2_bbox\val\right\13-49-49\images\right\right__GRIP_2026-08-27_13-49-49_fixed__e000110.jpg,right,top_background,right,0.0011073232162743807,0.9988927245140076,True
D:\GRIP_Dataset\New_model\Chirality_Crops\aug27_final_v2_bbox\val\right\13-49-49\images\right\right__GRIP_2026-08-27_13-49-49_fixed__e000110.jpg,right,bottom_background,right,0.00117451639380306,0.9988254904747009,True
D:\GRIP_Dataset\New_model\Chirality_Crops\aug27_final_v2_bbox\val\right\13-49-49\images\right\right__GRIP_2026-08-27_13-49-49_fixed__e000111.jpg,right,original,right,7.846067262562428e-08,0.9999998807907104,True
D:\GRIP_Dataset\New_model\Chirality_Crops\aug27_final_v2_bbox\val\right\13-49-49\images\right\right__GRIP_2026-08-27_13-49-49_fixed__e000111.jpg,right,finger_side,right,0.001040867529809475,0.9989590644836426,True
D:\GRIP_Dataset\New_model\Chirality_Crops\aug27_final_v2_bbox\val\right\13-49-49\images\right\right__GRIP_2026-08-27_13-49-49_fixed__e000111.jpg,right,cuff_side,right,7.255782179527159e-07,0.9999992847442627,True
D:\GRIP_Dataset\New_model\Chirality_Crops\aug27_final_v2_bbox\val\right\13-49-49\images\right\right__GRIP_2026-08-27_13-49-49_fixed__e000111.jpg,right,centre,right,0.0010479794582352042,0.9989520311355591,True
D:\GRIP_Dataset\New_model\Chirality_Crops\aug27_final_v2_bbox\val\right\13-49-49\images\right\right__GRIP_2026-08-27_13-49-49_fixed__e000111.jpg,right,top_background,right,7.751167885317045e-08,0.9999998807907104,True
D:\GRIP_Dataset\New_model\Chirality_Crops\aug27_final_v2_bbox\val\right\13-49-49\images\right\right__GRIP_2026-08-27_13-49-49_fixed__e000111.jpg,right,bottom_background,right,7.579487260045426e-08,0.9999998807907104,True
D:\GRIP_Dataset\New_model\Chirality_Crops\aug27_final_v2_bbox\val\right\13-49-49\images\right\right__GRIP_2026-08-27_13-49-49_fixed__e000112.jpg,right,original,right,7.752993269605213e-07,0.9999991655349731,True
D:\GRIP_Dataset\New_model\Chirality_Crops\aug27_final_v2_bbox\val\right\13-49-49\images\right\right__GRIP_2026-08-27_13-49-49_fixed__e000112.jpg,right,finger_side,right,0.003774486016482115,0.9962254762649536,True
D:\GRIP_Dataset\New_model\Chirality_Crops\aug27_final_v2_bbox\val\right\13-49-49\images\right\right__GRIP_2026-08-27_13-49-49_fixed__e000112.jpg,right,cuff_side,right,6.5869962782016955e-06,0.9999934434890747,True
D:\GRIP_Dataset\New_model\Chirality_Crops\aug27_final_v2_bbox\val\right\13-49-49\images\right\right__GRIP_2026-08-27_13-49-49_fixed__e000112.jpg,right,centre,right,0.003910133149474859,0.9960899353027344,True
D:\GRIP_Dataset\New_model\Chirality_Crops\aug27_final_v2_bbox\val\right\13-49-49\images\right\right__GRIP_2026-08-27_13-49-49_fixed__e000112.jpg,right,top_background,right,7.752993269605213e-07,0.9999991655349731,True
D:\GRIP_Dataset\New_model\Chirality_Crops\aug27_final_v2_bbox\val\right\13-49-49\images\right\right__GRIP_2026-08-27_13-49-49_fixed__e000112.jpg,right,bottom_background,right,7.752993269605213e-07,0.9999991655349731,True
D:\GRIP_Dataset\New_model\Chirality_Crops\aug27_final_v2_bbox\val\right\13-49-49\images\right\right__GRIP_2026-08-27_13-49-49_fixed__e000113.jpg,right,original,right,2.6056188289658166e-05,0.9999738931655884,True
D:\GRIP_Dataset\New_model\Chirality_Crops\aug27_final_v2_bbox\val\right\13-49-49\images\right\right__GRIP_2026-08-27_13-49-49_fixed__e000113.jpg,right,finger_side,left,0.6485033631324768,0.3514966666698456,False
D:\GRIP_Dataset\New_model\Chirality_Crops\aug27_final_v2_bbox\val\right\13-49-49\images\right\right__GRIP_2026-08-27_13-49-49_fixed__e000113.jpg,right,cuff_side,right,9.99649000732461e-06,0.9999899864196777,True
D:\GRIP_Dataset\New_model\Chirality_Crops\aug27_final_v2_bbox\val\right\13-49-49\images\right\right__GRIP_2026-08-27_13-49-49_fixed__e000113.jpg,right,centre,right,0.001986578805372119,0.9980133771896362,True
D:\GRIP_Dataset\New_model\Chirality_Crops\aug27_final_v2_bbox\val\right\13-49-49\images\right\right__GRIP_2026-08-27_13-49-49_fixed__e000113.jpg,right,top_background,right,2.6056188289658166e-05,0.9999738931655884,True
D:\GRIP_Dataset\New_model\Chirality_Crops\aug27_final_v2_bbox\val\right\13-49-49\images\right\right__GRIP_2026-08-27_13-49-49_fixed__e000113.jpg,right,bottom_background,right,2.6056188289658166e-05,0.9999738931655884,True
D:\GRIP_Dataset\New_model\Chirality_Crops\aug27_final_v2_bbox\val\right\13-49-49\images\right\right__GRIP_2026-08-27_13-49-49_fixed__e000114.jpg,right,original,right,2.4972038659143436e-07,0.9999997615814209,True
D:\GRIP_Dataset\New_model\Chirality_Crops\aug27_final_v2_bbox\val\right\13-49-49\images\right\right__GRIP_2026-08-27_13-49-49_fixed__e000114.jpg,right,finger_side,right,6.537960871355608e-05,0.9999346733093262,True
D:\GRIP_Dataset\New_model\Chirality_Crops\aug27_final_v2_bbox\val\right\13-49-49\images\right\right__GRIP_2026-08-27_13-49-49_fixed__e000114.jpg,right,cuff_side,right,1.6572845424889238e-06,0.9999983310699463,True
D:\GRIP_Dataset\New_model\Chirality_Crops\aug27_final_v2_bbox\val\right\13-49-49\images\right\right__GRIP_2026-08-27_13-49-49_fixed__e000114.jpg,right,centre,right,0.00010281190043315291,0.9998971223831177,True
D:\GRIP_Dataset\New_model\Chirality_Crops\aug27_final_v2_bbox\val\right\13-49-49\images\right\right__GRIP_2026-08-27_13-49-49_fixed__e000114.jpg,right,top_background,right,2.5572330741852056e-07,0.9999997615814209,True
D:\GRIP_Dataset\New_model\Chirality_Crops\aug27_final_v2_bbox\val\right\13-49-49\images\right\right__GRIP_2026-08-27_13-49-49_fixed__e000114.jpg,right,bottom_background,right,2.4043080770752567e-07,0.9999997615814209,True
D:\GRIP_Dataset\New_model\Chirality_Crops\aug27_final_v2_bbox\val\right\13-49-49\images\right\right__GRIP_2026-08-27_13-49-49_fixed__e000115.jpg,right,original,right,0.0010217376984655857,0.9989782571792603,True
D:\GRIP_Dataset\New_model\Chirality_Crops\aug27_final_v2_bbox\val\right\13-49-49\images\right\right__GRIP_2026-08-27_13-49-49_fixed__e000115.jpg,right,finger_side,right,0.12067152559757233,0.8793284893035889,True
D:\GRIP_Dataset\New_model\Chirality_Crops\aug27_final_v2_bbox\val\right\13-49-49\images\right\right__GRIP_2026-08-27_13-49-49_fixed__e000115.jpg,right,cuff_side,right,0.005080229602754116,0.9949197173118591,True
D:\GRIP_Dataset\New_model\Chirality_Crops\aug27_final_v2_bbox\val\right\13-49-49\images\right\right__GRIP_2026-08-27_13-49-49_fixed__e000115.jpg,right,centre,right,0.04541134089231491,0.9545886516571045,True
D:\GRIP_Dataset\New_model\Chirality_Crops\aug27_final_v2_bbox\val\right\13-49-49\images\right\right__GRIP_2026-08-27_13-49-49_fixed__e000115.jpg,right,top_background,right,0.0010217376984655857,0.9989782571792603,True
D:\GRIP_Dataset\New_model\Chirality_Crops\aug27_final_v2_bbox\val\right\13-49-49\images\right\right__GRIP_2026-08-27_13-49-49_fixed__e000115.jpg,right,bottom_background,right,0.0010217376984655857,0.9989782571792603,True
D:\GRIP_Dataset\New_model\Chirality_Crops\aug27_final_v2_bbox\val\right\13-49-49\images\right\right__GRIP_2026-08-27_13-49-49_fixed__e000116.jpg,right,original,right,2.415065125660476e-07,0.9999997615814209,True
D:\GRIP_Dataset\New_model\Chirality_Crops\aug27_final_v2_bbox\val\right\13-49-49\images\right\right__GRIP_2026-08-27_13-49-49_fixed__e000116.jpg,right,finger_side,right,0.0016426248475909233,0.998357355594635,True
D:\GRIP_Dataset\New_model\Chirality_Crops\aug27_final_v2_bbox\val\right\13-49-49\images\right\right__GRIP_2026-08-27_13-49-49_fixed__e000116.jpg,right,cuff_side,right,3.095711917922017e-06,0.9999969005584717,True
D:\GRIP_Dataset\New_model\Chirality_Crops\aug27_final_v2_bbox\val\right\13-49-49\images\right\right__GRIP_2026-08-27_13-49-49_fixed__e000116.jpg,right,centre,right,0.00015239688218571246,0.9998475313186646,True
D:\GRIP_Dataset\New_model\Chirality_Crops\aug27_final_v2_bbox\val\right\13-49-49\images\right\right__GRIP_2026-08-27_13-49-49_fixed__e000116.jpg,right,top_background,right,2.415065125660476e-07,0.9999997615814209,True
D:\GRIP_Dataset\New_model\Chirality_Crops\aug27_final_v2_bbox\val\right\13-49-49\images\right\right__GRIP_2026-08-27_13-49-49_fixed__e000116.jpg,right,bottom_background,right,2.415065125660476e-07,0.9999997615814209,True
D:\GRIP_Dataset\New_model\Chirality_Crops\aug27_final_v2_bbox\val\right\13-49-49\images\right\right__GRIP_2026-08-27_13-49-49_fixed__e000117.jpg,right,original,right,1.382503796776291e-05,0.9999861717224121,True
D:\GRIP_Dataset\New_model\Chirality_Crops\aug27_final_v2_bbox\val\right\13-49-49\images\right\right__GRIP_2026-08-27_13-49-49_fixed__e000117.jpg,right,finger_side,right,0.0038424087688326836,0.9961575865745544,True
D:\GRIP_Dataset\New_model\Chirality_Crops\aug27_final_v2_bbox\val\right\13-49-49\images\right\right__GRIP_2026-08-27_13-49-49_fixed__e000117.jpg,right,cuff_side,right,0.00035160218249075115,0.9996484518051147,True
D:\GRIP_Dataset\New_model\Chirality_Crops\aug27_final_v2_bbox\val\right\13-49-49\images\right\right__GRIP_2026-08-27_13-49-49_fixed__e000117.jpg,right,centre,left,0.643007218837738,0.35699278116226196,False
D:\GRIP_Dataset\New_model\Chirality_Crops\aug27_final_v2_bbox\val\right\13-49-49\images\right\right__GRIP_2026-08-27_13-49-49_fixed__e000117.jpg,right,top_background,right,1.382503796776291e-05,0.9999861717224121,True
D:\GRIP_Dataset\New_model\Chirality_Crops\aug27_final_v2_bbox\val\right\13-49-49\images\right\right__GRIP_2026-08-27_13-49-49_fixed__e000117.jpg,right,bottom_background,right,1.382503796776291e-05,0.9999861717224121,True
D:\GRIP_Dataset\New_model\Chirality_Crops\aug27_final_v2_bbox\val\right\13-49-49\images\right\right__GRIP_2026-08-27_13-49-49_fixed__e000118.jpg,right,original,right,1.7947719470612356e-06,0.9999982118606567,True
D:\GRIP_Dataset\New_model\Chirality_Crops\aug27_final_v2_bbox\val\right\13-49-49\images\right\right__GRIP_2026-08-27_13-49-49_fixed__e000118.jpg,right,finger_side,right,0.004979521967470646,0.9950205087661743,True
D:\GRIP_Dataset\New_model\Chirality_Crops\aug27_final_v2_bbox\val\right\13-49-49\images\right\right__GRIP_2026-08-27_13-49-49_fixed__e000118.jpg,right,cuff_side,right,1.2634773156605661e-05,0.9999873638153076,True
D:\GRIP_Dataset\New_model\Chirality_Crops\aug27_final_v2_bbox\val\right\13-49-49\images\right\right__GRIP_2026-08-27_13-49-49_fixed__e000118.jpg,right,centre,right,0.033430904150009155,0.9665691256523132,True
D:\GRIP_Dataset\New_model\Chirality_Crops\aug27_final_v2_bbox\val\right\13-49-49\images\right\right__GRIP_2026-08-27_13-49-49_fixed__e000118.jpg,right,top_background,right,1.7504310108051868e-06,0.9999982118606567,True
D:\GRIP_Dataset\New_model\Chirality_Crops\aug27_final_v2_bbox\val\right\13-49-49\images\right\right__GRIP_2026-08-27_13-49-49_fixed__e000118.jpg,right,bottom_background,right,1.7273821413255064e-06,0.9999983310699463,True
D:\GRIP_Dataset\New_model\Chirality_Crops\aug27_final_v2_bbox\val\right\13-49-49\images\right\right__GRIP_2026-08-27_13-49-49_fixed__e000120.jpg,right,original,right,1.3710116036236286e-05,0.9999862909317017,True
D:\GRIP_Dataset\New_model\Chirality_Crops\aug27_final_v2_bbox\val\right\13-49-49\images\right\right__GRIP_2026-08-27_13-49-49_fixed__e000120.jpg,right,finger_side,right,0.02761819027364254,0.9723818302154541,True
D:\GRIP_Dataset\New_model\Chirality_Crops\aug27_final_v2_bbox\val\right\13-49-49\images\right\right__GRIP_2026-08-27_13-49-49_fixed__e000120.jpg,right,cuff_side,right,2.5806673875194974e-05,0.999974250793457,True
D:\GRIP_Dataset\New_model\Chirality_Crops\aug27_final_v2_bbox\val\right\13-49-49\images\right\right__GRIP_2026-08-27_13-49-49_fixed__e000120.jpg,right,centre,right,0.01574169658124447,0.9842582941055298,True
D:\GRIP_Dataset\New_model\Chirality_Crops\aug27_final_v2_bbox\val\right\13-49-49\images\right\right__GRIP_2026-08-27_13-49-49_fixed__e000120.jpg,right,top_background,right,1.3710116036236286e-05,0.9999862909317017,True
D:\GRIP_Dataset\New_model\Chirality_Crops\aug27_final_v2_bbox\val\right\13-49-49\images\right\right__GRIP_2026-08-27_13-49-49_fixed__e000120.jpg,right,bottom_background,right,1.3710116036236286e-05,0.9999862909317017,True
D:\GRIP_Dataset\New_model\Chirality_Crops\aug27_final_v2_bbox\val\right\13-49-49\images\right\right__GRIP_2026-08-27_13-49-49_fixed__e000121.jpg,right,original,right,5.982467882859055e-06,0.9999940395355225,True
D:\GRIP_Dataset\New_model\Chirality_Crops\aug27_final_v2_bbox\val\right\13-49-49\images\right\right__GRIP_2026-08-27_13-49-49_fixed__e000121.jpg,right,finger_side,right,0.004129631910473108,0.9958702921867371,True
D:\GRIP_Dataset\New_model\Chirality_Crops\aug27_final_v2_bbox\val\right\13-49-49\images\right\right__GRIP_2026-08-27_13-49-49_fixed__e000121.jpg,right,cuff_side,right,0.00019622045510914177,0.9998038411140442,True
D:\GRIP_Dataset\New_model\Chirality_Crops\aug27_final_v2_bbox\val\right\13-49-49\images\right\right__GRIP_2026-08-27_13-49-49_fixed__e000121.jpg,right,centre,right,0.04441012814640999,0.9555898308753967,True
D:\GRIP_Dataset\New_model\Chirality_Crops\aug27_final_v2_bbox\val\right\13-49-49\images\right\right__GRIP_2026-08-27_13-49-49_fixed__e000121.jpg,right,top_background,right,5.982467882859055e-06,0.9999940395355225,True
D:\GRIP_Dataset\New_model\Chirality_Crops\aug27_final_v2_bbox\val\right\13-49-49\images\right\right__GRIP_2026-08-27_13-49-49_fixed__e000121.jpg,right,bottom_background,right,5.982467882859055e-06,0.9999940395355225,True
D:\GRIP_Dataset\New_model\Chirality_Crops\aug27_final_v2_bbox\val\right\13-49-49\images\right\right__GRIP_2026-08-27_13-49-49_fixed__e000122.jpg,right,original,right,6.205628596944734e-05,0.999937891960144,True
D:\GRIP_Dataset\New_model\Chirality_Crops\aug27_final_v2_bbox\val\right\13-49-49\images\right\right__GRIP_2026-08-27_13-49-49_fixed__e000122.jpg,right,finger_side,right,0.05086922273039818,0.9491308331489563,True
D:\GRIP_Dataset\New_model\Chirality_Crops\aug27_final_v2_bbox\val\right\13-49-49\images\right\right__GRIP_2026-08-27_13-49-49_fixed__e000122.jpg,right,cuff_side,right,0.0013161642709746957,0.9986838698387146,True
D:\GRIP_Dataset\New_model\Chirality_Crops\aug27_final_v2_bbox\val\right\13-49-49\images\right\right__GRIP_2026-08-27_13-49-49_fixed__e000122.jpg,right,centre,right,0.04066741466522217,0.9593326449394226,True
D:\GRIP_Dataset\New_model\Chirality_Crops\aug27_final_v2_bbox\val\right\13-49-49\images\right\right__GRIP_2026-08-27_13-49-49_fixed__e000122.jpg,right,top_background,right,6.430256325984374e-05,0.9999357461929321,True
D:\GRIP_Dataset\New_model\Chirality_Crops\aug27_final_v2_bbox\val\right\13-49-49\images\right\right__GRIP_2026-08-27_13-49-49_fixed__e000122.jpg,right,bottom_background,right,5.928735845373012e-05,0.9999407529830933,True
D:\GRIP_Dataset\New_model\Chirality_Crops\aug27_final_v2_bbox\val\right\13-49-49\images\right\right__GRIP_2026-08-27_13-49-49_fixed__e000124.jpg,right,original,right,7.986590162545326e-07,0.9999991655349731,True
D:\GRIP_Dataset\New_model\Chirality_Crops\aug27_final_v2_bbox\val\right\13-49-49\images\right\right__GRIP_2026-08-27_13-49-49_fixed__e000124.jpg,right,finger_side,right,0.00045389929437078536,0.9995461106300354,True
D:\GRIP_Dataset\New_model\Chirality_Crops\aug27_final_v2_bbox\val\right\13-49-49\images\right\right__GRIP_2026-08-27_13-49-49_fixed__e000124.jpg,right,cuff_side,right,6.094349828345003e-06,0.9999939203262329,True
D:\GRIP_Dataset\New_model\Chirality_Crops\aug27_final_v2_bbox\val\right\13-49-49\images\right\right__GRIP_2026-08-27_13-49-49_fixed__e000124.jpg,right,centre,right,6.398942059604451e-05,0.9999359846115112,True
D:\GRIP_Dataset\New_model\Chirality_Crops\aug27_final_v2_bbox\val\right\13-49-49\images\right\right__GRIP_2026-08-27_13-49-49_fixed__e000124.jpg,right,top_background,right,7.18649573627772e-07,0.9999992847442627,True
D:\GRIP_Dataset\New_model\Chirality_Crops\aug27_final_v2_bbox\val\right\13-49-49\images\right\right__GRIP_2026-08-27_13-49-49_fixed__e000124.jpg,right,bottom_background,right,1.2396428701322293e-06,0.9999988079071045,True
D:\GRIP_Dataset\New_model\Chirality_Crops\aug27_final_v2_bbox\val\right\13-49-49\images\right\right__GRIP_2026-08-27_13-49-49_fixed__e000126.jpg,right,original,right,1.4109392054706404e-07,0.9999998807907104,True
D:\GRIP_Dataset\New_model\Chirality_Crops\aug27_final_v2_bbox\val\right\13-49-49\images\right\right__GRIP_2026-08-27_13-49-49_fixed__e000126.jpg,right,finger_side,right,0.008077194914221764,0.9919227957725525,True
D:\GRIP_Dataset\New_model\Chirality_Crops\aug27_final_v2_bbox\val\right\13-49-49\images\right\right__GRIP_2026-08-27_13-49-49_fixed__e000126.jpg,right,cuff_side,right,1.5875042436164222e-06,0.9999984502792358,True
D:\GRIP_Dataset\New_model\Chirality_Crops\aug27_final_v2_bbox\val\right\13-49-49\images\right\right__GRIP_2026-08-27_13-49-49_fixed__e000126.jpg,right,centre,right,0.0014856404159218073,0.9985143542289734,True
D:\GRIP_Dataset\New_model\Chirality_Crops\aug27_final_v2_bbox\val\right\13-49-49\images\right\right__GRIP_2026-08-27_13-49-49_fixed__e000126.jpg,right,top_background,right,1.4109392054706404e-07,0.9999998807907104,True
D:\GRIP_Dataset\New_model\Chirality_Crops\aug27_final_v2_bbox\val\right\13-49-49\images\right\right__GRIP_2026-08-27_13-49-49_fixed__e000126.jpg,right,bottom_background,right,1.4109392054706404e-07,0.9999998807907104,True
D:\GRIP_Dataset\New_model\Chirality_Crops\aug27_final_v2_bbox\val\right\13-49-49\images\right\right__GRIP_2026-08-27_13-49-49_fixed__e000127.jpg,right,original,right,1.0636944125508307e-06,0.999998927116394,True
D:\GRIP_Dataset\New_model\Chirality_Crops\aug27_final_v2_bbox\val\right\13-49-49\images\right\right__GRIP_2026-08-27_13-49-49_fixed__e000127.jpg,right,finger_side,right,0.005388984922319651,0.9946110248565674,True
D:\GRIP_Dataset\New_model\Chirality_Crops\aug27_final_v2_bbox\val\right\13-49-49\images\right\right__GRIP_2026-08-27_13-49-49_fixed__e000127.jpg,right,cuff_side,right,3.1173981369647663e-06,0.9999969005584717,True
D:\GRIP_Dataset\New_model\Chirality_Crops\aug27_final_v2_bbox\val\right\13-49-49\images\right\right__GRIP_2026-08-27_13-49-49_fixed__e000127.jpg,right,centre,right,0.06549061089754105,0.9345094561576843,True
D:\GRIP_Dataset\New_model\Chirality_Crops\aug27_final_v2_bbox\val\right\13-49-49\images\right\right__GRIP_2026-08-27_13-49-49_fixed__e000127.jpg,right,top_background,right,1.0258347629132913e-06,0.999998927116394,True
D:\GRIP_Dataset\New_model\Chirality_Crops\aug27_final_v2_bbox\val\right\13-49-49\images\right\right__GRIP_2026-08-27_13-49-49_fixed__e000127.jpg,right,bottom_background,right,1.0636944125508307e-06,0.999998927116394,True
D:\GRIP_Dataset\New_model\Chirality_Crops\aug27_final_v2_bbox\val\right\13-49-49\images\right\right__GRIP_2026-08-27_13-49-49_fixed__e000129.jpg,right,original,right,4.5759253453070414e-07,0.9999995231628418,True
D:\GRIP_Dataset\New_model\Chirality_Crops\aug27_final_v2_bbox\val\right\13-49-49\images\right\right__GRIP_2026-08-27_13-49-49_fixed__e000129.jpg,right,finger_side,right,0.0017208060016855597,0.9982792139053345,True
D:\GRIP_Dataset\New_model\Chirality_Crops\aug27_final_v2_bbox\val\right\13-49-49\images\right\right__GRIP_2026-08-27_13-49-49_fixed__e000129.jpg,right,cuff_side,right,1.7965255665330915e-06,0.9999982118606567,True
D:\GRIP_Dataset\New_model\Chirality_Crops\aug27_final_v2_bbox\val\right\13-49-49\images\right\right__GRIP_2026-08-27_13-49-49_fixed__e000129.jpg,right,centre,right,0.004486751276999712,0.9955132603645325,True
D:\GRIP_Dataset\New_model\Chirality_Crops\aug27_final_v2_bbox\val\right\13-49-49\images\right\right__GRIP_2026-08-27_13-49-49_fixed__e000129.jpg,right,top_background,right,4.4829704393123393e-07,0.9999995231628418,True
D:\GRIP_Dataset\New_model\Chirality_Crops\aug27_final_v2_bbox\val\right\13-49-49\images\right\right__GRIP_2026-08-27_13-49-49_fixed__e000129.jpg,right,bottom_background,right,4.4339972760099045e-07,0.9999995231628418,True
D:\GRIP_Dataset\New_model\Chirality_Crops\aug27_final_v2_bbox\val\right\13-49-49\images\right\right__GRIP_2026-08-27_13-49-49_fixed__e000130.jpg,right,original,right,1.767113303685619e-06,0.9999982118606567,True
D:\GRIP_Dataset\New_model\Chirality_Crops\aug27_final_v2_bbox\val\right\13-49-49\images\right\right__GRIP_2026-08-27_13-49-49_fixed__e000130.jpg,right,finger_side,right,0.10471316426992416,0.8952868580818176,True
D:\GRIP_Dataset\New_model\Chirality_Crops\aug27_final_v2_bbox\val\right\13-49-49\images\right\right__GRIP_2026-08-27_13-49-49_fixed__e000130.jpg,right,cuff_side,right,1.7269803720409982e-05,0.9999827146530151,True
D:\GRIP_Dataset\New_model\Chirality_Crops\aug27_final_v2_bbox\val\right\13-49-49\images\right\right__GRIP_2026-08-27_13-49-49_fixed__e000130.jpg,right,centre,right,0.15019963681697845,0.8498003482818604,True
D:\GRIP_Dataset\New_model\Chirality_Crops\aug27_final_v2_bbox\val\right\13-49-49\images\right\right__GRIP_2026-08-27_13-49-49_fixed__e000130.jpg,right,top_background,right,1.767113303685619e-06,0.9999982118606567,True
D:\GRIP_Dataset\New_model\Chirality_Crops\aug27_final_v2_bbox\val\right\13-49-49\images\right\right__GRIP_2026-08-27_13-49-49_fixed__e000130.jpg,right,bottom_background,right,1.767113303685619e-06,0.9999982118606567,True
D:\GRIP_Dataset\New_model\Chirality_Crops\aug27_final_v2_bbox\val\right\13-49-49\images\right\right__GRIP_2026-08-27_13-49-49_fixed__e000131.jpg,right,original,right,3.489184621230379e-07,0.9999996423721313,True
D:\GRIP_Dataset\New_model\Chirality_Crops\aug27_final_v2_bbox\val\right\13-49-49\images\right\right__GRIP_2026-08-27_13-49-49_fixed__e000131.jpg,right,finger_side,right,0.000543649191968143,0.9994563460350037,True
D:\GRIP_Dataset\New_model\Chirality_Crops\aug27_final_v2_bbox\val\right\13-49-49\images\right\right__GRIP_2026-08-27_13-49-49_fixed__e000131.jpg,right,cuff_side,right,5.360929662856506e-06,0.9999946355819702,True
D:\GRIP_Dataset\New_model\Chirality_Crops\aug27_final_v2_bbox\val\right\13-49-49\images\right\right__GRIP_2026-08-27_13-49-49_fixed__e000131.jpg,right,centre,right,0.00940659735351801,0.9905933737754822,True
D:\GRIP_Dataset\New_model\Chirality_Crops\aug27_final_v2_bbox\val\right\13-49-49\images\right\right__GRIP_2026-08-27_13-49-49_fixed__e000131.jpg,right,top_background,right,3.489184621230379e-07,0.9999996423721313,True
D:\GRIP_Dataset\New_model\Chirality_Crops\aug27_final_v2_bbox\val\right\13-49-49\images\right\right__GRIP_2026-08-27_13-49-49_fixed__e000131.jpg,right,bottom_background,right,3.489184621230379e-07,0.9999996423721313,True
D:\GRIP_Dataset\New_model\Chirality_Crops\aug27_final_v2_bbox\val\right\13-49-49\images\right\right__GRIP_2026-08-27_13-49-49_fixed__e000132.jpg,right,original,right,1.5216121482808376e-06,0.9999984502792358,True
D:\GRIP_Dataset\New_model\Chirality_Crops\aug27_final_v2_bbox\val\right\13-49-49\images\right\right__GRIP_2026-08-27_13-49-49_fixed__e000132.jpg,right,finger_side,right,0.003925397992134094,0.9960746765136719,True
D:\GRIP_Dataset\New_model\Chirality_Crops\aug27_final_v2_bbox\val\right\13-49-49\images\right\right__GRIP_2026-08-27_13-49-49_fixed__e000132.jpg,right,cuff_side,right,7.599718628625851e-06,0.9999923706054688,True
D:\GRIP_Dataset\New_model\Chirality_Crops\aug27_final_v2_bbox\val\right\13-49-49\images\right\right__GRIP_2026-08-27_13-49-49_fixed__e000132.jpg,right,centre,right,0.004116083960980177,0.9958838820457458,True
D:\GRIP_Dataset\New_model\Chirality_Crops\aug27_final_v2_bbox\val\right\13-49-49\images\right\right__GRIP_2026-08-27_13-49-49_fixed__e000132.jpg,right,top_background,right,3.497996294754557e-05,0.9999650716781616,True
D:\GRIP_Dataset\New_model\Chirality_Crops\aug27_final_v2_bbox\val\right\13-49-49\images\right\right__GRIP_2026-08-27_13-49-49_fixed__e000132.jpg,right,bottom_background,right,5.121552476339275e-06,0.9999948740005493,True
D:\GRIP_Dataset\New_model\Chirality_Crops\aug27_final_v2_bbox\val\right\13-49-49\images\right\right__GRIP_2026-08-27_13-49-49_fixed__e000134.jpg,right,original,right,1.9821180785584147e-07,0.9999997615814209,True
D:\GRIP_Dataset\New_model\Chirality_Crops\aug27_final_v2_bbox\val\right\13-49-49\images\right\right__GRIP_2026-08-27_13-49-49_fixed__e000134.jpg,right,finger_side,right,0.0005098271649330854,0.9994901418685913,True
D:\GRIP_Dataset\New_model\Chirality_Crops\aug27_final_v2_bbox\val\right\13-49-49\images\right\right__GRIP_2026-08-27_13-49-49_fixed__e000134.jpg,right,cuff_side,right,1.937114348038449e-06,0.9999980926513672,True
D:\GRIP_Dataset\New_model\Chirality_Crops\aug27_final_v2_bbox\val\right\13-49-49\images\right\right__GRIP_2026-08-27_13-49-49_fixed__e000134.jpg,right,centre,right,0.0005895690992474556,0.9994103908538818,True
D:\GRIP_Dataset\New_model\Chirality_Crops\aug27_final_v2_bbox\val\right\13-49-49\images\right\right__GRIP_2026-08-27_13-49-49_fixed__e000134.jpg,right,top_background,right,1.9821180785584147e-07,0.9999997615814209,True
D:\GRIP_Dataset\New_model\Chirality_Crops\aug27_final_v2_bbox\val\right\13-49-49\images\right\right__GRIP_2026-08-27_13-49-49_fixed__e000134.jpg,right,bottom_background,right,1.9821180785584147e-07,0.9999997615814209,True
D:\GRIP_Dataset\New_model\Chirality_Crops\aug27_final_v2_bbox\val\right\13-49-49\images\right\right__GRIP_2026-08-27_13-49-49_fixed__e000135.jpg,right,original,right,4.4599690340874076e-07,0.9999995231628418,True
D:\GRIP_Dataset\New_model\Chirality_Crops\aug27_final_v2_bbox\val\right\13-49-49\images\right\right__GRIP_2026-08-27_13-49-49_fixed__e000135.jpg,right,finger_side,right,0.0011840955121442676,0.9988158941268921,True
D:\GRIP_Dataset\New_model\Chirality_Crops\aug27_final_v2_bbox\val\right\13-49-49\images\right\right__GRIP_2026-08-27_13-49-49_fixed__e000135.jpg,right,cuff_side,right,2.9227160212030867e-06,0.9999970197677612,True
D:\GRIP_Dataset\New_model\Chirality_Crops\aug27_final_v2_bbox\val\right\13-49-49\images\right\right__GRIP_2026-08-27_13-49-49_fixed__e000135.jpg,right,centre,right,0.004627563524991274,0.995372474193573,True
D:\GRIP_Dataset\New_model\Chirality_Crops\aug27_final_v2_bbox\val\right\13-49-49\images\right\right__GRIP_2026-08-27_13-49-49_fixed__e000135.jpg,right,top_background,right,4.16182928120179e-07,0.9999996423721313,True
D:\GRIP_Dataset\New_model\Chirality_Crops\aug27_final_v2_bbox\val\right\13-49-49\images\right\right__GRIP_2026-08-27_13-49-49_fixed__e000135.jpg,right,bottom_background,right,4.3838525698447484e-07,0.9999995231628418,True
D:\GRIP_Dataset\New_model\Chirality_Crops\aug27_final_v2_bbox\val\right\13-49-49\images\right\right__GRIP_2026-08-27_13-49-49_fixed__e000137.jpg,right,original,right,8.048070412769448e-06,0.9999918937683105,True
D:\GRIP_Dataset\New_model\Chirality_Crops\aug27_final_v2_bbox\val\right\13-49-49\images\right\right__GRIP_2026-08-27_13-49-49_fixed__e000137.jpg,right,finger_side,right,0.0037724822759628296,0.996227502822876,True
D:\GRIP_Dataset\New_model\Chirality_Crops\aug27_final_v2_bbox\val\right\13-49-49\images\right\right__GRIP_2026-08-27_13-49-49_fixed__e000137.jpg,right,cuff_side,right,0.0003496606950648129,0.9996503591537476,True
D:\GRIP_Dataset\New_model\Chirality_Crops\aug27_final_v2_bbox\val\right\13-49-49\images\right\right__GRIP_2026-08-27_13-49-49_fixed__e000137.jpg,right,centre,right,0.039676908403635025,0.9603231549263,True
D:\GRIP_Dataset\New_model\Chirality_Crops\aug27_final_v2_bbox\val\right\13-49-49\images\right\right__GRIP_2026-08-27_13-49-49_fixed__e000137.jpg,right,top_background,right,7.778575309203006e-06,0.9999922513961792,True
D:\GRIP_Dataset\New_model\Chirality_Crops\aug27_final_v2_bbox\val\right\13-49-49\images\right\right__GRIP_2026-08-27_13-49-49_fixed__e000137.jpg,right,bottom_background,right,7.947211088321637e-06,0.9999920129776001,True
D:\GRIP_Dataset\New_model\Chirality_Crops\aug27_final_v2_bbox\val\right\13-49-49\images\right\right__GRIP_2026-08-27_13-49-49_fixed__e000138.jpg,right,original,right,3.4979237284460396e-07,0.9999996423721313,True
D:\GRIP_Dataset\New_model\Chirality_Crops\aug27_final_v2_bbox\val\right\13-49-49\images\right\right__GRIP_2026-08-27_13-49-49_fixed__e000138.jpg,right,finger_side,right,0.0006586782983504236,0.9993413090705872,True
D:\GRIP_Dataset\New_model\Chirality_Crops\aug27_final_v2_bbox\val\right\13-49-49\images\right\right__GRIP_2026-08-27_13-49-49_fixed__e000138.jpg,right,cuff_side,right,1.8992062905454077e-05,0.9999810457229614,True
D:\GRIP_Dataset\New_model\Chirality_Crops\aug27_final_v2_bbox\val\right\13-49-49\images\right\right__GRIP_2026-08-27_13-49-49_fixed__e000138.jpg,right,centre,right,0.005902951117604971,0.9940969944000244,True
D:\GRIP_Dataset\New_model\Chirality_Crops\aug27_final_v2_bbox\val\right\13-49-49\images\right\right__GRIP_2026-08-27_13-49-49_fixed__e000138.jpg,right,top_background,right,3.4979237284460396e-07,0.9999996423721313,True
D:\GRIP_Dataset\New_model\Chirality_Crops\aug27_final_v2_bbox\val\right\13-49-49\images\right\right__GRIP_2026-08-27_13-49-49_fixed__e000138.jpg,right,bottom_background,right,3.4979237284460396e-07,0.9999996423721313,True
D:\GRIP_Dataset\New_model\Chirality_Crops\aug27_final_v2_bbox\val\right\13-49-49\images\right\right__GRIP_2026-08-27_13-49-49_fixed__e000139.jpg,right,original,right,1.0100490726472344e-05,0.9999898672103882,True
D:\GRIP_Dataset\New_model\Chirality_Crops\aug27_final_v2_bbox\val\right\13-49-49\images\right\right__GRIP_2026-08-27_13-49-49_fixed__e000139.jpg,right,finger_side,right,0.001793634844943881,0.998206377029419,True
D:\GRIP_Dataset\New_model\Chirality_Crops\aug27_final_v2_bbox\val\right\13-49-49\images\right\right__GRIP_2026-08-27_13-49-49_fixed__e000139.jpg,right,cuff_side,right,0.0006931789102964103,0.9993067979812622,True
D:\GRIP_Dataset\New_model\Chirality_Crops\aug27_final_v2_bbox\val\right\13-49-49\images\right\right__GRIP_2026-08-27_13-49-49_fixed__e000139.jpg,right,centre,right,0.0021509381476789713,0.9978491067886353,True
D:\GRIP_Dataset\New_model\Chirality_Crops\aug27_final_v2_bbox\val\right\13-49-49\images\right\right__GRIP_2026-08-27_13-49-49_fixed__e000139.jpg,right,top_background,right,8.961634193838108e-06,0.9999910593032837,True
D:\GRIP_Dataset\New_model\Chirality_Crops\aug27_final_v2_bbox\val\right\13-49-49\images\right\right__GRIP_2026-08-27_13-49-49_fixed__e000139.jpg,right,bottom_background,right,9.624936865293421e-06,0.9999903440475464,True
D:\GRIP_Dataset\New_model\Chirality_Crops\aug27_final_v2_bbox\val\right\13-49-49\images\right\right__GRIP_2026-08-27_13-49-49_fixed__e000140.jpg,right,original,right,2.53479271350443e-07,0.9999997615814209,True
D:\GRIP_Dataset\New_model\Chirality_Crops\aug27_final_v2_bbox\val\right\13-49-49\images\right\right__GRIP_2026-08-27_13-49-49_fixed__e000140.jpg,right,finger_side,right,0.006131501402705908,0.9938685297966003,True
D:\GRIP_Dataset\New_model\Chirality_Crops\aug27_final_v2_bbox\val\right\13-49-49\images\right\right__GRIP_2026-08-27_13-49-49_fixed__e000140.jpg,right,cuff_side,right,1.7332962443106226e-06,0.9999982118606567,True
D:\GRIP_Dataset\New_model\Chirality_Crops\aug27_final_v2_bbox\val\right\13-49-49\images\right\right__GRIP_2026-08-27_13-49-49_fixed__e000140.jpg,right,centre,right,0.001206155400723219,0.9987938404083252,True
D:\GRIP_Dataset\New_model\Chirality_Crops\aug27_final_v2_bbox\val\right\13-49-49\images\right\right__GRIP_2026-08-27_13-49-49_fixed__e000140.jpg,right,top_background,right,2.53479271350443e-07,0.9999997615814209,True
D:\GRIP_Dataset\New_model\Chirality_Crops\aug27_final_v2_bbox\val\right\13-49-49\images\right\right__GRIP_2026-08-27_13-49-49_fixed__e000140.jpg,right,bottom_background,right,2.53479271350443e-07,0.9999997615814209,True
D:\GRIP_Dataset\New_model\Chirality_Crops\aug27_final_v2_bbox\val\right\13-49-49\images\right\right__GRIP_2026-08-27_13-49-49_fixed__e000141.jpg,right,original,right,0.00563346641138196,0.994366466999054,True
D:\GRIP_Dataset\New_model\Chirality_Crops\aug27_final_v2_bbox\val\right\13-49-49\images\right\right__GRIP_2026-08-27_13-49-49_fixed__e000141.jpg,right,finger_side,right,0.3390519320964813,0.6609480381011963,True
D:\GRIP_Dataset\New_model\Chirality_Crops\aug27_final_v2_bbox\val\right\13-49-49\images\right\right__GRIP_2026-08-27_13-49-49_fixed__e000141.jpg,right,cuff_side,right,0.19339466094970703,0.8066053986549377,True
D:\GRIP_Dataset\New_model\Chirality_Crops\aug27_final_v2_bbox\val\right\13-49-49\images\right\right__GRIP_2026-08-27_13-49-49_fixed__e000141.jpg,right,centre,left,0.6172792911529541,0.3827206790447235,False
D:\GRIP_Dataset\New_model\Chirality_Crops\aug27_final_v2_bbox\val\right\13-49-49\images\right\right__GRIP_2026-08-27_13-49-49_fixed__e000141.jpg,right,top_background,right,0.00563346641138196,0.994366466999054,True
D:\GRIP_Dataset\New_model\Chirality_Crops\aug27_final_v2_bbox\val\right\13-49-49\images\right\right__GRIP_2026-08-27_13-49-49_fixed__e000141.jpg,right,bottom_background,right,0.00563346641138196,0.994366466999054,True
D:\GRIP_Dataset\New_model\Chirality_Crops\aug27_final_v2_bbox\val\right\13-49-49\images\right\right__GRIP_2026-08-27_13-49-49_fixed__e000142.jpg,right,original,right,5.50855475012213e-07,0.9999994039535522,True
D:\GRIP_Dataset\New_model\Chirality_Crops\aug27_final_v2_bbox\val\right\13-49-49\images\right\right__GRIP_2026-08-27_13-49-49_fixed__e000142.jpg,right,finger_side,right,0.00700216693803668,0.9929977655410767,True
D:\GRIP_Dataset\New_model\Chirality_Crops\aug27_final_v2_bbox\val\right\13-49-49\images\right\right__GRIP_2026-08-27_13-49-49_fixed__e000142.jpg,right,cuff_side,right,5.729171789425891e-06,0.9999942779541016,True
D:\GRIP_Dataset\New_model\Chirality_Crops\aug27_final_v2_bbox\val\right\13-49-49\images\right\right__GRIP_2026-08-27_13-49-49_fixed__e000142.jpg,right,centre,right,0.0013076463947072625,0.9986923336982727,True
D:\GRIP_Dataset\New_model\Chirality_Crops\aug27_final_v2_bbox\val\right\13-49-49\images\right\right__GRIP_2026-08-27_13-49-49_fixed__e000142.jpg,right,top_background,right,5.061597221356351e-07,0.9999995231628418,True
D:\GRIP_Dataset\New_model\Chirality_Crops\aug27_final_v2_bbox\val\right\13-49-49\images\right\right__GRIP_2026-08-27_13-49-49_fixed__e000142.jpg,right,bottom_background,right,5.203035584600002e-07,0.9999995231628418,True
D:\GRIP_Dataset\New_model\Chirality_Crops\aug27_final_v2_bbox\val\right\13-49-49\images\right\right__GRIP_2026-08-27_13-49-49_fixed__e000143.jpg,right,original,right,1.4207652156983386e-06,0.9999985694885254,True
D:\GRIP_Dataset\New_model\Chirality_Crops\aug27_final_v2_bbox\val\right\13-49-49\images\right\right__GRIP_2026-08-27_13-49-49_fixed__e000143.jpg,right,finger_side,right,0.0003339406393934041,0.9996660947799683,True
D:\GRIP_Dataset\New_model\Chirality_Crops\aug27_final_v2_bbox\val\right\13-49-49\images\right\right__GRIP_2026-08-27_13-49-49_fixed__e000143.jpg,right,cuff_side,right,4.2607065552147105e-05,0.9999574422836304,True
D:\GRIP_Dataset\New_model\Chirality_Crops\aug27_final_v2_bbox\val\right\13-49-49\images\right\right__GRIP_2026-08-27_13-49-49_fixed__e000143.jpg,right,centre,right,0.032431453466415405,0.9675685167312622,True
D:\GRIP_Dataset\New_model\Chirality_Crops\aug27_final_v2_bbox\val\right\13-49-49\images\right\right__GRIP_2026-08-27_13-49-49_fixed__e000143.jpg,right,top_background,right,1.4442708788919845e-06,0.9999985694885254,True
D:\GRIP_Dataset\New_model\Chirality_Crops\aug27_final_v2_bbox\val\right\13-49-49\images\right\right__GRIP_2026-08-27_13-49-49_fixed__e000143.jpg,right,bottom_background,right,1.2945583875989541e-06,0.9999986886978149,True
D:\GRIP_Dataset\New_model\Chirality_Crops\aug27_final_v2_bbox\val\right\13-49-49\images\right\right__GRIP_2026-08-27_13-49-49_fixed__e000145.jpg,right,original,right,5.040319805971194e-08,1.0,True
D:\GRIP_Dataset\New_model\Chirality_Crops\aug27_final_v2_bbox\val\right\13-49-49\images\right\right__GRIP_2026-08-27_13-49-49_fixed__e000145.jpg,right,finger_side,right,0.004319303669035435,0.9956806898117065,True
D:\GRIP_Dataset\New_model\Chirality_Crops\aug27_final_v2_bbox\val\right\13-49-49\images\right\right__GRIP_2026-08-27_13-49-49_fixed__e000145.jpg,right,cuff_side,right,2.5983285922848154e-07,0.9999997615814209,True
D:\GRIP_Dataset\New_model\Chirality_Crops\aug27_final_v2_bbox\val\right\13-49-49\images\right\right__GRIP_2026-08-27_13-49-49_fixed__e000145.jpg,right,centre,right,0.0020949188619852066,0.9979051351547241,True
D:\GRIP_Dataset\New_model\Chirality_Crops\aug27_final_v2_bbox\val\right\13-49-49\images\right\right__GRIP_2026-08-27_13-49-49_fixed__e000145.jpg,right,top_background,right,4.3187036169456405e-08,1.0,True
D:\GRIP_Dataset\New_model\Chirality_Crops\aug27_final_v2_bbox\val\right\13-49-49\images\right\right__GRIP_2026-08-27_13-49-49_fixed__e000145.jpg,right,bottom_background,right,4.839800737954647e-08,1.0,True
D:\GRIP_Dataset\New_model\Chirality_Crops\aug27_final_v2_bbox\val\right\13-49-49\images\right\right__GRIP_2026-08-27_13-49-49_fixed__e000146.jpg,right,original,right,1.2026622243865859e-05,0.9999879598617554,True
D:\GRIP_Dataset\New_model\Chirality_Crops\aug27_final_v2_bbox\val\right\13-49-49\images\right\right__GRIP_2026-08-27_13-49-49_fixed__e000146.jpg,right,finger_side,right,0.29362085461616516,0.7063791155815125,True
D:\GRIP_Dataset\New_model\Chirality_Crops\aug27_final_v2_bbox\val\right\13-49-49\images\right\right__GRIP_2026-08-27_13-49-49_fixed__e000146.jpg,right,cuff_side,right,7.959863069118e-06,0.9999920129776001,True
D:\GRIP_Dataset\New_model\Chirality_Crops\aug27_final_v2_bbox\val\right\13-49-49\images\right\right__GRIP_2026-08-27_13-49-49_fixed__e000146.jpg,right,centre,right,0.0006631096475757658,0.9993368983268738,True
D:\GRIP_Dataset\New_model\Chirality_Crops\aug27_final_v2_bbox\val\right\13-49-49\images\right\right__GRIP_2026-08-27_13-49-49_fixed__e000146.jpg,right,top_background,right,1.5094617992872372e-05,0.999984860420227,True
D:\GRIP_Dataset\New_model\Chirality_Crops\aug27_final_v2_bbox\val\right\13-49-49\images\right\right__GRIP_2026-08-27_13-49-49_fixed__e000146.jpg,right,bottom_background,right,1.8118049410986714e-05,0.9999818801879883,True
D:\GRIP_Dataset\New_model\Chirality_Crops\aug27_final_v2_bbox\val\right\13-49-49\images\right\right__GRIP_2026-08-27_13-49-49_fixed__e000147.jpg,right,original,right,6.884015601826832e-05,0.9999310970306396,True
D:\GRIP_Dataset\New_model\Chirality_Crops\aug27_final_v2_bbox\val\right\13-49-49\images\right\right__GRIP_2026-08-27_13-49-49_fixed__e000147.jpg,right,finger_side,right,0.006541489157825708,0.9934585690498352,True
D:\GRIP_Dataset\New_model\Chirality_Crops\aug27_final_v2_bbox\val\right\13-49-49\images\right\right__GRIP_2026-08-27_13-49-49_fixed__e000147.jpg,right,cuff_side,right,0.0007009031833149493,0.9992990493774414,True
D:\GRIP_Dataset\New_model\Chirality_Crops\aug27_final_v2_bbox\val\right\13-49-49\images\right\right__GRIP_2026-08-27_13-49-49_fixed__e000147.jpg,right,centre,right,0.02938869781792164,0.9706112742424011,True
D:\GRIP_Dataset\New_model\Chirality_Crops\aug27_final_v2_bbox\val\right\13-49-49\images\right\right__GRIP_2026-08-27_13-49-49_fixed__e000147.jpg,right,top_background,right,0.00011201405868632719,0.9998879432678223,True
D:\GRIP_Dataset\New_model\Chirality_Crops\aug27_final_v2_bbox\val\right\13-49-49\images\right\right__GRIP_2026-08-27_13-49-49_fixed__e000147.jpg,right,bottom_background,right,8.889372111298144e-05,0.9999110698699951,True
D:\GRIP_Dataset\New_model\Chirality_Crops\aug27_final_v2_bbox\val\right\13-49-49\images\right\right__GRIP_2026-08-27_13-49-49_fixed__e000148.jpg,right,original,right,9.862432079899008e-07,0.9999990463256836,True
D:\GRIP_Dataset\New_model\Chirality_Crops\aug27_final_v2_bbox\val\right\13-49-49\images\right\right__GRIP_2026-08-27_13-49-49_fixed__e000148.jpg,right,finger_side,right,0.008382284082472324,0.991617739200592,True
D:\GRIP_Dataset\New_model\Chirality_Crops\aug27_final_v2_bbox\val\right\13-49-49\images\right\right__GRIP_2026-08-27_13-49-49_fixed__e000148.jpg,right,cuff_side,right,1.702895315247588e-05,0.9999829530715942,True
D:\GRIP_Dataset\New_model\Chirality_Crops\aug27_final_v2_bbox\val\right\13-49-49\images\right\right__GRIP_2026-08-27_13-49-49_fixed__e000148.jpg,right,centre,right,0.03178958222270012,0.9682103991508484,True
D:\GRIP_Dataset\New_model\Chirality_Crops\aug27_final_v2_bbox\val\right\13-49-49\images\right\right__GRIP_2026-08-27_13-49-49_fixed__e000148.jpg,right,top_background,right,1.2438384828783455e-06,0.9999988079071045,True
D:\GRIP_Dataset\New_model\Chirality_Crops\aug27_final_v2_bbox\val\right\13-49-49\images\right\right__GRIP_2026-08-27_13-49-49_fixed__e000148.jpg,right,bottom_background,right,9.142674457507383e-07,0.9999990463256836,True
D:\GRIP_Dataset\New_model\Chirality_Crops\aug27_final_v2_bbox\val\right\13-49-49\images\right\right__GRIP_2026-08-27_13-49-49_fixed__e000149.jpg,right,original,right,1.086481825041119e-05,0.9999891519546509,True
D:\GRIP_Dataset\New_model\Chirality_Crops\aug27_final_v2_bbox\val\right\13-49-49\images\right\right__GRIP_2026-08-27_13-49-49_fixed__e000149.jpg,right,finger_side,left,0.5175343751907349,0.48246559500694275,False
D:\GRIP_Dataset\New_model\Chirality_Crops\aug27_final_v2_bbox\val\right\13-49-49\images\right\right__GRIP_2026-08-27_13-49-49_fixed__e000149.jpg,right,cuff_side,right,2.328602204215713e-05,0.9999767541885376,True
D:\GRIP_Dataset\New_model\Chirality_Crops\aug27_final_v2_bbox\val\right\13-49-49\images\right\right__GRIP_2026-08-27_13-49-49_fixed__e000149.jpg,right,centre,right,0.00550024164840579,0.994499683380127,True
D:\GRIP_Dataset\New_model\Chirality_Crops\aug27_final_v2_bbox\val\right\13-49-49\images\right\right__GRIP_2026-08-27_13-49-49_fixed__e000149.jpg,right,top_background,right,1.086481825041119e-05,0.9999891519546509,True
D:\GRIP_Dataset\New_model\Chirality_Crops\aug27_final_v2_bbox\val\right\13-49-49\images\right\right__GRIP_2026-08-27_13-49-49_fixed__e000149.jpg,right,bottom_background,right,1.086481825041119e-05,0.9999891519546509,True
D:\GRIP_Dataset\New_model\Chirality_Crops\aug27_final_v2_bbox\val\right\13-49-49\images\right\right__GRIP_2026-08-27_13-49-49_fixed__e000150.jpg,right,original,right,7.471134608749708e-07,0.9999992847442627,True
D:\GRIP_Dataset\New_model\Chirality_Crops\aug27_final_v2_bbox\val\right\13-49-49\images\right\right__GRIP_2026-08-27_13-49-49_fixed__e000150.jpg,right,finger_side,right,0.0002662348560988903,0.9997337460517883,True
D:\GRIP_Dataset\New_model\Chirality_Crops\aug27_final_v2_bbox\val\right\13-49-49\images\right\right__GRIP_2026-08-27_13-49-49_fixed__e000150.jpg,right,cuff_side,right,8.036336112127174e-06,0.9999920129776001,True
D:\GRIP_Dataset\New_model\Chirality_Crops\aug27_final_v2_bbox\val\right\13-49-49\images\right\right__GRIP_2026-08-27_13-49-49_fixed__e000150.jpg,right,centre,right,0.002231237245723605,0.997768759727478,True
D:\GRIP_Dataset\New_model\Chirality_Crops\aug27_final_v2_bbox\val\right\13-49-49\images\right\right__GRIP_2026-08-27_13-49-49_fixed__e000150.jpg,right,top_background,right,7.471134608749708e-07,0.9999992847442627,True
D:\GRIP_Dataset\New_model\Chirality_Crops\aug27_final_v2_bbox\val\right\13-49-49\images\right\right__GRIP_2026-08-27_13-49-49_fixed__e000150.jpg,right,bottom_background,right,7.471134608749708e-07,0.9999992847442627,True
D:\GRIP_Dataset\New_model\Chirality_Crops\aug27_final_v2_bbox\val\right\13-49-49\images\right\right__GRIP_2026-08-27_13-49-49_fixed__e000151.jpg,right,original,right,6.845348707429366e-06,0.9999932050704956,True
D:\GRIP_Dataset\New_model\Chirality_Crops\aug27_final_v2_bbox\val\right\13-49-49\images\right\right__GRIP_2026-08-27_13-49-49_fixed__e000151.jpg,right,finger_side,right,0.1470317393541336,0.8529682159423828,True
D:\GRIP_Dataset\New_model\Chirality_Crops\aug27_final_v2_bbox\val\right\13-49-49\images\right\right__GRIP_2026-08-27_13-49-49_fixed__e000151.jpg,right,cuff_side,right,3.6029916373081505e-05,0.9999639987945557,True
D:\GRIP_Dataset\New_model\Chirality_Crops\aug27_final_v2_bbox\val\right\13-49-49\images\right\right__GRIP_2026-08-27_13-49-49_fixed__e000151.jpg,right,centre,right,0.00031142059015110135,0.9996886253356934,True
D:\GRIP_Dataset\New_model\Chirality_Crops\aug27_final_v2_bbox\val\right\13-49-49\images\right\right__GRIP_2026-08-27_13-49-49_fixed__e000151.jpg,right,top_background,right,6.827907782280818e-06,0.9999932050704956,True
D:\GRIP_Dataset\New_model\Chirality_Crops\aug27_final_v2_bbox\val\right\13-49-49\images\right\right__GRIP_2026-08-27_13-49-49_fixed__e000151.jpg,right,bottom_background,right,6.845348707429366e-06,0.9999932050704956,True
D:\GRIP_Dataset\New_model\Chirality_Crops\aug27_final_v2_bbox\val\right\13-49-49\images\right\right__GRIP_2026-08-27_13-49-49_fixed__e000152.jpg,right,original,right,2.991632754856255e-07,0.9999996423721313,True
D:\GRIP_Dataset\New_model\Chirality_Crops\aug27_final_v2_bbox\val\right\13-49-49\images\right\right__GRIP_2026-08-27_13-49-49_fixed__e000152.jpg,right,finger_side,right,0.0003843715530820191,0.9996155500411987,True
D:\GRIP_Dataset\New_model\Chirality_Crops\aug27_final_v2_bbox\val\right\13-49-49\images\right\right__GRIP_2026-08-27_13-49-49_fixed__e000152.jpg,right,cuff_side,right,2.483865500835236e-06,0.9999974966049194,True
D:\GRIP_Dataset\New_model\Chirality_Crops\aug27_final_v2_bbox\val\right\13-49-49\images\right\right__GRIP_2026-08-27_13-49-49_fixed__e000152.jpg,right,centre,right,0.0010136642958968878,0.9989863038063049,True
D:\GRIP_Dataset\New_model\Chirality_Crops\aug27_final_v2_bbox\val\right\13-49-49\images\right\right__GRIP_2026-08-27_13-49-49_fixed__e000152.jpg,right,top_background,right,3.06568665564555e-07,0.9999996423721313,True
D:\GRIP_Dataset\New_model\Chirality_Crops\aug27_final_v2_bbox\val\right\13-49-49\images\right\right__GRIP_2026-08-27_13-49-49_fixed__e000152.jpg,right,bottom_background,right,2.9441545734698593e-07,0.9999997615814209,True
D:\GRIP_Dataset\New_model\Chirality_Crops\aug27_final_v2_bbox\val\right\13-49-49\images\right\right__GRIP_2026-08-27_13-49-49_fixed__e000153.jpg,right,original,right,5.233090178080602e-06,0.9999947547912598,True
D:\GRIP_Dataset\New_model\Chirality_Crops\aug27_final_v2_bbox\val\right\13-49-49\images\right\right__GRIP_2026-08-27_13-49-49_fixed__e000153.jpg,right,finger_side,right,0.0018166154623031616,0.9981833100318909,True
D:\GRIP_Dataset\New_model\Chirality_Crops\aug27_final_v2_bbox\val\right\13-49-49\images\right\right__GRIP_2026-08-27_13-49-49_fixed__e000153.jpg,right,cuff_side,right,1.718585190246813e-05,0.9999828338623047,True
D:\GRIP_Dataset\New_model\Chirality_Crops\aug27_final_v2_bbox\val\right\13-49-49\images\right\right__GRIP_2026-08-27_13-49-49_fixed__e000153.jpg,right,centre,right,0.0005615140544250607,0.999438464641571,True
D:\GRIP_Dataset\New_model\Chirality_Crops\aug27_final_v2_bbox\val\right\13-49-49\images\right\right__GRIP_2026-08-27_13-49-49_fixed__e000153.jpg,right,top_background,right,4.9559989747649524e-06,0.9999949932098389,True
D:\GRIP_Dataset\New_model\Chirality_Crops\aug27_final_v2_bbox\val\right\13-49-49\images\right\right__GRIP_2026-08-27_13-49-49_fixed__e000153.jpg,right,bottom_background,right,5.077075002191123e-06,0.9999948740005493,True
D:\GRIP_Dataset\New_model\Chirality_Crops\aug27_final_v2_bbox\val\right\13-49-49\images\right\right__GRIP_2026-08-27_13-49-49_fixed__e000154.jpg,right,original,right,3.1608474273525644e-06,0.9999967813491821,True
D:\GRIP_Dataset\New_model\Chirality_Crops\aug27_final_v2_bbox\val\right\13-49-49\images\right\right__GRIP_2026-08-27_13-49-49_fixed__e000154.jpg,right,finger_side,right,0.0003408875782042742,0.9996590614318848,True
D:\GRIP_Dataset\New_model\Chirality_Crops\aug27_final_v2_bbox\val\right\13-49-49\images\right\right__GRIP_2026-08-27_13-49-49_fixed__e000154.jpg,right,cuff_side,right,0.00010639141692081466,0.9998935461044312,True
D:\GRIP_Dataset\New_model\Chirality_Crops\aug27_final_v2_bbox\val\right\13-49-49\images\right\right__GRIP_2026-08-27_13-49-49_fixed__e000154.jpg,right,centre,right,0.0007214366341941059,0.9992786049842834,True
D:\GRIP_Dataset\New_model\Chirality_Crops\aug27_final_v2_bbox\val\right\13-49-49\images\right\right__GRIP_2026-08-27_13-49-49_fixed__e000154.jpg,right,top_background,right,3.1608474273525644e-06,0.9999967813491821,True
D:\GRIP_Dataset\New_model\Chirality_Crops\aug27_final_v2_bbox\val\right\13-49-49\images\right\right__GRIP_2026-08-27_13-49-49_fixed__e000154.jpg,right,bottom_background,right,3.1608474273525644e-06,0.9999967813491821,True
D:\GRIP_Dataset\New_model\Chirality_Crops\aug27_final_v2_bbox\val\right\13-49-49\images\right\right__GRIP_2026-08-27_13-49-49_fixed__e000155.jpg,right,original,right,3.1003600042822654e-07,0.9999996423721313,True
D:\GRIP_Dataset\New_model\Chirality_Crops\aug27_final_v2_bbox\val\right\13-49-49\images\right\right__GRIP_2026-08-27_13-49-49_fixed__e000155.jpg,right,finger_side,right,0.0035438297782093287,0.9964560866355896,True
D:\GRIP_Dataset\New_model\Chirality_Crops\aug27_final_v2_bbox\val\right\13-49-49\images\right\right__GRIP_2026-08-27_13-49-49_fixed__e000155.jpg,right,cuff_side,right,1.0267763173033018e-06,0.999998927116394,True
D:\GRIP_Dataset\New_model\Chirality_Crops\aug27_final_v2_bbox\val\right\13-49-49\images\right\right__GRIP_2026-08-27_13-49-49_fixed__e000155.jpg,right,centre,right,0.0020279702730476856,0.9979720711708069,True
D:\GRIP_Dataset\New_model\Chirality_Crops\aug27_final_v2_bbox\val\right\13-49-49\images\right\right__GRIP_2026-08-27_13-49-49_fixed__e000155.jpg,right,top_background,right,3.0308257237265934e-07,0.9999996423721313,True
D:\GRIP_Dataset\New_model\Chirality_Crops\aug27_final_v2_bbox\val\right\13-49-49\images\right\right__GRIP_2026-08-27_13-49-49_fixed__e000155.jpg,right,bottom_background,right,2.996144132794143e-07,0.9999996423721313,True
D:\GRIP_Dataset\New_model\Chirality_Crops\aug27_final_v2_bbox\val\right\13-49-49\images\right\right__GRIP_2026-08-27_13-49-49_fixed__e000156.jpg,right,original,right,1.5879926650086418e-05,0.9999841451644897,True
D:\GRIP_Dataset\New_model\Chirality_Crops\aug27_final_v2_bbox\val\right\13-49-49\images\right\right__GRIP_2026-08-27_13-49-49_fixed__e000156.jpg,right,finger_side,right,0.0021493586245924234,0.9978506565093994,True
D:\GRIP_Dataset\New_model\Chirality_Crops\aug27_final_v2_bbox\val\right\13-49-49\images\right\right__GRIP_2026-08-27_13-49-49_fixed__e000156.jpg,right,cuff_side,right,3.310623287688941e-05,0.9999668598175049,True
D:\GRIP_Dataset\New_model\Chirality_Crops\aug27_final_v2_bbox\val\right\13-49-49\images\right\right__GRIP_2026-08-27_13-49-49_fixed__e000156.jpg,right,centre,right,0.0035958399530500174,0.9964041709899902,True
D:\GRIP_Dataset\New_model\Chirality_Crops\aug27_final_v2_bbox\val\right\13-49-49\images\right\right__GRIP_2026-08-27_13-49-49_fixed__e000156.jpg,right,top_background,right,1.6447324014734477e-05,0.999983549118042,True
D:\GRIP_Dataset\New_model\Chirality_Crops\aug27_final_v2_bbox\val\right\13-49-49\images\right\right__GRIP_2026-08-27_13-49-49_fixed__e000156.jpg,right,bottom_background,right,1.614469147170894e-05,0.9999839067459106,True
D:\GRIP_Dataset\New_model\Chirality_Crops\aug27_final_v2_bbox\val\right\13-49-49\images\right\right__GRIP_2026-08-27_13-49-49_fixed__e000158.jpg,right,original,right,0.0001818906021071598,0.9998181462287903,True
D:\GRIP_Dataset\New_model\Chirality_Crops\aug27_final_v2_bbox\val\right\13-49-49\images\right\right__GRIP_2026-08-27_13-49-49_fixed__e000158.jpg,right,finger_side,right,0.0068650683388113976,0.9931349754333496,True
D:\GRIP_Dataset\New_model\Chirality_Crops\aug27_final_v2_bbox\val\right\13-49-49\images\right\right__GRIP_2026-08-27_13-49-49_fixed__e000158.jpg,right,cuff_side,right,0.00219513475894928,0.9978048205375671,True
D:\GRIP_Dataset\New_model\Chirality_Crops\aug27_final_v2_bbox\val\right\13-49-49\images\right\right__GRIP_2026-08-27_13-49-49_fixed__e000158.jpg,right,centre,right,0.09074667096138,0.9092532992362976,True
D:\GRIP_Dataset\New_model\Chirality_Crops\aug27_final_v2_bbox\val\right\13-49-49\images\right\right__GRIP_2026-08-27_13-49-49_fixed__e000158.jpg,right,top_background,right,0.0001818906021071598,0.9998181462287903,True
D:\GRIP_Dataset\New_model\Chirality_Crops\aug27_final_v2_bbox\val\right\13-49-49\images\right\right__GRIP_2026-08-27_13-49-49_fixed__e000158.jpg,right,bottom_background,right,0.0001818906021071598,0.9998181462287903,True
D:\GRIP_Dataset\New_model\Chirality_Crops\aug27_final_v2_bbox\val\right\13-49-49\images\right\right__GRIP_2026-08-27_13-49-49_fixed__e000159.jpg,right,original,right,1.0540936273173429e-05,0.9999895095825195,True
D:\GRIP_Dataset\New_model\Chirality_Crops\aug27_final_v2_bbox\val\right\13-49-49\images\right\right__GRIP_2026-08-27_13-49-49_fixed__e000159.jpg,right,finger_side,right,0.0005792632582597435,0.9994207620620728,True
D:\GRIP_Dataset\New_model\Chirality_Crops\aug27_final_v2_bbox\val\right\13-49-49\images\right\right__GRIP_2026-08-27_13-49-49_fixed__e000159.jpg,right,cuff_side,right,2.5761402866919525e-05,0.999974250793457,True
D:\GRIP_Dataset\New_model\Chirality_Crops\aug27_final_v2_bbox\val\right\13-49-49\images\right\right__GRIP_2026-08-27_13-49-49_fixed__e000159.jpg,right,centre,right,0.0013322163140401244,0.99866783618927,True
D:\GRIP_Dataset\New_model\Chirality_Crops\aug27_final_v2_bbox\val\right\13-49-49\images\right\right__GRIP_2026-08-27_13-49-49_fixed__e000159.jpg,right,top_background,right,1.1266512956353836e-05,0.9999886751174927,True
D:\GRIP_Dataset\New_model\Chirality_Crops\aug27_final_v2_bbox\val\right\13-49-49\images\right\right__GRIP_2026-08-27_13-49-49_fixed__e000159.jpg,right,bottom_background,right,1.2196642273920588e-05,0.9999878406524658,True
D:\GRIP_Dataset\New_model\Chirality_Crops\aug27_final_v2_bbox\val\right\13-49-49\images\right\right__GRIP_2026-08-27_13-49-49_fixed__e000160.jpg,right,original,right,0.09405815601348877,0.9059417843818665,True
D:\GRIP_Dataset\New_model\Chirality_Crops\aug27_final_v2_bbox\val\right\13-49-49\images\right\right__GRIP_2026-08-27_13-49-49_fixed__e000160.jpg,right,finger_side,right,0.002146590268239379,0.9978533387184143,True
D:\GRIP_Dataset\New_model\Chirality_Crops\aug27_final_v2_bbox\val\right\13-49-49\images\right\right__GRIP_2026-08-27_13-49-49_fixed__e000160.jpg,right,cuff_side,right,0.44280093908309937,0.5571990609169006,True
D:\GRIP_Dataset\New_model\Chirality_Crops\aug27_final_v2_bbox\val\right\13-49-49\images\right\right__GRIP_2026-08-27_13-49-49_fixed__e000160.jpg,right,centre,left,0.7163193821907043,0.28368061780929565,False
D:\GRIP_Dataset\New_model\Chirality_Crops\aug27_final_v2_bbox\val\right\13-49-49\images\right\right__GRIP_2026-08-27_13-49-49_fixed__e000160.jpg,right,top_background,right,0.08440785109996796,0.9155921936035156,True
D:\GRIP_Dataset\New_model\Chirality_Crops\aug27_final_v2_bbox\val\right\13-49-49\images\right\right__GRIP_2026-08-27_13-49-49_fixed__e000160.jpg,right,bottom_background,right,0.03175938501954079,0.9682406187057495,True
D:\GRIP_Dataset\New_model\Chirality_Crops\aug27_final_v2_bbox\val\right\13-49-49\images\right\right__GRIP_2026-08-27_13-49-49_fixed__e000161.jpg,right,original,right,7.334788097068667e-05,0.9999266862869263,True
D:\GRIP_Dataset\New_model\Chirality_Crops\aug27_final_v2_bbox\val\right\13-49-49\images\right\right__GRIP_2026-08-27_13-49-49_fixed__e000161.jpg,right,finger_side,right,0.0018459958955645561,0.9981539845466614,True
D:\GRIP_Dataset\New_model\Chirality_Crops\aug27_final_v2_bbox\val\right\13-49-49\images\right\right__GRIP_2026-08-27_13-49-49_fixed__e000161.jpg,right,cuff_side,right,4.994943083147518e-05,0.9999500513076782,True
D:\GRIP_Dataset\New_model\Chirality_Crops\aug27_final_v2_bbox\val\right\13-49-49\images\right\right__GRIP_2026-08-27_13-49-49_fixed__e000161.jpg,right,centre,right,0.0016911299899220467,0.9983088970184326,True
D:\GRIP_Dataset\New_model\Chirality_Crops\aug27_final_v2_bbox\val\right\13-49-49\images\right\right__GRIP_2026-08-27_13-49-49_fixed__e000161.jpg,right,top_background,right,4.9732410843716934e-05,0.9999502897262573,True
D:\GRIP_Dataset\New_model\Chirality_Crops\aug27_final_v2_bbox\val\right\13-49-49\images\right\right__GRIP_2026-08-27_13-49-49_fixed__e000161.jpg,right,bottom_background,right,9.499213774688542e-05,0.999904990196228,True
D:\GRIP_Dataset\New_model\Chirality_Crops\aug27_final_v2_bbox\val\right\13-49-49\images\right\right__GRIP_2026-08-27_13-49-49_fixed__e000162.jpg,right,original,right,2.392236240211787e-07,0.9999997615814209,True
D:\GRIP_Dataset\New_model\Chirality_Crops\aug27_final_v2_bbox\val\right\13-49-49\images\right\right__GRIP_2026-08-27_13-49-49_fixed__e000162.jpg,right,finger_side,right,0.0022842849139124155,0.9977157115936279,True
D:\GRIP_Dataset\New_model\Chirality_Crops\aug27_final_v2_bbox\val\right\13-49-49\images\right\right__GRIP_2026-08-27_13-49-49_fixed__e000162.jpg,right,cuff_side,right,1.9390456600376638e-06,0.9999980926513672,True
D:\GRIP_Dataset\New_model\Chirality_Crops\aug27_final_v2_bbox\val\right\13-49-49\images\right\right__GRIP_2026-08-27_13-49-49_fixed__e000162.jpg,right,centre,right,0.0055923317559063435,0.9944076538085938,True
D:\GRIP_Dataset\New_model\Chirality_Crops\aug27_final_v2_bbox\val\right\13-49-49\images\right\right__GRIP_2026-08-27_13-49-49_fixed__e000162.jpg,right,top_background,right,2.392236240211787e-07,0.9999997615814209,True
D:\GRIP_Dataset\New_model\Chirality_Crops\aug27_final_v2_bbox\val\right\13-49-49\images\right\right__GRIP_2026-08-27_13-49-49_fixed__e000162.jpg,right,bottom_background,right,2.392236240211787e-07,0.9999997615814209,True
D:\GRIP_Dataset\New_model\Chirality_Crops\aug27_final_v2_bbox\val\right\13-49-49\images\right\right__GRIP_2026-08-27_13-49-49_fixed__e000163.jpg,right,original,right,2.1983492842991836e-05,0.9999780654907227,True
D:\GRIP_Dataset\New_model\Chirality_Crops\aug27_final_v2_bbox\val\right\13-49-49\images\right\right__GRIP_2026-08-27_13-49-49_fixed__e000163.jpg,right,finger_side,right,0.01048211008310318,0.989517867565155,True
D:\GRIP_Dataset\New_model\Chirality_Crops\aug27_final_v2_bbox\val\right\13-49-49\images\right\right__GRIP_2026-08-27_13-49-49_fixed__e000163.jpg,right,cuff_side,right,0.00017652079986874014,0.9998235106468201,True
D:\GRIP_Dataset\New_model\Chirality_Crops\aug27_final_v2_bbox\val\right\13-49-49\images\right\right__GRIP_2026-08-27_13-49-49_fixed__e000163.jpg,right,centre,right,0.005397312808781862,0.994602620601654,True
D:\GRIP_Dataset\New_model\Chirality_Crops\aug27_final_v2_bbox\val\right\13-49-49\images\right\right__GRIP_2026-08-27_13-49-49_fixed__e000163.jpg,right,top_background,right,2.145689541066531e-05,0.9999785423278809,True
D:\GRIP_Dataset\New_model\Chirality_Crops\aug27_final_v2_bbox\val\right\13-49-49\images\right\right__GRIP_2026-08-27_13-49-49_fixed__e000163.jpg,right,bottom_background,right,2.1983492842991836e-05,0.9999780654907227,True
D:\GRIP_Dataset\New_model\Chirality_Crops\aug27_final_v2_bbox\val\right\13-49-49\images\right\right__GRIP_2026-08-27_13-49-49_fixed__e000164.jpg,right,original,right,3.4874190077971434e-06,0.999996542930603,True
D:\GRIP_Dataset\New_model\Chirality_Crops\aug27_final_v2_bbox\val\right\13-49-49\images\right\right__GRIP_2026-08-27_13-49-49_fixed__e000164.jpg,right,finger_side,right,0.00011200925655430183,0.9998879432678223,True
D:\GRIP_Dataset\New_model\Chirality_Crops\aug27_final_v2_bbox\val\right\13-49-49\images\right\right__GRIP_2026-08-27_13-49-49_fixed__e000164.jpg,right,cuff_side,right,4.537721906672232e-05,0.9999545812606812,True
D:\GRIP_Dataset\New_model\Chirality_Crops\aug27_final_v2_bbox\val\right\13-49-49\images\right\right__GRIP_2026-08-27_13-49-49_fixed__e000164.jpg,right,centre,right,0.0008351845317520201,0.9991648197174072,True
D:\GRIP_Dataset\New_model\Chirality_Crops\aug27_final_v2_bbox\val\right\13-49-49\images\right\right__GRIP_2026-08-27_13-49-49_fixed__e000164.jpg,right,top_background,right,3.5069563182332786e-06,0.999996542930603,True
D:\GRIP_Dataset\New_model\Chirality_Crops\aug27_final_v2_bbox\val\right\13-49-49\images\right\right__GRIP_2026-08-27_13-49-49_fixed__e000164.jpg,right,bottom_background,right,3.3739584068825934e-06,0.9999966621398926,True
D:\GRIP_Dataset\New_model\Chirality_Crops\aug27_final_v2_bbox\val\right\13-49-49\images\right\right__GRIP_2026-08-27_13-49-49_fixed__e000165.jpg,right,original,right,1.6008440070436336e-05,0.9999840259552002,True
D:\GRIP_Dataset\New_model\Chirality_Crops\aug27_final_v2_bbox\val\right\13-49-49\images\right\right__GRIP_2026-08-27_13-49-49_fixed__e000165.jpg,right,finger_side,right,0.0013147183926776052,0.9986853003501892,True
D:\GRIP_Dataset\New_model\Chirality_Crops\aug27_final_v2_bbox\val\right\13-49-49\images\right\right__GRIP_2026-08-27_13-49-49_fixed__e000165.jpg,right,cuff_side,right,4.482126678340137e-05,0.9999551773071289,True
D:\GRIP_Dataset\New_model\Chirality_Crops\aug27_final_v2_bbox\val\right\13-49-49\images\right\right__GRIP_2026-08-27_13-49-49_fixed__e000165.jpg,right,centre,right,0.00205558561719954,0.9979444146156311,True
D:\GRIP_Dataset\New_model\Chirality_Crops\aug27_final_v2_bbox\val\right\13-49-49\images\right\right__GRIP_2026-08-27_13-49-49_fixed__e000165.jpg,right,top_background,right,2.4599648895673454e-05,0.9999754428863525,True
D:\GRIP_Dataset\New_model\Chirality_Crops\aug27_final_v2_bbox\val\right\13-49-49\images\right\right__GRIP_2026-08-27_13-49-49_fixed__e000165.jpg,right,bottom_background,right,2.0794610463781282e-05,0.9999792575836182,True
D:\GRIP_Dataset\New_model\Chirality_Crops\aug27_final_v2_bbox\val\right\13-49-49\images\right\right__GRIP_2026-08-27_13-49-49_fixed__e000166.jpg,right,original,right,3.761097104870714e-07,0.9999996423721313,True
D:\GRIP_Dataset\New_model\Chirality_Crops\aug27_final_v2_bbox\val\right\13-49-49\images\right\right__GRIP_2026-08-27_13-49-49_fixed__e000166.jpg,right,finger_side,right,0.015445725992321968,0.9845542311668396,True
D:\GRIP_Dataset\New_model\Chirality_Crops\aug27_final_v2_bbox\val\right\13-49-49\images\right\right__GRIP_2026-08-27_13-49-49_fixed__e000166.jpg,right,cuff_side,right,3.3937112675630488e-06,0.9999966621398926,True
D:\GRIP_Dataset\New_model\Chirality_Crops\aug27_final_v2_bbox\val\right\13-49-49\images\right\right__GRIP_2026-08-27_13-49-49_fixed__e000166.jpg,right,centre,right,0.00036063819425180554,0.9996393918991089,True
D:\GRIP_Dataset\New_model\Chirality_Crops\aug27_final_v2_bbox\val\right\13-49-49\images\right\right__GRIP_2026-08-27_13-49-49_fixed__e000166.jpg,right,top_background,right,3.596058775201527e-07,0.9999996423721313,True
D:\GRIP_Dataset\New_model\Chirality_Crops\aug27_final_v2_bbox\val\right\13-49-49\images\right\right__GRIP_2026-08-27_13-49-49_fixed__e000166.jpg,right,bottom_background,right,3.772139507418615e-07,0.9999996423721313,True
D:\GRIP_Dataset\New_model\Chirality_Crops\aug27_final_v2_bbox\val\right\13-49-49\images\right\right__GRIP_2026-08-27_13-49-49_fixed__e000167.jpg,right,original,right,8.737042378470505e-08,0.9999998807907104,True
D:\GRIP_Dataset\New_model\Chirality_Crops\aug27_final_v2_bbox\val\right\13-49-49\images\right\right__GRIP_2026-08-27_13-49-49_fixed__e000167.jpg,right,finger_side,right,0.001928782439790666,0.9980712532997131,True
D:\GRIP_Dataset\New_model\Chirality_Crops\aug27_final_v2_bbox\val\right\13-49-49\images\right\right__GRIP_2026-08-27_13-49-49_fixed__e000167.jpg,right,cuff_side,right,1.0475929457243183e-06,0.999998927116394,True
D:\GRIP_Dataset\New_model\Chirality_Crops\aug27_final_v2_bbox\val\right\13-49-49\images\right\right__GRIP_2026-08-27_13-49-49_fixed__e000167.jpg,right,centre,right,0.00014790416753385216,0.9998520612716675,True
D:\GRIP_Dataset\New_model\Chirality_Crops\aug27_final_v2_bbox\val\right\13-49-49\images\right\right__GRIP_2026-08-27_13-49-49_fixed__e000167.jpg,right,top_background,right,4.3779829184131813e-07,0.9999995231628418,True
D:\GRIP_Dataset\New_model\Chirality_Crops\aug27_final_v2_bbox\val\right\13-49-49\images\right\right__GRIP_2026-08-27_13-49-49_fixed__e000167.jpg,right,bottom_background,right,1.7796523366087058e-07,0.9999998807907104,True
D:\GRIP_Dataset\New_model\Chirality_Crops\aug27_final_v2_bbox\val\right\13-49-49\images\right\right__GRIP_2026-08-27_13-49-49_fixed__e000168.jpg,right,original,right,1.5746140888950322e-06,0.9999984502792358,True
D:\GRIP_Dataset\New_model\Chirality_Crops\aug27_final_v2_bbox\val\right\13-49-49\images\right\right__GRIP_2026-08-27_13-49-49_fixed__e000168.jpg,right,finger_side,right,0.0060778334736824036,0.993922233581543,True
D:\GRIP_Dataset\New_model\Chirality_Crops\aug27_final_v2_bbox\val\right\13-49-49\images\right\right__GRIP_2026-08-27_13-49-49_fixed__e000168.jpg,right,cuff_side,right,1.4339487279357854e-05,0.9999856948852539,True
D:\GRIP_Dataset\New_model\Chirality_Crops\aug27_final_v2_bbox\val\right\13-49-49\images\right\right__GRIP_2026-08-27_13-49-49_fixed__e000168.jpg,right,centre,right,0.15550273656845093,0.8444972038269043,True
D:\GRIP_Dataset\New_model\Chirality_Crops\aug27_final_v2_bbox\val\right\13-49-49\images\right\right__GRIP_2026-08-27_13-49-49_fixed__e000168.jpg,right,top_background,right,1.3285455224831821e-06,0.9999986886978149,True
D:\GRIP_Dataset\New_model\Chirality_Crops\aug27_final_v2_bbox\val\right\13-49-49\images\right\right__GRIP_2026-08-27_13-49-49_fixed__e000168.jpg,right,bottom_background,right,1.4689579757032334e-06,0.9999985694885254,True
D:\GRIP_Dataset\New_model\Chirality_Crops\aug27_final_v2_bbox\val\right\13-49-49\images\right\right__GRIP_2026-08-27_13-49-49_fixed__e000169.jpg,right,original,right,3.651294733231225e-08,1.0,True
D:\GRIP_Dataset\New_model\Chirality_Crops\aug27_final_v2_bbox\val\right\13-49-49\images\right\right__GRIP_2026-08-27_13-49-49_fixed__e000169.jpg,right,finger_side,right,0.0012795121874660254,0.9987205266952515,True
D:\GRIP_Dataset\New_model\Chirality_Crops\aug27_final_v2_bbox\val\right\13-49-49\images\right\right__GRIP_2026-08-27_13-49-49_fixed__e000169.jpg,right,cuff_side,right,2.693419105526118e-07,0.9999997615814209,True
D:\GRIP_Dataset\New_model\Chirality_Crops\aug27_final_v2_bbox\val\right\13-49-49\images\right\right__GRIP_2026-08-27_13-49-49_fixed__e000169.jpg,right,centre,right,0.0004932333831675351,0.9995067119598389,True
D:\GRIP_Dataset\New_model\Chirality_Crops\aug27_final_v2_bbox\val\right\13-49-49\images\right\right__GRIP_2026-08-27_13-49-49_fixed__e000169.jpg,right,top_background,right,3.5381667373712844e-08,1.0,True
D:\GRIP_Dataset\New_model\Chirality_Crops\aug27_final_v2_bbox\val\right\13-49-49\images\right\right__GRIP_2026-08-27_13-49-49_fixed__e000169.jpg,right,bottom_background,right,3.433137507613537e-08,1.0,True
D:\GRIP_Dataset\New_model\Chirality_Crops\aug27_final_v2_bbox\val\right\13-49-49\images\right\right__GRIP_2026-08-27_13-49-49_fixed__e000170.jpg,right,original,right,0.004185939207673073,0.9958140254020691,True
D:\GRIP_Dataset\New_model\Chirality_Crops\aug27_final_v2_bbox\val\right\13-49-49\images\right\right__GRIP_2026-08-27_13-49-49_fixed__e000170.jpg,right,finger_side,right,0.0665455162525177,0.9334544539451599,True
D:\GRIP_Dataset\New_model\Chirality_Crops\aug27_final_v2_bbox\val\right\13-49-49\images\right\right__GRIP_2026-08-27_13-49-49_fixed__e000170.jpg,right,cuff_side,right,0.004087974317371845,0.9959120750427246,True
D:\GRIP_Dataset\New_model\Chirality_Crops\aug27_final_v2_bbox\val\right\13-49-49\images\right\right__GRIP_2026-08-27_13-49-49_fixed__e000170.jpg,right,centre,right,0.22613553702831268,0.7738644480705261,True
D:\GRIP_Dataset\New_model\Chirality_Crops\aug27_final_v2_bbox\val\right\13-49-49\images\right\right__GRIP_2026-08-27_13-49-49_fixed__e000170.jpg,right,top_background,right,0.002540748566389084,0.9974592328071594,True
D:\GRIP_Dataset\New_model\Chirality_Crops\aug27_final_v2_bbox\val\right\13-49-49\images\right\right__GRIP_2026-08-27_13-49-49_fixed__e000170.jpg,right,bottom_background,right,0.009821774438023567,0.9901782274246216,True
D:\GRIP_Dataset\New_model\Chirality_Crops\aug27_final_v2_bbox\val\right\13-49-49\images\right\right__GRIP_2026-08-27_13-49-49_fixed__e000171.jpg,right,original,right,8.328970579896122e-07,0.9999991655349731,True
D:\GRIP_Dataset\New_model\Chirality_Crops\aug27_final_v2_bbox\val\right\13-49-49\images\right\right__GRIP_2026-08-27_13-49-49_fixed__e000171.jpg,right,finger_side,right,0.00247616833075881,0.997523844242096,True
D:\GRIP_Dataset\New_model\Chirality_Crops\aug27_final_v2_bbox\val\right\13-49-49\images\right\right__GRIP_2026-08-27_13-49-49_fixed__e000171.jpg,right,cuff_side,right,6.348267106659478e-06,0.9999936819076538,True
D:\GRIP_Dataset\New_model\Chirality_Crops\aug27_final_v2_bbox\val\right\13-49-49\images\right\right__GRIP_2026-08-27_13-49-49_fixed__e000171.jpg,right,centre,right,0.0018154294230043888,0.9981845021247864,True
D:\GRIP_Dataset\New_model\Chirality_Crops\aug27_final_v2_bbox\val\right\13-49-49\images\right\right__GRIP_2026-08-27_13-49-49_fixed__e000171.jpg,right,top_background,right,9.351295489068434e-07,0.9999990463256836,True
D:\GRIP_Dataset\New_model\Chirality_Crops\aug27_final_v2_bbox\val\right\13-49-49\images\right\right__GRIP_2026-08-27_13-49-49_fixed__e000171.jpg,right,bottom_background,right,8.233670314439223e-07,0.9999991655349731,True
D:\GRIP_Dataset\New_model\Chirality_Crops\aug27_final_v2_bbox\val\right\13-49-49\images\right\right__GRIP_2026-08-27_13-49-49_fixed__e000172.jpg,right,original,right,1.006085494736908e-05,0.9999899864196777,True
D:\GRIP_Dataset\New_model\Chirality_Crops\aug27_final_v2_bbox\val\right\13-49-49\images\right\right__GRIP_2026-08-27_13-49-49_fixed__e000172.jpg,right,finger_side,right,0.0014011594466865063,0.9985988736152649,True
D:\GRIP_Dataset\New_model\Chirality_Crops\aug27_final_v2_bbox\val\right\13-49-49\images\right\right__GRIP_2026-08-27_13-49-49_fixed__e000172.jpg,right,cuff_side,right,0.0006535283173434436,0.9993464350700378,True
D:\GRIP_Dataset\New_model\Chirality_Crops\aug27_final_v2_bbox\val\right\13-49-49\images\right\right__GRIP_2026-08-27_13-49-49_fixed__e000172.jpg,right,centre,right,0.4568743407726288,0.5431256890296936,True
D:\GRIP_Dataset\New_model\Chirality_Crops\aug27_final_v2_bbox\val\right\13-49-49\images\right\right__GRIP_2026-08-27_13-49-49_fixed__e000172.jpg,right,top_background,right,1.006085494736908e-05,0.9999899864196777,True
D:\GRIP_Dataset\New_model\Chirality_Crops\aug27_final_v2_bbox\val\right\13-49-49\images\right\right__GRIP_2026-08-27_13-49-49_fixed__e000172.jpg,right,bottom_background,right,1.006085494736908e-05,0.9999899864196777,True
D:\GRIP_Dataset\New_model\Chirality_Crops\aug27_final_v2_bbox\val\right\13-49-49\images\right\right__GRIP_2026-08-27_13-49-49_fixed__e000173.jpg,right,original,right,1.406420210514625e-06,0.9999985694885254,True
D:\GRIP_Dataset\New_model\Chirality_Crops\aug27_final_v2_bbox\val\right\13-49-49\images\right\right__GRIP_2026-08-27_13-49-49_fixed__e000173.jpg,right,finger_side,left,0.8607778549194336,0.1392221748828888,False
D:\GRIP_Dataset\New_model\Chirality_Crops\aug27_final_v2_bbox\val\right\13-49-49\images\right\right__GRIP_2026-08-27_13-49-49_fixed__e000173.jpg,right,cuff_side,right,3.242199227315723e-06,0.9999967813491821,True
D:\GRIP_Dataset\New_model\Chirality_Crops\aug27_final_v2_bbox\val\right\13-49-49\images\right\right__GRIP_2026-08-27_13-49-49_fixed__e000173.jpg,right,centre,right,0.012516835704445839,0.9874831438064575,True
D:\GRIP_Dataset\New_model\Chirality_Crops\aug27_final_v2_bbox\val\right\13-49-49\images\right\right__GRIP_2026-08-27_13-49-49_fixed__e000173.jpg,right,top_background,right,1.2871437320427503e-06,0.9999986886978149,True
D:\GRIP_Dataset\New_model\Chirality_Crops\aug27_final_v2_bbox\val\right\13-49-49\images\right\right__GRIP_2026-08-27_13-49-49_fixed__e000173.jpg,right,bottom_background,right,1.352607000626449e-06,0.9999986886978149,True
D:\GRIP_Dataset\New_model\Chirality_Crops\aug27_final_v2_bbox\val\right\13-49-49\images\right\right__GRIP_2026-08-27_13-49-49_fixed__e000174.jpg,right,original,right,1.0693501195646604e-07,0.9999998807907104,True
D:\GRIP_Dataset\New_model\Chirality_Crops\aug27_final_v2_bbox\val\right\13-49-49\images\right\right__GRIP_2026-08-27_13-49-49_fixed__e000174.jpg,right,finger_side,right,0.013495323248207569,0.9865046143531799,True
D:\GRIP_Dataset\New_model\Chirality_Crops\aug27_final_v2_bbox\val\right\13-49-49\images\right\right__GRIP_2026-08-27_13-49-49_fixed__e000174.jpg,right,cuff_side,right,1.3655941302204155e-06,0.9999986886978149,True
D:\GRIP_Dataset\New_model\Chirality_Crops\aug27_final_v2_bbox\val\right\13-49-49\images\right\right__GRIP_2026-08-27_13-49-49_fixed__e000174.jpg,right,centre,right,0.0009128173114731908,0.9990872144699097,True
D:\GRIP_Dataset\New_model\Chirality_Crops\aug27_final_v2_bbox\val\right\13-49-49\images\right\right__GRIP_2026-08-27_13-49-49_fixed__e000174.jpg,right,top_background,right,9.896098873696246e-08,0.9999998807907104,True
D:\GRIP_Dataset\New_model\Chirality_Crops\aug27_final_v2_bbox\val\right\13-49-49\images\right\right__GRIP_2026-08-27_13-49-49_fixed__e000174.jpg,right,bottom_background,right,1.0547007889272209e-07,0.9999998807907104,True
D:\GRIP_Dataset\New_model\Chirality_Crops\aug27_final_v2_bbox\val\right\13-49-49\images\right\right__GRIP_2026-08-27_13-49-49_fixed__e000175.jpg,right,original,right,4.628716965271451e-07,0.9999995231628418,True
D:\GRIP_Dataset\New_model\Chirality_Crops\aug27_final_v2_bbox\val\right\13-49-49\images\right\right__GRIP_2026-08-27_13-49-49_fixed__e000175.jpg,right,finger_side,right,0.0020452821627259254,0.9979547262191772,True
D:\GRIP_Dataset\New_model\Chirality_Crops\aug27_final_v2_bbox\val\right\13-49-49\images\right\right__GRIP_2026-08-27_13-49-49_fixed__e000175.jpg,right,cuff_side,right,2.1813250441482523e-06,0.9999978542327881,True
D:\GRIP_Dataset\New_model\Chirality_Crops\aug27_final_v2_bbox\val\right\13-49-49\images\right\right__GRIP_2026-08-27_13-49-49_fixed__e000175.jpg,right,centre,right,0.0006377629470080137,0.9993622899055481,True
D:\GRIP_Dataset\New_model\Chirality_Crops\aug27_final_v2_bbox\val\right\13-49-49\images\right\right__GRIP_2026-08-27_13-49-49_fixed__e000175.jpg,right,top_background,right,4.805802404916903e-07,0.9999995231628418,True
D:\GRIP_Dataset\New_model\Chirality_Crops\aug27_final_v2_bbox\val\right\13-49-49\images\right\right__GRIP_2026-08-27_13-49-49_fixed__e000175.jpg,right,bottom_background,right,4.6702018607902573e-07,0.9999995231628418,True
D:\GRIP_Dataset\New_model\Chirality_Crops\aug27_final_v2_bbox\val\right\13-49-49\images\right\right__GRIP_2026-08-27_13-49-49_fixed__e000176.jpg,right,original,right,0.00035981161636300385,0.9996402263641357,True
D:\GRIP_Dataset\New_model\Chirality_Crops\aug27_final_v2_bbox\val\right\13-49-49\images\right\right__GRIP_2026-08-27_13-49-49_fixed__e000176.jpg,right,finger_side,right,0.11734525114297867,0.8826547861099243,True
D:\GRIP_Dataset\New_model\Chirality_Crops\aug27_final_v2_bbox\val\right\13-49-49\images\right\right__GRIP_2026-08-27_13-49-49_fixed__e000176.jpg,right,cuff_side,right,0.00649516424164176,0.9935047626495361,True
D:\GRIP_Dataset\New_model\Chirality_Crops\aug27_final_v2_bbox\val\right\13-49-49\images\right\right__GRIP_2026-08-27_13-49-49_fixed__e000176.jpg,right,centre,right,0.0029675839468836784,0.9970324039459229,True
D:\GRIP_Dataset\New_model\Chirality_Crops\aug27_final_v2_bbox\val\right\13-49-49\images\right\right__GRIP_2026-08-27_13-49-49_fixed__e000176.jpg,right,top_background,right,0.0008628806099295616,0.9991371035575867,True
D:\GRIP_Dataset\New_model\Chirality_Crops\aug27_final_v2_bbox\val\right\13-49-49\images\right\right__GRIP_2026-08-27_13-49-49_fixed__e000176.jpg,right,bottom_background,right,0.00033879480906762183,0.9996612071990967,True
D:\GRIP_Dataset\New_model\Chirality_Crops\aug27_final_v2_bbox\val\right\13-49-49\images\right\right__GRIP_2026-08-27_13-49-49_fixed__e000177.jpg,right,original,right,0.0003498100850265473,0.999650239944458,True
D:\GRIP_Dataset\New_model\Chirality_Crops\aug27_final_v2_bbox\val\right\13-49-49\images\right\right__GRIP_2026-08-27_13-49-49_fixed__e000177.jpg,right,finger_side,left,0.8896989822387695,0.11030098795890808,False
D:\GRIP_Dataset\New_model\Chirality_Crops\aug27_final_v2_bbox\val\right\13-49-49\images\right\right__GRIP_2026-08-27_13-49-49_fixed__e000177.jpg,right,cuff_side,right,0.00014941323024686426,0.9998505115509033,True
D:\GRIP_Dataset\New_model\Chirality_Crops\aug27_final_v2_bbox\val\right\13-49-49\images\right\right__GRIP_2026-08-27_13-49-49_fixed__e000177.jpg,right,centre,right,0.006179674528539181,0.9938203692436218,True
D:\GRIP_Dataset\New_model\Chirality_Crops\aug27_final_v2_bbox\val\right\13-49-49\images\right\right__GRIP_2026-08-27_13-49-49_fixed__e000177.jpg,right,top_background,right,0.0003302516124676913,0.9996697902679443,True
D:\GRIP_Dataset\New_model\Chirality_Crops\aug27_final_v2_bbox\val\right\13-49-49\images\right\right__GRIP_2026-08-27_13-49-49_fixed__e000177.jpg,right,bottom_background,right,0.00033651108969934285,0.9996634721755981,True
D:\GRIP_Dataset\New_model\Chirality_Crops\aug27_final_v2_bbox\val\right\13-49-49\images\right\right__GRIP_2026-08-27_13-49-49_fixed__e000178.jpg,right,original,right,7.778270827429878e-08,0.9999998807907104,True
D:\GRIP_Dataset\New_model\Chirality_Crops\aug27_final_v2_bbox\val\right\13-49-49\images\right\right__GRIP_2026-08-27_13-49-49_fixed__e000178.jpg,right,finger_side,right,0.0032416742760688066,0.9967582821846008,True
D:\GRIP_Dataset\New_model\Chirality_Crops\aug27_final_v2_bbox\val\right\13-49-49\images\right\right__GRIP_2026-08-27_13-49-49_fixed__e000178.jpg,right,cuff_side,right,6.018698286425206e-07,0.9999994039535522,True
D:\GRIP_Dataset\New_model\Chirality_Crops\aug27_final_v2_bbox\val\right\13-49-49\images\right\right__GRIP_2026-08-27_13-49-49_fixed__e000178.jpg,right,centre,right,0.022459520027041435,0.9775404334068298,True
D:\GRIP_Dataset\New_model\Chirality_Crops\aug27_final_v2_bbox\val\right\13-49-49\images\right\right__GRIP_2026-08-27_13-49-49_fixed__e000178.jpg,right,top_background,right,7.58317497684402e-08,0.9999998807907104,True
D:\GRIP_Dataset\New_model\Chirality_Crops\aug27_final_v2_bbox\val\right\13-49-49\images\right\right__GRIP_2026-08-27_13-49-49_fixed__e000178.jpg,right,bottom_background,right,7.445259342375721e-08,0.9999998807907104,True
D:\GRIP_Dataset\New_model\Chirality_Crops\aug27_final_v2_bbox\val\right\13-49-49\images\right\right__GRIP_2026-08-27_13-49-49_fixed__e000179.jpg,right,original,right,0.11221813410520554,0.8877818584442139,True
D:\GRIP_Dataset\New_model\Chirality_Crops\aug27_final_v2_bbox\val\right\13-49-49\images\right\right__GRIP_2026-08-27_13-49-49_fixed__e000179.jpg,right,finger_side,right,0.25741109251976013,0.7425888776779175,True
D:\GRIP_Dataset\New_model\Chirality_Crops\aug27_final_v2_bbox\val\right\13-49-49\images\right\right__GRIP_2026-08-27_13-49-49_fixed__e000179.jpg,right,cuff_side,left,0.681195855140686,0.31880414485931396,False
D:\GRIP_Dataset\New_model\Chirality_Crops\aug27_final_v2_bbox\val\right\13-49-49\images\right\right__GRIP_2026-08-27_13-49-49_fixed__e000179.jpg,right,centre,right,0.27994558215141296,0.7200543880462646,True
D:\GRIP_Dataset\New_model\Chirality_Crops\aug27_final_v2_bbox\val\right\13-49-49\images\right\right__GRIP_2026-08-27_13-49-49_fixed__e000179.jpg,right,top_background,right,0.1109410971403122,0.8890589475631714,True
D:\GRIP_Dataset\New_model\Chirality_Crops\aug27_final_v2_bbox\val\right\13-49-49\images\right\right__GRIP_2026-08-27_13-49-49_fixed__e000179.jpg,right,bottom_background,right,0.10593327134847641,0.8940667510032654,True
D:\GRIP_Dataset\New_model\Chirality_Crops\aug27_final_v2_bbox\val\right\13-49-49\images\right\right__GRIP_2026-08-27_13-49-49_fixed__e000180.jpg,right,original,right,3.248848940984317e-07,0.9999996423721313,True
D:\GRIP_Dataset\New_model\Chirality_Crops\aug27_final_v2_bbox\val\right\13-49-49\images\right\right__GRIP_2026-08-27_13-49-49_fixed__e000180.jpg,right,finger_side,right,0.0007632180931977928,0.9992368221282959,True
D:\GRIP_Dataset\New_model\Chirality_Crops\aug27_final_v2_bbox\val\right\13-49-49\images\right\right__GRIP_2026-08-27_13-49-49_fixed__e000180.jpg,right,cuff_side,right,5.7394363466301e-06,0.9999942779541016,True
D:\GRIP_Dataset\New_model\Chirality_Crops\aug27_final_v2_bbox\val\right\13-49-49\images\right\right__GRIP_2026-08-27_13-49-49_fixed__e000180.jpg,right,centre,right,0.0006647655973210931,0.9993352293968201,True
D:\GRIP_Dataset\New_model\Chirality_Crops\aug27_final_v2_bbox\val\right\13-49-49\images\right\right__GRIP_2026-08-27_13-49-49_fixed__e000180.jpg,right,top_background,right,3.248848940984317e-07,0.9999996423721313,True
D:\GRIP_Dataset\New_model\Chirality_Crops\aug27_final_v2_bbox\val\right\13-49-49\images\right\right__GRIP_2026-08-27_13-49-49_fixed__e000180.jpg,right,bottom_background,right,3.248848940984317e-07,0.9999996423721313,True
D:\GRIP_Dataset\New_model\Chirality_Crops\aug27_final_v2_bbox\val\right\13-49-49\images\right\right__GRIP_2026-08-27_13-49-49_fixed__e000182.jpg,right,original,right,1.8326858253203682e-07,0.9999997615814209,True
D:\GRIP_Dataset\New_model\Chirality_Crops\aug27_final_v2_bbox\val\right\13-49-49\images\right\right__GRIP_2026-08-27_13-49-49_fixed__e000182.jpg,right,finger_side,right,0.0004817282606381923,0.9995182752609253,True
D:\GRIP_Dataset\New_model\Chirality_Crops\aug27_final_v2_bbox\val\right\13-49-49\images\right\right__GRIP_2026-08-27_13-49-49_fixed__e000182.jpg,right,cuff_side,right,7.326393074436055e-07,0.9999992847442627,True
D:\GRIP_Dataset\New_model\Chirality_Crops\aug27_final_v2_bbox\val\right\13-49-49\images\right\right__GRIP_2026-08-27_13-49-49_fixed__e000182.jpg,right,centre,right,0.00032143379212357104,0.9996786117553711,True
D:\GRIP_Dataset\New_model\Chirality_Crops\aug27_final_v2_bbox\val\right\13-49-49\images\right\right__GRIP_2026-08-27_13-49-49_fixed__e000182.jpg,right,top_background,right,1.8228217868454522e-07,0.9999997615814209,True
D:\GRIP_Dataset\New_model\Chirality_Crops\aug27_final_v2_bbox\val\right\13-49-49\images\right\right__GRIP_2026-08-27_13-49-49_fixed__e000182.jpg,right,bottom_background,right,1.833171694443081e-07,0.9999997615814209,True
D:\GRIP_Dataset\New_model\Chirality_Crops\aug27_final_v2_bbox\val\right\13-49-49\images\right\right__GRIP_2026-08-27_13-49-49_fixed__e000183.jpg,right,original,right,5.3878720791544765e-05,0.999946117401123,True
D:\GRIP_Dataset\New_model\Chirality_Crops\aug27_final_v2_bbox\val\right\13-49-49\images\right\right__GRIP_2026-08-27_13-49-49_fixed__e000183.jpg,right,finger_side,right,0.004953551106154919,0.9950464963912964,True
D:\GRIP_Dataset\New_model\Chirality_Crops\aug27_final_v2_bbox\val\right\13-49-49\images\right\right__GRIP_2026-08-27_13-49-49_fixed__e000183.jpg,right,cuff_side,right,0.0005904998979531229,0.999409556388855,True
D:\GRIP_Dataset\New_model\Chirality_Crops\aug27_final_v2_bbox\val\right\13-49-49\images\right\right__GRIP_2026-08-27_13-49-49_fixed__e000183.jpg,right,centre,right,0.2655901610851288,0.7344098687171936,True
D:\GRIP_Dataset\New_model\Chirality_Crops\aug27_final_v2_bbox\val\right\13-49-49\images\right\right__GRIP_2026-08-27_13-49-49_fixed__e000183.jpg,right,top_background,right,4.9693346227286384e-05,0.9999502897262573,True
D:\GRIP_Dataset\New_model\Chirality_Crops\aug27_final_v2_bbox\val\right\13-49-49\images\right\right__GRIP_2026-08-27_13-49-49_fixed__e000183.jpg,right,bottom_background,right,4.963121682521887e-05,0.9999504089355469,True
D:\GRIP_Dataset\New_model\Chirality_Crops\aug27_final_v2_bbox\val\right\13-49-49\images\right\right__GRIP_2026-08-27_13-49-49_fixed__e000184.jpg,right,original,right,2.4763087367318803e-06,0.9999974966049194,True
D:\GRIP_Dataset\New_model\Chirality_Crops\aug27_final_v2_bbox\val\right\13-49-49\images\right\right__GRIP_2026-08-27_13-49-49_fixed__e000184.jpg,right,finger_side,right,0.004250223748385906,0.9957497119903564,True
D:\GRIP_Dataset\New_model\Chirality_Crops\aug27_final_v2_bbox\val\right\13-49-49\images\right\right__GRIP_2026-08-27_13-49-49_fixed__e000184.jpg,right,cuff_side,right,1.3089392268739175e-05,0.9999868869781494,True
D:\GRIP_Dataset\New_model\Chirality_Crops\aug27_final_v2_bbox\val\right\13-49-49\images\right\right__GRIP_2026-08-27_13-49-49_fixed__e000184.jpg,right,centre,right,0.0011996245011687279,0.9988003969192505,True
D:\GRIP_Dataset\New_model\Chirality_Crops\aug27_final_v2_bbox\val\right\13-49-49\images\right\right__GRIP_2026-08-27_13-49-49_fixed__e000184.jpg,right,top_background,right,2.4763087367318803e-06,0.9999974966049194,True
D:\GRIP_Dataset\New_model\Chirality_Crops\aug27_final_v2_bbox\val\right\13-49-49\images\right\right__GRIP_2026-08-27_13-49-49_fixed__e000184.jpg,right,bottom_background,right,2.4763087367318803e-06,0.9999974966049194,True
D:\GRIP_Dataset\New_model\Chirality_Crops\aug27_final_v2_bbox\val\right\13-49-49\images\right\right__GRIP_2026-08-27_13-49-49_fixed__e000185.jpg,right,original,right,2.9198436095612124e-05,0.9999707937240601,True
D:\GRIP_Dataset\New_model\Chirality_Crops\aug27_final_v2_bbox\val\right\13-49-49\images\right\right__GRIP_2026-08-27_13-49-49_fixed__e000185.jpg,right,finger_side,right,0.0028164361137896776,0.9971835017204285,True
D:\GRIP_Dataset\New_model\Chirality_Crops\aug27_final_v2_bbox\val\right\13-49-49\images\right\right__GRIP_2026-08-27_13-49-49_fixed__e000185.jpg,right,cuff_side,right,0.00022338741109706461,0.9997766613960266,True
D:\GRIP_Dataset\New_model\Chirality_Crops\aug27_final_v2_bbox\val\right\13-49-49\images\right\right__GRIP_2026-08-27_13-49-49_fixed__e000185.jpg,right,centre,right,0.0019069703994318843,0.9980930685997009,True
D:\GRIP_Dataset\New_model\Chirality_Crops\aug27_final_v2_bbox\val\right\13-49-49\images\right\right__GRIP_2026-08-27_13-49-49_fixed__e000185.jpg,right,top_background,right,0.0002191010571550578,0.9997809529304504,True
D:\GRIP_Dataset\New_model\Chirality_Crops\aug27_final_v2_bbox\val\right\13-49-49\images\right\right__GRIP_2026-08-27_13-49-49_fixed__e000185.jpg,right,bottom_background,right,2.5382560124853626e-05,0.9999746084213257,True
D:\GRIP_Dataset\New_model\Chirality_Crops\aug27_final_v2_bbox\val\right\13-49-49\images\right\right__GRIP_2026-08-27_13-49-49_fixed__e000186.jpg,right,original,right,1.0966583658955642e-06,0.999998927116394,True
D:\GRIP_Dataset\New_model\Chirality_Crops\aug27_final_v2_bbox\val\right\13-49-49\images\right\right__GRIP_2026-08-27_13-49-49_fixed__e000186.jpg,right,finger_side,right,0.0006836300017312169,0.9993163347244263,True
D:\GRIP_Dataset\New_model\Chirality_Crops\aug27_final_v2_bbox\val\right\13-49-49\images\right\right__GRIP_2026-08-27_13-49-49_fixed__e000186.jpg,right,cuff_side,right,1.9297100152471103e-05,0.9999806880950928,True
D:\GRIP_Dataset\New_model\Chirality_Crops\aug27_final_v2_bbox\val\right\13-49-49\images\right\right__GRIP_2026-08-27_13-49-49_fixed__e000186.jpg,right,centre,right,0.0064866747707128525,0.9935134053230286,True
D:\GRIP_Dataset\New_model\Chirality_Crops\aug27_final_v2_bbox\val\right\13-49-49\images\right\right__GRIP_2026-08-27_13-49-49_fixed__e000186.jpg,right,top_background,right,1.1176992984474055e-06,0.999998927116394,True
D:\GRIP_Dataset\New_model\Chirality_Crops\aug27_final_v2_bbox\val\right\13-49-49\images\right\right__GRIP_2026-08-27_13-49-49_fixed__e000186.jpg,right,bottom_background,right,1.0966583658955642e-06,0.999998927116394,True
D:\GRIP_Dataset\New_model\Chirality_Crops\aug27_final_v2_bbox\val\right\13-49-49\images\right\right__GRIP_2026-08-27_13-49-49_fixed__e000187.jpg,right,original,right,1.2310907777646207e-06,0.9999988079071045,True
D:\GRIP_Dataset\New_model\Chirality_Crops\aug27_final_v2_bbox\val\right\13-49-49\images\right\right__GRIP_2026-08-27_13-49-49_fixed__e000187.jpg,right,finger_side,right,0.001980522181838751,0.9980194568634033,True
D:\GRIP_Dataset\New_model\Chirality_Crops\aug27_final_v2_bbox\val\right\13-49-49\images\right\right__GRIP_2026-08-27_13-49-49_fixed__e000187.jpg,right,cuff_side,right,8.191430424631108e-06,0.999991774559021,True
D:\GRIP_Dataset\New_model\Chirality_Crops\aug27_final_v2_bbox\val\right\13-49-49\images\right\right__GRIP_2026-08-27_13-49-49_fixed__e000187.jpg,right,centre,right,0.007358834613114595,0.9926411509513855,True
D:\GRIP_Dataset\New_model\Chirality_Crops\aug27_final_v2_bbox\val\right\13-49-49\images\right\right__GRIP_2026-08-27_13-49-49_fixed__e000187.jpg,right,top_background,right,1.2310907777646207e-06,0.9999988079071045,True
D:\GRIP_Dataset\New_model\Chirality_Crops\aug27_final_v2_bbox\val\right\13-49-49\images\right\right__GRIP_2026-08-27_13-49-49_fixed__e000187.jpg,right,bottom_background,right,1.2310907777646207e-06,0.9999988079071045,True
D:\GRIP_Dataset\New_model\Chirality_Crops\aug27_final_v2_bbox\val\right\13-49-49\images\right\right__GRIP_2026-08-27_13-49-49_fixed__e000188.jpg,right,original,right,2.3212487576529384e-06,0.9999977350234985,True
D:\GRIP_Dataset\New_model\Chirality_Crops\aug27_final_v2_bbox\val\right\13-49-49\images\right\right__GRIP_2026-08-27_13-49-49_fixed__e000188.jpg,right,finger_side,right,0.01003684476017952,0.9899631142616272,True
D:\GRIP_Dataset\New_model\Chirality_Crops\aug27_final_v2_bbox\val\right\13-49-49\images\right\right__GRIP_2026-08-27_13-49-49_fixed__e000188.jpg,right,cuff_side,right,1.2641402463486884e-05,0.9999873638153076,True
D:\GRIP_Dataset\New_model\Chirality_Crops\aug27_final_v2_bbox\val\right\13-49-49\images\right\right__GRIP_2026-08-27_13-49-49_fixed__e000188.jpg,right,centre,right,0.0009202636429108679,0.999079704284668,True
D:\GRIP_Dataset\New_model\Chirality_Crops\aug27_final_v2_bbox\val\right\13-49-49\images\right\right__GRIP_2026-08-27_13-49-49_fixed__e000188.jpg,right,top_background,right,2.3212487576529384e-06,0.9999977350234985,True
D:\GRIP_Dataset\New_model\Chirality_Crops\aug27_final_v2_bbox\val\right\13-49-49\images\right\right__GRIP_2026-08-27_13-49-49_fixed__e000188.jpg,right,bottom_background,right,2.3212487576529384e-06,0.9999977350234985,True
D:\GRIP_Dataset\New_model\Chirality_Crops\aug27_final_v2_bbox\val\right\13-49-49\images\right\right__GRIP_2026-08-27_13-49-49_fixed__e000190.jpg,right,original,right,7.164147177718405e-07,0.9999992847442627,True
D:\GRIP_Dataset\New_model\Chirality_Crops\aug27_final_v2_bbox\val\right\13-49-49\images\right\right__GRIP_2026-08-27_13-49-49_fixed__e000190.jpg,right,finger_side,right,0.006795007735490799,0.9932049512863159,True
D:\GRIP_Dataset\New_model\Chirality_Crops\aug27_final_v2_bbox\val\right\13-49-49\images\right\right__GRIP_2026-08-27_13-49-49_fixed__e000190.jpg,right,cuff_side,right,1.3704442608286627e-05,0.9999862909317017,True
D:\GRIP_Dataset\New_model\Chirality_Crops\aug27_final_v2_bbox\val\right\13-49-49\images\right\right__GRIP_2026-08-27_13-49-49_fixed__e000190.jpg,right,centre,right,0.01940663903951645,0.9805933237075806,True
D:\GRIP_Dataset\New_model\Chirality_Crops\aug27_final_v2_bbox\val\right\13-49-49\images\right\right__GRIP_2026-08-27_13-49-49_fixed__e000190.jpg,right,top_background,right,7.164147177718405e-07,0.9999992847442627,True
D:\GRIP_Dataset\New_model\Chirality_Crops\aug27_final_v2_bbox\val\right\13-49-49\images\right\right__GRIP_2026-08-27_13-49-49_fixed__e000190.jpg,right,bottom_background,right,7.164147177718405e-07,0.9999992847442627,True
D:\GRIP_Dataset\New_model\Chirality_Crops\aug27_final_v2_bbox\val\right\13-49-49\images\right\right__GRIP_2026-08-27_13-49-49_fixed__e000191.jpg,right,original,right,5.831881253470783e-07,0.9999994039535522,True
D:\GRIP_Dataset\New_model\Chirality_Crops\aug27_final_v2_bbox\val\right\13-49-49\images\right\right__GRIP_2026-08-27_13-49-49_fixed__e000191.jpg,right,finger_side,right,0.002245699753984809,0.9977542757987976,True
D:\GRIP_Dataset\New_model\Chirality_Crops\aug27_final_v2_bbox\val\right\13-49-49\images\right\right__GRIP_2026-08-27_13-49-49_fixed__e000191.jpg,right,cuff_side,right,1.3557330930780154e-05,0.9999864101409912,True
D:\GRIP_Dataset\New_model\Chirality_Crops\aug27_final_v2_bbox\val\right\13-49-49\images\right\right__GRIP_2026-08-27_13-49-49_fixed__e000191.jpg,right,centre,right,0.012321172282099724,0.9876788258552551,True
D:\GRIP_Dataset\New_model\Chirality_Crops\aug27_final_v2_bbox\val\right\13-49-49\images\right\right__GRIP_2026-08-27_13-49-49_fixed__e000191.jpg,right,top_background,right,5.733172088184801e-07,0.9999994039535522,True
D:\GRIP_Dataset\New_model\Chirality_Crops\aug27_final_v2_bbox\val\right\13-49-49\images\right\right__GRIP_2026-08-27_13-49-49_fixed__e000191.jpg,right,bottom_background,right,5.882506002308219e-07,0.9999994039535522,True
D:\GRIP_Dataset\New_model\Chirality_Crops\aug27_final_v2_bbox\val\right\13-49-49\images\right\right__GRIP_2026-08-27_13-49-49_fixed__e000192.jpg,right,original,right,6.61971569115849e-07,0.9999992847442627,True
D:\GRIP_Dataset\New_model\Chirality_Crops\aug27_final_v2_bbox\val\right\13-49-49\images\right\right__GRIP_2026-08-27_13-49-49_fixed__e000192.jpg,right,finger_side,right,0.004642123356461525,0.9953578114509583,True
D:\GRIP_Dataset\New_model\Chirality_Crops\aug27_final_v2_bbox\val\right\13-49-49\images\right\right__GRIP_2026-08-27_13-49-49_fixed__e000192.jpg,right,cuff_side,right,4.30859381594928e-06,0.9999957084655762,True
D:\GRIP_Dataset\New_model\Chirality_Crops\aug27_final_v2_bbox\val\right\13-49-49\images\right\right__GRIP_2026-08-27_13-49-49_fixed__e000192.jpg,right,centre,right,0.000788340694271028,0.9992116689682007,True
D:\GRIP_Dataset\New_model\Chirality_Crops\aug27_final_v2_bbox\val\right\13-49-49\images\right\right__GRIP_2026-08-27_13-49-49_fixed__e000192.jpg,right,top_background,right,6.406602324204869e-07,0.9999994039535522,True
D:\GRIP_Dataset\New_model\Chirality_Crops\aug27_final_v2_bbox\val\right\13-49-49\images\right\right__GRIP_2026-08-27_13-49-49_fixed__e000192.jpg,right,bottom_background,right,6.415962729988678e-07,0.9999994039535522,True
D:\GRIP_Dataset\New_model\Chirality_Crops\aug27_final_v2_bbox\val\right\13-49-49\images\right\right__GRIP_2026-08-27_13-49-49_fixed__e000193.jpg,right,original,right,8.833794851170751e-08,0.9999998807907104,True
D:\GRIP_Dataset\New_model\Chirality_Crops\aug27_final_v2_bbox\val\right\13-49-49\images\right\right__GRIP_2026-08-27_13-49-49_fixed__e000193.jpg,right,finger_side,right,0.0015214983141049743,0.9984784722328186,True
D:\GRIP_Dataset\New_model\Chirality_Crops\aug27_final_v2_bbox\val\right\13-49-49\images\right\right__GRIP_2026-08-27_13-49-49_fixed__e000193.jpg,right,cuff_side,right,7.025057584542083e-07,0.9999992847442627,True
D:\GRIP_Dataset\New_model\Chirality_Crops\aug27_final_v2_bbox\val\right\13-49-49\images\right\right__GRIP_2026-08-27_13-49-49_fixed__e000193.jpg,right,centre,right,0.0002755703462753445,0.9997244477272034,True
D:\GRIP_Dataset\New_model\Chirality_Crops\aug27_final_v2_bbox\val\right\13-49-49\images\right\right__GRIP_2026-08-27_13-49-49_fixed__e000193.jpg,right,top_background,right,8.833794851170751e-08,0.9999998807907104,True
D:\GRIP_Dataset\New_model\Chirality_Crops\aug27_final_v2_bbox\val\right\13-49-49\images\right\right__GRIP_2026-08-27_13-49-49_fixed__e000193.jpg,right,bottom_background,right,8.833794851170751e-08,0.9999998807907104,True
D:\GRIP_Dataset\New_model\Chirality_Crops\aug27_final_v2_bbox\val\right\13-49-49\images\right\right__GRIP_2026-08-27_13-49-49_fixed__e000194.jpg,right,original,right,1.9202407486318407e-07,0.9999997615814209,True
D:\GRIP_Dataset\New_model\Chirality_Crops\aug27_final_v2_bbox\val\right\13-49-49\images\right\right__GRIP_2026-08-27_13-49-49_fixed__e000194.jpg,right,finger_side,right,0.00019391154637560248,0.9998061060905457,True
D:\GRIP_Dataset\New_model\Chirality_Crops\aug27_final_v2_bbox\val\right\13-49-49\images\right\right__GRIP_2026-08-27_13-49-49_fixed__e000194.jpg,right,cuff_side,right,5.8682740018412005e-06,0.999994158744812,True
D:\GRIP_Dataset\New_model\Chirality_Crops\aug27_final_v2_bbox\val\right\13-49-49\images\right\right__GRIP_2026-08-27_13-49-49_fixed__e000194.jpg,right,centre,right,0.00522548658773303,0.9947745203971863,True
D:\GRIP_Dataset\New_model\Chirality_Crops\aug27_final_v2_bbox\val\right\13-49-49\images\right\right__GRIP_2026-08-27_13-49-49_fixed__e000194.jpg,right,top_background,right,1.8632637477367098e-07,0.9999997615814209,True
D:\GRIP_Dataset\New_model\Chirality_Crops\aug27_final_v2_bbox\val\right\13-49-49\images\right\right__GRIP_2026-08-27_13-49-49_fixed__e000194.jpg,right,bottom_background,right,1.9202407486318407e-07,0.9999997615814209,True
D:\GRIP_Dataset\New_model\Chirality_Crops\aug27_final_v2_bbox\val\right\13-49-49\images\right\right__GRIP_2026-08-27_13-49-49_fixed__e000195.jpg,right,original,right,4.665359483624343e-06,0.9999953508377075,True
D:\GRIP_Dataset\New_model\Chirality_Crops\aug27_final_v2_bbox\val\right\13-49-49\images\right\right__GRIP_2026-08-27_13-49-49_fixed__e000195.jpg,right,finger_side,right,0.004520333372056484,0.9954797029495239,True
D:\GRIP_Dataset\New_model\Chirality_Crops\aug27_final_v2_bbox\val\right\13-49-49\images\right\right__GRIP_2026-08-27_13-49-49_fixed__e000195.jpg,right,cuff_side,right,5.392258572101127e-06,0.9999946355819702,True
D:\GRIP_Dataset\New_model\Chirality_Crops\aug27_final_v2_bbox\val\right\13-49-49\images\right\right__GRIP_2026-08-27_13-49-49_fixed__e000195.jpg,right,centre,right,0.00230970187112689,0.9976903200149536,True
D:\GRIP_Dataset\New_model\Chirality_Crops\aug27_final_v2_bbox\val\right\13-49-49\images\right\right__GRIP_2026-08-27_13-49-49_fixed__e000195.jpg,right,top_background,right,4.665359483624343e-06,0.9999953508377075,True
D:\GRIP_Dataset\New_model\Chirality_Crops\aug27_final_v2_bbox\val\right\13-49-49\images\right\right__GRIP_2026-08-27_13-49-49_fixed__e000195.jpg,right,bottom_background,right,4.665359483624343e-06,0.9999953508377075,True
D:\GRIP_Dataset\New_model\Chirality_Crops\aug27_final_v2_bbox\val\right\13-49-49\images\right\right__GRIP_2026-08-27_13-49-49_fixed__e000196.jpg,right,original,right,0.01692666858434677,0.983073353767395,True
D:\GRIP_Dataset\New_model\Chirality_Crops\aug27_final_v2_bbox\val\right\13-49-49\images\right\right__GRIP_2026-08-27_13-49-49_fixed__e000196.jpg,right,finger_side,left,0.5128818154335022,0.4871181547641754,False
D:\GRIP_Dataset\New_model\Chirality_Crops\aug27_final_v2_bbox\val\right\13-49-49\images\right\right__GRIP_2026-08-27_13-49-49_fixed__e000196.jpg,right,cuff_side,right,0.0013630642788484693,0.9986369013786316,True
D:\GRIP_Dataset\New_model\Chirality_Crops\aug27_final_v2_bbox\val\right\13-49-49\images\right\right__GRIP_2026-08-27_13-49-49_fixed__e000196.jpg,right,centre,left,0.6169605255126953,0.3830394744873047,False
D:\GRIP_Dataset\New_model\Chirality_Crops\aug27_final_v2_bbox\val\right\13-49-49\images\right\right__GRIP_2026-08-27_13-49-49_fixed__e000196.jpg,right,top_background,right,0.014918733388185501,0.9850812554359436,True
D:\GRIP_Dataset\New_model\Chirality_Crops\aug27_final_v2_bbox\val\right\13-49-49\images\right\right__GRIP_2026-08-27_13-49-49_fixed__e000196.jpg,right,bottom_background,right,0.04596346989274025,0.9540365934371948,True
D:\GRIP_Dataset\New_model\Chirality_Crops\aug27_final_v2_bbox\val\right\13-49-49\images\right\right__GRIP_2026-08-27_13-49-49_fixed__e000197.jpg,right,original,right,3.75078889192082e-05,0.9999624490737915,True
D:\GRIP_Dataset\New_model\Chirality_Crops\aug27_final_v2_bbox\val\right\13-49-49\images\right\right__GRIP_2026-08-27_13-49-49_fixed__e000197.jpg,right,finger_side,left,0.6661775708198547,0.33382245898246765,False
D:\GRIP_Dataset\New_model\Chirality_Crops\aug27_final_v2_bbox\val\right\13-49-49\images\right\right__GRIP_2026-08-27_13-49-49_fixed__e000197.jpg,right,cuff_side,right,0.0001650799240451306,0.9998348951339722,True
D:\GRIP_Dataset\New_model\Chirality_Crops\aug27_final_v2_bbox\val\right\13-49-49\images\right\right__GRIP_2026-08-27_13-49-49_fixed__e000197.jpg,right,centre,right,0.014782533049583435,0.9852175116539001,True
D:\GRIP_Dataset\New_model\Chirality_Crops\aug27_final_v2_bbox\val\right\13-49-49\images\right\right__GRIP_2026-08-27_13-49-49_fixed__e000197.jpg,right,top_background,right,3.75078889192082e-05,0.9999624490737915,True
D:\GRIP_Dataset\New_model\Chirality_Crops\aug27_final_v2_bbox\val\right\13-49-49\images\right\right__GRIP_2026-08-27_13-49-49_fixed__e000197.jpg,right,bottom_background,right,3.75078889192082e-05,0.9999624490737915,True
D:\GRIP_Dataset\New_model\Chirality_Crops\aug27_final_v2_bbox\val\right\13-49-49\images\right\right__GRIP_2026-08-27_13-49-49_fixed__e000198.jpg,right,original,right,2.2360272851074114e-05,0.9999775886535645,True
D:\GRIP_Dataset\New_model\Chirality_Crops\aug27_final_v2_bbox\val\right\13-49-49\images\right\right__GRIP_2026-08-27_13-49-49_fixed__e000198.jpg,right,finger_side,right,0.0008159916615113616,0.9991839528083801,True
D:\GRIP_Dataset\New_model\Chirality_Crops\aug27_final_v2_bbox\val\right\13-49-49\images\right\right__GRIP_2026-08-27_13-49-49_fixed__e000198.jpg,right,cuff_side,right,0.00012645685637835413,0.9998735189437866,True
D:\GRIP_Dataset\New_model\Chirality_Crops\aug27_final_v2_bbox\val\right\13-49-49\images\right\right__GRIP_2026-08-27_13-49-49_fixed__e000198.jpg,right,centre,right,0.00231198500841856,0.9976880550384521,True
D:\GRIP_Dataset\New_model\Chirality_Crops\aug27_final_v2_bbox\val\right\13-49-49\images\right\right__GRIP_2026-08-27_13-49-49_fixed__e000198.jpg,right,top_background,right,3.0319493816932663e-05,0.9999697208404541,True
D:\GRIP_Dataset\New_model\Chirality_Crops\aug27_final_v2_bbox\val\right\13-49-49\images\right\right__GRIP_2026-08-27_13-49-49_fixed__e000198.jpg,right,bottom_background,right,2.6355481168138795e-05,0.9999736547470093,True
D:\GRIP_Dataset\New_model\Chirality_Crops\aug27_final_v2_bbox\val\right\13-49-49\images\right\right__GRIP_2026-08-27_13-49-49_fixed__e000199.jpg,right,original,right,6.27705105671339e-08,0.9999998807907104,True
D:\GRIP_Dataset\New_model\Chirality_Crops\aug27_final_v2_bbox\val\right\13-49-49\images\right\right__GRIP_2026-08-27_13-49-49_fixed__e000199.jpg,right,finger_side,right,9.891437366604805e-05,0.9999010562896729,True
D:\GRIP_Dataset\New_model\Chirality_Crops\aug27_final_v2_bbox\val\right\13-49-49\images\right\right__GRIP_2026-08-27_13-49-49_fixed__e000199.jpg,right,cuff_side,right,1.69751001521945e-06,0.9999983310699463,True
D:\GRIP_Dataset\New_model\Chirality_Crops\aug27_final_v2_bbox\val\right\13-49-49\images\right\right__GRIP_2026-08-27_13-49-49_fixed__e000199.jpg,right,centre,right,0.00026101109688170254,0.9997389912605286,True
D:\GRIP_Dataset\New_model\Chirality_Crops\aug27_final_v2_bbox\val\right\13-49-49\images\right\right__GRIP_2026-08-27_13-49-49_fixed__e000199.jpg,right,top_background,right,6.373225858169462e-08,0.9999998807907104,True
D:\GRIP_Dataset\New_model\Chirality_Crops\aug27_final_v2_bbox\val\right\13-49-49\images\right\right__GRIP_2026-08-27_13-49-49_fixed__e000199.jpg,right,bottom_background,right,6.341601732628988e-08,0.9999998807907104,True
D:\GRIP_Dataset\New_model\Chirality_Crops\aug27_final_v2_bbox\val\right\13-49-49\images\right\right__GRIP_2026-08-27_13-49-49_fixed__e000200.jpg,right,original,right,0.00018988574447575957,0.9998101592063904,True
D:\GRIP_Dataset\New_model\Chirality_Crops\aug27_final_v2_bbox\val\right\13-49-49\images\right\right__GRIP_2026-08-27_13-49-49_fixed__e000200.jpg,right,finger_side,right,0.019852666184306145,0.9801473617553711,True
D:\GRIP_Dataset\New_model\Chirality_Crops\aug27_final_v2_bbox\val\right\13-49-49\images\right\right__GRIP_2026-08-27_13-49-49_fixed__e000200.jpg,right,cuff_side,right,0.000909472699277103,0.9990905523300171,True
D:\GRIP_Dataset\New_model\Chirality_Crops\aug27_final_v2_bbox\val\right\13-49-49\images\right\right__GRIP_2026-08-27_13-49-49_fixed__e000200.jpg,right,centre,right,0.0030148618388921022,0.996985137462616,True
D:\GRIP_Dataset\New_model\Chirality_Crops\aug27_final_v2_bbox\val\right\13-49-49\images\right\right__GRIP_2026-08-27_13-49-49_fixed__e000200.jpg,right,top_background,right,0.00019130266446154565,0.9998087286949158,True
D:\GRIP_Dataset\New_model\Chirality_Crops\aug27_final_v2_bbox\val\right\13-49-49\images\right\right__GRIP_2026-08-27_13-49-49_fixed__e000200.jpg,right,bottom_background,right,0.00017784633382689208,0.999822199344635,True
D:\GRIP_Dataset\New_model\Chirality_Crops\aug27_final_v2_bbox\val\right\13-49-49\images\right\right__GRIP_2026-08-27_13-49-49_fixed__e000201.jpg,right,original,right,7.183959496614989e-06,0.999992847442627,True
D:\GRIP_Dataset\New_model\Chirality_Crops\aug27_final_v2_bbox\val\right\13-49-49\images\right\right__GRIP_2026-08-27_13-49-49_fixed__e000201.jpg,right,finger_side,right,0.0021488366182893515,0.9978511333465576,True
D:\GRIP_Dataset\New_model\Chirality_Crops\aug27_final_v2_bbox\val\right\13-49-49\images\right\right__GRIP_2026-08-27_13-49-49_fixed__e000201.jpg,right,cuff_side,right,9.380446499562822e-06,0.9999905824661255,True
D:\GRIP_Dataset\New_model\Chirality_Crops\aug27_final_v2_bbox\val\right\13-49-49\images\right\right__GRIP_2026-08-27_13-49-49_fixed__e000201.jpg,right,centre,right,0.0009755289647728205,0.999024510383606,True
D:\GRIP_Dataset\New_model\Chirality_Crops\aug27_final_v2_bbox\val\right\13-49-49\images\right\right__GRIP_2026-08-27_13-49-49_fixed__e000201.jpg,right,top_background,right,7.183959496614989e-06,0.999992847442627,True
D:\GRIP_Dataset\New_model\Chirality_Crops\aug27_final_v2_bbox\val\right\13-49-49\images\right\right__GRIP_2026-08-27_13-49-49_fixed__e000201.jpg,right,bottom_background,right,7.183959496614989e-06,0.999992847442627,True
D:\GRIP_Dataset\New_model\Chirality_Crops\aug27_final_v2_bbox\val\right\13-49-49\images\right\right__GRIP_2026-08-27_13-49-49_fixed__e000202.jpg,right,original,right,5.045952207183291e-07,0.9999995231628418,True
D:\GRIP_Dataset\New_model\Chirality_Crops\aug27_final_v2_bbox\val\right\13-49-49\images\right\right__GRIP_2026-08-27_13-49-49_fixed__e000202.jpg,right,finger_side,right,0.00208888272754848,0.9979111552238464,True
D:\GRIP_Dataset\New_model\Chirality_Crops\aug27_final_v2_bbox\val\right\13-49-49\images\right\right__GRIP_2026-08-27_13-49-49_fixed__e000202.jpg,right,cuff_side,right,1.1577338227652945e-05,0.9999884366989136,True
D:\GRIP_Dataset\New_model\Chirality_Crops\aug27_final_v2_bbox\val\right\13-49-49\images\right\right__GRIP_2026-08-27_13-49-49_fixed__e000202.jpg,right,centre,right,0.0014954665675759315,0.9985045194625854,True
D:\GRIP_Dataset\New_model\Chirality_Crops\aug27_final_v2_bbox\val\right\13-49-49\images\right\right__GRIP_2026-08-27_13-49-49_fixed__e000202.jpg,right,top_background,right,4.7138115633060806e-07,0.9999995231628418,True
D:\GRIP_Dataset\New_model\Chirality_Crops\aug27_final_v2_bbox\val\right\13-49-49\images\right\right__GRIP_2026-08-27_13-49-49_fixed__e000202.jpg,right,bottom_background,right,4.776832724928681e-07,0.9999995231628418,True
D:\GRIP_Dataset\New_model\Chirality_Crops\aug27_final_v2_bbox\val\right\13-49-49\images\right\right__GRIP_2026-08-27_13-49-49_fixed__e000203.jpg,right,original,right,9.478157153353095e-06,0.9999904632568359,True
D:\GRIP_Dataset\New_model\Chirality_Crops\aug27_final_v2_bbox\val\right\13-49-49\images\right\right__GRIP_2026-08-27_13-49-49_fixed__e000203.jpg,right,finger_side,right,0.014506857842206955,0.9854931235313416,True
D:\GRIP_Dataset\New_model\Chirality_Crops\aug27_final_v2_bbox\val\right\13-49-49\images\right\right__GRIP_2026-08-27_13-49-49_fixed__e000203.jpg,right,cuff_side,right,7.485750393243507e-05,0.9999251365661621,True
D:\GRIP_Dataset\New_model\Chirality_Crops\aug27_final_v2_bbox\val\right\13-49-49\images\right\right__GRIP_2026-08-27_13-49-49_fixed__e000203.jpg,right,centre,right,0.020714962854981422,0.9792851209640503,True
D:\GRIP_Dataset\New_model\Chirality_Crops\aug27_final_v2_bbox\val\right\13-49-49\images\right\right__GRIP_2026-08-27_13-49-49_fixed__e000203.jpg,right,top_background,right,9.478157153353095e-06,0.9999904632568359,True
D:\GRIP_Dataset\New_model\Chirality_Crops\aug27_final_v2_bbox\val\right\13-49-49\images\right\right__GRIP_2026-08-27_13-49-49_fixed__e000203.jpg,right,bottom_background,right,9.478157153353095e-06,0.9999904632568359,True
D:\GRIP_Dataset\New_model\Chirality_Crops\aug27_final_v2_bbox\val\right\13-49-49\images\right\right__GRIP_2026-08-27_13-49-49_fixed__e000204.jpg,right,original,right,2.4669645881658653e-07,0.9999997615814209,True
D:\GRIP_Dataset\New_model\Chirality_Crops\aug27_final_v2_bbox\val\right\13-49-49\images\right\right__GRIP_2026-08-27_13-49-49_fixed__e000204.jpg,right,finger_side,right,0.004197501577436924,0.9958024621009827,True
D:\GRIP_Dataset\New_model\Chirality_Crops\aug27_final_v2_bbox\val\right\13-49-49\images\right\right__GRIP_2026-08-27_13-49-49_fixed__e000204.jpg,right,cuff_side,right,3.6837707284576027e-06,0.9999963045120239,True
D:\GRIP_Dataset\New_model\Chirality_Crops\aug27_final_v2_bbox\val\right\13-49-49\images\right\right__GRIP_2026-08-27_13-49-49_fixed__e000204.jpg,right,centre,right,0.0009770171018317342,0.9990229606628418,True
D:\GRIP_Dataset\New_model\Chirality_Crops\aug27_final_v2_bbox\val\right\13-49-49\images\right\right__GRIP_2026-08-27_13-49-49_fixed__e000204.jpg,right,top_background,right,2.4669645881658653e-07,0.9999997615814209,True
D:\GRIP_Dataset\New_model\Chirality_Crops\aug27_final_v2_bbox\val\right\13-49-49\images\right\right__GRIP_2026-08-27_13-49-49_fixed__e000204.jpg,right,bottom_background,right,2.4669645881658653e-07,0.9999997615814209,True
D:\GRIP_Dataset\New_model\Chirality_Crops\aug27_final_v2_bbox\val\right\13-49-49\images\right\right__GRIP_2026-08-27_13-49-49_fixed__e000205.jpg,right,original,right,1.4896172615408432e-05,0.9999850988388062,True
D:\GRIP_Dataset\New_model\Chirality_Crops\aug27_final_v2_bbox\val\right\13-49-49\images\right\right__GRIP_2026-08-27_13-49-49_fixed__e000205.jpg,right,finger_side,right,0.31186872720718384,0.6881312727928162,True
D:\GRIP_Dataset\New_model\Chirality_Crops\aug27_final_v2_bbox\val\right\13-49-49\images\right\right__GRIP_2026-08-27_13-49-49_fixed__e000205.jpg,right,cuff_side,right,8.608180360170081e-05,0.9999139308929443,True
D:\GRIP_Dataset\New_model\Chirality_Crops\aug27_final_v2_bbox\val\right\13-49-49\images\right\right__GRIP_2026-08-27_13-49-49_fixed__e000205.jpg,right,centre,right,0.3450636565685272,0.6549363136291504,True
D:\GRIP_Dataset\New_model\Chirality_Crops\aug27_final_v2_bbox\val\right\13-49-49\images\right\right__GRIP_2026-08-27_13-49-49_fixed__e000205.jpg,right,top_background,right,1.4896172615408432e-05,0.9999850988388062,True
D:\GRIP_Dataset\New_model\Chirality_Crops\aug27_final_v2_bbox\val\right\13-49-49\images\right\right__GRIP_2026-08-27_13-49-49_fixed__e000205.jpg,right,bottom_background,right,1.4896172615408432e-05,0.9999850988388062,True
D:\GRIP_Dataset\New_model\Chirality_Crops\aug27_final_v2_bbox\val\right\13-49-49\images\right\right__GRIP_2026-08-27_13-49-49_fixed__e000206.jpg,right,original,right,1.0715510143199936e-05,0.9999892711639404,True
D:\GRIP_Dataset\New_model\Chirality_Crops\aug27_final_v2_bbox\val\right\13-49-49\images\right\right__GRIP_2026-08-27_13-49-49_fixed__e000206.jpg,right,finger_side,right,0.011740422807633877,0.9882595539093018,True
D:\GRIP_Dataset\New_model\Chirality_Crops\aug27_final_v2_bbox\val\right\13-49-49\images\right\right__GRIP_2026-08-27_13-49-49_fixed__e000206.jpg,right,cuff_side,right,0.0003183386870659888,0.9996817111968994,True
D:\GRIP_Dataset\New_model\Chirality_Crops\aug27_final_v2_bbox\val\right\13-49-49\images\right\right__GRIP_2026-08-27_13-49-49_fixed__e000206.jpg,right,centre,left,0.7471722364425659,0.2528277337551117,False
D:\GRIP_Dataset\New_model\Chirality_Crops\aug27_final_v2_bbox\val\right\13-49-49\images\right\right__GRIP_2026-08-27_13-49-49_fixed__e000206.jpg,right,top_background,right,1.0715510143199936e-05,0.9999892711639404,True
D:\GRIP_Dataset\New_model\Chirality_Crops\aug27_final_v2_bbox\val\right\13-49-49\images\right\right__GRIP_2026-08-27_13-49-49_fixed__e000206.jpg,right,bottom_background,right,1.0715510143199936e-05,0.9999892711639404,True
D:\GRIP_Dataset\New_model\Chirality_Crops\aug27_final_v2_bbox\val\right\13-49-49\images\right\right__GRIP_2026-08-27_13-49-49_fixed__e000207.jpg,right,original,right,0.00044052457087673247,0.9995594620704651,True
D:\GRIP_Dataset\New_model\Chirality_Crops\aug27_final_v2_bbox\val\right\13-49-49\images\right\right__GRIP_2026-08-27_13-49-49_fixed__e000207.jpg,right,finger_side,right,0.011141529306769371,0.9888584613800049,True
D:\GRIP_Dataset\New_model\Chirality_Crops\aug27_final_v2_bbox\val\right\13-49-49\images\right\right__GRIP_2026-08-27_13-49-49_fixed__e000207.jpg,right,cuff_side,right,0.004040402360260487,0.9959595799446106,True
D:\GRIP_Dataset\New_model\Chirality_Crops\aug27_final_v2_bbox\val\right\13-49-49\images\right\right__GRIP_2026-08-27_13-49-49_fixed__e000207.jpg,right,centre,right,0.02205013856291771,0.9779497981071472,True
D:\GRIP_Dataset\New_model\Chirality_Crops\aug27_final_v2_bbox\val\right\13-49-49\images\right\right__GRIP_2026-08-27_13-49-49_fixed__e000207.jpg,right,top_background,right,0.00044052457087673247,0.9995594620704651,True
D:\GRIP_Dataset\New_model\Chirality_Crops\aug27_final_v2_bbox\val\right\13-49-49\images\right\right__GRIP_2026-08-27_13-49-49_fixed__e000207.jpg,right,bottom_background,right,0.00044052457087673247,0.9995594620704651,True
D:\GRIP_Dataset\New_model\Chirality_Crops\aug27_final_v2_bbox\val\right\13-49-49\images\right\right__GRIP_2026-08-27_13-49-49_fixed__e000209.jpg,right,original,right,6.863480734864424e-07,0.9999992847442627,True
D:\GRIP_Dataset\New_model\Chirality_Crops\aug27_final_v2_bbox\val\right\13-49-49\images\right\right__GRIP_2026-08-27_13-49-49_fixed__e000209.jpg,right,finger_side,right,0.0023988320026546717,0.9976012110710144,True
D:\GRIP_Dataset\New_model\Chirality_Crops\aug27_final_v2_bbox\val\right\13-49-49\images\right\right__GRIP_2026-08-27_13-49-49_fixed__e000209.jpg,right,cuff_side,right,9.93675257632276e-06,0.9999901056289673,True
D:\GRIP_Dataset\New_model\Chirality_Crops\aug27_final_v2_bbox\val\right\13-49-49\images\right\right__GRIP_2026-08-27_13-49-49_fixed__e000209.jpg,right,centre,right,0.1214217096567154,0.8785783648490906,True
D:\GRIP_Dataset\New_model\Chirality_Crops\aug27_final_v2_bbox\val\right\13-49-49\images\right\right__GRIP_2026-08-27_13-49-49_fixed__e000209.jpg,right,top_background,right,6.863480734864424e-07,0.9999992847442627,True
D:\GRIP_Dataset\New_model\Chirality_Crops\aug27_final_v2_bbox\val\right\13-49-49\images\right\right__GRIP_2026-08-27_13-49-49_fixed__e000209.jpg,right,bottom_background,right,6.863480734864424e-07,0.9999992847442627,True
D:\GRIP_Dataset\New_model\Chirality_Crops\aug27_final_v2_bbox\val\right\13-49-49\images\right\right__GRIP_2026-08-27_13-49-49_fixed__e000211.jpg,right,original,right,1.2866950783063658e-05,0.9999871253967285,True
D:\GRIP_Dataset\New_model\Chirality_Crops\aug27_final_v2_bbox\val\right\13-49-49\images\right\right__GRIP_2026-08-27_13-49-49_fixed__e000211.jpg,right,finger_side,right,0.007274738047271967,0.9927252531051636,True
D:\GRIP_Dataset\New_model\Chirality_Crops\aug27_final_v2_bbox\val\right\13-49-49\images\right\right__GRIP_2026-08-27_13-49-49_fixed__e000211.jpg,right,cuff_side,right,4.312370947445743e-05,0.9999568462371826,True
D:\GRIP_Dataset\New_model\Chirality_Crops\aug27_final_v2_bbox\val\right\13-49-49\images\right\right__GRIP_2026-08-27_13-49-49_fixed__e000211.jpg,right,centre,right,0.0016135621117427945,0.9983865022659302,True
D:\GRIP_Dataset\New_model\Chirality_Crops\aug27_final_v2_bbox\val\right\13-49-49\images\right\right__GRIP_2026-08-27_13-49-49_fixed__e000211.jpg,right,top_background,right,3.8479731301777065e-05,0.9999614953994751,True
D:\GRIP_Dataset\New_model\Chirality_Crops\aug27_final_v2_bbox\val\right\13-49-49\images\right\right__GRIP_2026-08-27_13-49-49_fixed__e000211.jpg,right,bottom_background,right,1.6951100406004116e-05,0.9999830722808838,True
D:\GRIP_Dataset\New_model\Chirality_Crops\aug27_final_v2_bbox\val\right\13-49-49\images\right\right__GRIP_2026-08-27_13-49-49_fixed__e000212.jpg,right,original,right,2.5428630578971934e-06,0.9999974966049194,True
D:\GRIP_Dataset\New_model\Chirality_Crops\aug27_final_v2_bbox\val\right\13-49-49\images\right\right__GRIP_2026-08-27_13-49-49_fixed__e000212.jpg,right,finger_side,right,0.0044993325136601925,0.9955006241798401,True
D:\GRIP_Dataset\New_model\Chirality_Crops\aug27_final_v2_bbox\val\right\13-49-49\images\right\right__GRIP_2026-08-27_13-49-49_fixed__e000212.jpg,right,cuff_side,right,0.00010560626105871052,0.999894380569458,True
D:\GRIP_Dataset\New_model\Chirality_Crops\aug27_final_v2_bbox\val\right\13-49-49\images\right\right__GRIP_2026-08-27_13-49-49_fixed__e000212.jpg,right,centre,right,0.0056948428973555565,0.9943051934242249,True
D:\GRIP_Dataset\New_model\Chirality_Crops\aug27_final_v2_bbox\val\right\13-49-49\images\right\right__GRIP_2026-08-27_13-49-49_fixed__e000212.jpg,right,top_background,right,2.5428630578971934e-06,0.9999974966049194,True
D:\GRIP_Dataset\New_model\Chirality_Crops\aug27_final_v2_bbox\val\right\13-49-49\images\right\right__GRIP_2026-08-27_13-49-49_fixed__e000212.jpg,right,bottom_background,right,2.5428630578971934e-06,0.9999974966049194,True
D:\GRIP_Dataset\New_model\Chirality_Crops\aug27_final_v2_bbox\val\right\13-49-49\images\right\right__GRIP_2026-08-27_13-49-49_fixed__e000214.jpg,right,original,right,2.4102746465359814e-07,0.9999997615814209,True
D:\GRIP_Dataset\New_model\Chirality_Crops\aug27_final_v2_bbox\val\right\13-49-49\images\right\right__GRIP_2026-08-27_13-49-49_fixed__e000214.jpg,right,finger_side,right,0.005209355615079403,0.9947906732559204,True
D:\GRIP_Dataset\New_model\Chirality_Crops\aug27_final_v2_bbox\val\right\13-49-49\images\right\right__GRIP_2026-08-27_13-49-49_fixed__e000214.jpg,right,cuff_side,right,2.230607833553222e-06,0.9999977350234985,True
D:\GRIP_Dataset\New_model\Chirality_Crops\aug27_final_v2_bbox\val\right\13-49-49\images\right\right__GRIP_2026-08-27_13-49-49_fixed__e000214.jpg,right,centre,right,0.00032238735002465546,0.9996776580810547,True
D:\GRIP_Dataset\New_model\Chirality_Crops\aug27_final_v2_bbox\val\right\13-49-49\images\right\right__GRIP_2026-08-27_13-49-49_fixed__e000214.jpg,right,top_background,right,2.4102746465359814e-07,0.9999997615814209,True
D:\GRIP_Dataset\New_model\Chirality_Crops\aug27_final_v2_bbox\val\right\13-49-49\images\right\right__GRIP_2026-08-27_13-49-49_fixed__e000214.jpg,right,bottom_background,right,2.4102746465359814e-07,0.9999997615814209,True
D:\GRIP_Dataset\New_model\Chirality_Crops\aug27_final_v2_bbox\val\right\13-49-49\images\right\right__GRIP_2026-08-27_13-49-49_fixed__e000216.jpg,right,original,right,0.00010242674761684611,0.9998975992202759,True
D:\GRIP_Dataset\New_model\Chirality_Crops\aug27_final_v2_bbox\val\right\13-49-49\images\right\right__GRIP_2026-08-27_13-49-49_fixed__e000216.jpg,right,finger_side,right,0.019572308287024498,0.9804276823997498,True
D:\GRIP_Dataset\New_model\Chirality_Crops\aug27_final_v2_bbox\val\right\13-49-49\images\right\right__GRIP_2026-08-27_13-49-49_fixed__e000216.jpg,right,cuff_side,right,0.0011022326070815325,0.9988977909088135,True
D:\GRIP_Dataset\New_model\Chirality_Crops\aug27_final_v2_bbox\val\right\13-49-49\images\right\right__GRIP_2026-08-27_13-49-49_fixed__e000216.jpg,right,centre,right,0.06693718582391739,0.9330628514289856,True
D:\GRIP_Dataset\New_model\Chirality_Crops\aug27_final_v2_bbox\val\right\13-49-49\images\right\right__GRIP_2026-08-27_13-49-49_fixed__e000216.jpg,right,top_background,right,0.00010242674761684611,0.9998975992202759,True
D:\GRIP_Dataset\New_model\Chirality_Crops\aug27_final_v2_bbox\val\right\13-49-49\images\right\right__GRIP_2026-08-27_13-49-49_fixed__e000216.jpg,right,bottom_background,right,0.00010242674761684611,0.9998975992202759,True
D:\GRIP_Dataset\New_model\Chirality_Crops\aug27_final_v2_bbox\val\right\13-49-49\images\right\right__GRIP_2026-08-27_13-49-49_fixed__e000217.jpg,right,original,right,1.0889268196478952e-05,0.9999891519546509,True
D:\GRIP_Dataset\New_model\Chirality_Crops\aug27_final_v2_bbox\val\right\13-49-49\images\right\right__GRIP_2026-08-27_13-49-49_fixed__e000217.jpg,right,finger_side,right,0.02782127447426319,0.9721786975860596,True
D:\GRIP_Dataset\New_model\Chirality_Crops\aug27_final_v2_bbox\val\right\13-49-49\images\right\right__GRIP_2026-08-27_13-49-49_fixed__e000217.jpg,right,cuff_side,right,8.55016041896306e-05,0.9999145269393921,True
D:\GRIP_Dataset\New_model\Chirality_Crops\aug27_final_v2_bbox\val\right\13-49-49\images\right\right__GRIP_2026-08-27_13-49-49_fixed__e000217.jpg,right,centre,right,0.18816940486431122,0.8118305802345276,True
D:\GRIP_Dataset\New_model\Chirality_Crops\aug27_final_v2_bbox\val\right\13-49-49\images\right\right__GRIP_2026-08-27_13-49-49_fixed__e000217.jpg,right,top_background,right,1.0889268196478952e-05,0.9999891519546509,True
D:\GRIP_Dataset\New_model\Chirality_Crops\aug27_final_v2_bbox\val\right\13-49-49\images\right\right__GRIP_2026-08-27_13-49-49_fixed__e000217.jpg,right,bottom_background,right,1.0889268196478952e-05,0.9999891519546509,True
D:\GRIP_Dataset\New_model\Chirality_Crops\aug27_final_v2_bbox\val\right\13-49-49\images\right\right__GRIP_2026-08-27_13-49-49_fixed__e000218.jpg,right,original,right,2.9270907475620334e-07,0.9999997615814209,True
D:\GRIP_Dataset\New_model\Chirality_Crops\aug27_final_v2_bbox\val\right\13-49-49\images\right\right__GRIP_2026-08-27_13-49-49_fixed__e000218.jpg,right,finger_side,right,0.03861287608742714,0.9613870978355408,True
D:\GRIP_Dataset\New_model\Chirality_Crops\aug27_final_v2_bbox\val\right\13-49-49\images\right\right__GRIP_2026-08-27_13-49-49_fixed__e000218.jpg,right,cuff_side,right,4.6980148908915e-06,0.9999953508377075,True
D:\GRIP_Dataset\New_model\Chirality_Crops\aug27_final_v2_bbox\val\right\13-49-49\images\right\right__GRIP_2026-08-27_13-49-49_fixed__e000218.jpg,right,centre,right,0.0009242701926268637,0.9990756511688232,True
D:\GRIP_Dataset\New_model\Chirality_Crops\aug27_final_v2_bbox\val\right\13-49-49\images\right\right__GRIP_2026-08-27_13-49-49_fixed__e000218.jpg,right,top_background,right,6.96322558724205e-07,0.9999992847442627,True
D:\GRIP_Dataset\New_model\Chirality_Crops\aug27_final_v2_bbox\val\right\13-49-49\images\right\right__GRIP_2026-08-27_13-49-49_fixed__e000218.jpg,right,bottom_background,right,2.9563287284872786e-07,0.9999997615814209,True
D:\GRIP_Dataset\New_model\Chirality_Crops\aug27_final_v2_bbox\val\right\13-49-49\images\right\right__GRIP_2026-08-27_13-49-49_fixed__e000219.jpg,right,original,right,7.645638220310502e-07,0.9999992847442627,True
D:\GRIP_Dataset\New_model\Chirality_Crops\aug27_final_v2_bbox\val\right\13-49-49\images\right\right__GRIP_2026-08-27_13-49-49_fixed__e000219.jpg,right,finger_side,right,0.0014891138998791575,0.9985108971595764,True
D:\GRIP_Dataset\New_model\Chirality_Crops\aug27_final_v2_bbox\val\right\13-49-49\images\right\right__GRIP_2026-08-27_13-49-49_fixed__e000219.jpg,right,cuff_side,right,1.0078303603222594e-05,0.9999898672103882,True
D:\GRIP_Dataset\New_model\Chirality_Crops\aug27_final_v2_bbox\val\right\13-49-49\images\right\right__GRIP_2026-08-27_13-49-49_fixed__e000219.jpg,right,centre,right,6.878386193420738e-05,0.9999312162399292,True
D:\GRIP_Dataset\New_model\Chirality_Crops\aug27_final_v2_bbox\val\right\13-49-49\images\right\right__GRIP_2026-08-27_13-49-49_fixed__e000219.jpg,right,top_background,right,7.645638220310502e-07,0.9999992847442627,True
D:\GRIP_Dataset\New_model\Chirality_Crops\aug27_final_v2_bbox\val\right\13-49-49\images\right\right__GRIP_2026-08-27_13-49-49_fixed__e000219.jpg,right,bottom_background,right,7.645638220310502e-07,0.9999992847442627,True
D:\GRIP_Dataset\New_model\Chirality_Crops\aug27_final_v2_bbox\val\right\13-49-49\images\right\right__GRIP_2026-08-27_13-49-49_fixed__e000220.jpg,right,original,right,2.404992073934409e-06,0.999997615814209,True
D:\GRIP_Dataset\New_model\Chirality_Crops\aug27_final_v2_bbox\val\right\13-49-49\images\right\right__GRIP_2026-08-27_13-49-49_fixed__e000220.jpg,right,finger_side,right,0.0019117258489131927,0.9980883002281189,True
D:\GRIP_Dataset\New_model\Chirality_Crops\aug27_final_v2_bbox\val\right\13-49-49\images\right\right__GRIP_2026-08-27_13-49-49_fixed__e000220.jpg,right,cuff_side,right,0.0002782770898193121,0.9997217059135437,True
D:\GRIP_Dataset\New_model\Chirality_Crops\aug27_final_v2_bbox\val\right\13-49-49\images\right\right__GRIP_2026-08-27_13-49-49_fixed__e000220.jpg,right,centre,right,0.010894529521465302,0.9891054034233093,True
D:\GRIP_Dataset\New_model\Chirality_Crops\aug27_final_v2_bbox\val\right\13-49-49\images\right\right__GRIP_2026-08-27_13-49-49_fixed__e000220.jpg,right,top_background,right,2.404992073934409e-06,0.999997615814209,True
D:\GRIP_Dataset\New_model\Chirality_Crops\aug27_final_v2_bbox\val\right\13-49-49\images\right\right__GRIP_2026-08-27_13-49-49_fixed__e000220.jpg,right,bottom_background,right,2.404992073934409e-06,0.999997615814209,True
D:\GRIP_Dataset\New_model\Chirality_Crops\aug27_final_v2_bbox\val\right\13-49-49\images\right\right__GRIP_2026-08-27_13-49-49_fixed__e000221.jpg,right,original,right,2.0776728888449725e-06,0.9999979734420776,True
D:\GRIP_Dataset\New_model\Chirality_Crops\aug27_final_v2_bbox\val\right\13-49-49\images\right\right__GRIP_2026-08-27_13-49-49_fixed__e000221.jpg,right,finger_side,right,0.00014424156688619405,0.9998557567596436,True
D:\GRIP_Dataset\New_model\Chirality_Crops\aug27_final_v2_bbox\val\right\13-49-49\images\right\right__GRIP_2026-08-27_13-49-49_fixed__e000221.jpg,right,cuff_side,right,6.420433692255756e-06,0.9999935626983643,True
D:\GRIP_Dataset\New_model\Chirality_Crops\aug27_final_v2_bbox\val\right\13-49-49\images\right\right__GRIP_2026-08-27_13-49-49_fixed__e000221.jpg,right,centre,right,0.0007988049183040857,0.999201238155365,True
D:\GRIP_Dataset\New_model\Chirality_Crops\aug27_final_v2_bbox\val\right\13-49-49\images\right\right__GRIP_2026-08-27_13-49-49_fixed__e000221.jpg,right,top_background,right,2.1178291262913262e-06,0.9999978542327881,True
D:\GRIP_Dataset\New_model\Chirality_Crops\aug27_final_v2_bbox\val\right\13-49-49\images\right\right__GRIP_2026-08-27_13-49-49_fixed__e000221.jpg,right,bottom_background,right,2.039052105828887e-06,0.9999979734420776,True
D:\GRIP_Dataset\New_model\Chirality_Crops\aug27_final_v2_bbox\val\right\13-49-49\images\right\right__GRIP_2026-08-27_13-49-49_fixed__e000222.jpg,right,original,right,9.569017493049614e-06,0.9999904632568359,True
D:\GRIP_Dataset\New_model\Chirality_Crops\aug27_final_v2_bbox\val\right\13-49-49\images\right\right__GRIP_2026-08-27_13-49-49_fixed__e000222.jpg,right,finger_side,right,0.0013291100040078163,0.9986709356307983,True
D:\GRIP_Dataset\New_model\Chirality_Crops\aug27_final_v2_bbox\val\right\13-49-49\images\right\right__GRIP_2026-08-27_13-49-49_fixed__e000222.jpg,right,cuff_side,right,0.00016607552242930979,0.9998339414596558,True
D:\GRIP_Dataset\New_model\Chirality_Crops\aug27_final_v2_bbox\val\right\13-49-49\images\right\right__GRIP_2026-08-27_13-49-49_fixed__e000222.jpg,right,centre,right,0.07197935879230499,0.9280206561088562,True
D:\GRIP_Dataset\New_model\Chirality_Crops\aug27_final_v2_bbox\val\right\13-49-49\images\right\right__GRIP_2026-08-27_13-49-49_fixed__e000222.jpg,right,top_background,right,9.569017493049614e-06,0.9999904632568359,True
D:\GRIP_Dataset\New_model\Chirality_Crops\aug27_final_v2_bbox\val\right\13-49-49\images\right\right__GRIP_2026-08-27_13-49-49_fixed__e000222.jpg,right,bottom_background,right,9.569017493049614e-06,0.9999904632568359,True
D:\GRIP_Dataset\New_model\Chirality_Crops\aug27_final_v2_bbox\val\right\13-49-49\images\right\right__GRIP_2026-08-27_13-49-49_fixed__e000223.jpg,right,original,right,1.919752139656339e-05,0.9999808073043823,True
D:\GRIP_Dataset\New_model\Chirality_Crops\aug27_final_v2_bbox\val\right\13-49-49\images\right\right__GRIP_2026-08-27_13-49-49_fixed__e000223.jpg,right,finger_side,right,0.20611009001731873,0.7938899397850037,True
D:\GRIP_Dataset\New_model\Chirality_Crops\aug27_final_v2_bbox\val\right\13-49-49\images\right\right__GRIP_2026-08-27_13-49-49_fixed__e000223.jpg,right,cuff_side,right,1.2031613550789189e-05,0.9999879598617554,True
D:\GRIP_Dataset\New_model\Chirality_Crops\aug27_final_v2_bbox\val\right\13-49-49\images\right\right__GRIP_2026-08-27_13-49-49_fixed__e000223.jpg,right,centre,right,0.10001631081104279,0.8999837636947632,True
D:\GRIP_Dataset\New_model\Chirality_Crops\aug27_final_v2_bbox\val\right\13-49-49\images\right\right__GRIP_2026-08-27_13-49-49_fixed__e000223.jpg,right,top_background,right,1.7805054085329175e-05,0.9999822378158569,True
D:\GRIP_Dataset\New_model\Chirality_Crops\aug27_final_v2_bbox\val\right\13-49-49\images\right\right__GRIP_2026-08-27_13-49-49_fixed__e000223.jpg,right,bottom_background,right,1.7586515241418965e-05,0.9999823570251465,True
D:\GRIP_Dataset\New_model\Chirality_Crops\aug27_final_v2_bbox\val\right\13-49-49\images\right\right__GRIP_2026-08-27_13-49-49_fixed__e000224.jpg,right,original,right,4.344582066551084e-06,0.9999957084655762,True
D:\GRIP_Dataset\New_model\Chirality_Crops\aug27_final_v2_bbox\val\right\13-49-49\images\right\right__GRIP_2026-08-27_13-49-49_fixed__e000224.jpg,right,finger_side,right,0.001137830433435738,0.9988621473312378,True
D:\GRIP_Dataset\New_model\Chirality_Crops\aug27_final_v2_bbox\val\right\13-49-49\images\right\right__GRIP_2026-08-27_13-49-49_fixed__e000224.jpg,right,cuff_side,right,1.95461561816046e-05,0.9999804496765137,True
D:\GRIP_Dataset\New_model\Chirality_Crops\aug27_final_v2_bbox\val\right\13-49-49\images\right\right__GRIP_2026-08-27_13-49-49_fixed__e000224.jpg,right,centre,right,0.036703359335660934,0.96329665184021,True
D:\GRIP_Dataset\New_model\Chirality_Crops\aug27_final_v2_bbox\val\right\13-49-49\images\right\right__GRIP_2026-08-27_13-49-49_fixed__e000224.jpg,right,top_background,right,4.344582066551084e-06,0.9999957084655762,True
D:\GRIP_Dataset\New_model\Chirality_Crops\aug27_final_v2_bbox\val\right\13-49-49\images\right\right__GRIP_2026-08-27_13-49-49_fixed__e000224.jpg,right,bottom_background,right,4.344582066551084e-06,0.9999957084655762,True
D:\GRIP_Dataset\New_model\Chirality_Crops\aug27_final_v2_bbox\val\right\13-49-49\images\right\right__GRIP_2026-08-27_13-49-49_fixed__e000225.jpg,right,original,right,1.8108359654434025e-05,0.9999818801879883,True
D:\GRIP_Dataset\New_model\Chirality_Crops\aug27_final_v2_bbox\val\right\13-49-49\images\right\right__GRIP_2026-08-27_13-49-49_fixed__e000225.jpg,right,finger_side,right,0.008386506699025631,0.991613507270813,True
D:\GRIP_Dataset\New_model\Chirality_Crops\aug27_final_v2_bbox\val\right\13-49-49\images\right\right__GRIP_2026-08-27_13-49-49_fixed__e000225.jpg,right,cuff_side,right,6.297448271652684e-05,0.9999370574951172,True
D:\GRIP_Dataset\New_model\Chirality_Crops\aug27_final_v2_bbox\val\right\13-49-49\images\right\right__GRIP_2026-08-27_13-49-49_fixed__e000225.jpg,right,centre,right,0.0013049758272245526,0.9986950755119324,True
D:\GRIP_Dataset\New_model\Chirality_Crops\aug27_final_v2_bbox\val\right\13-49-49\images\right\right__GRIP_2026-08-27_13-49-49_fixed__e000225.jpg,right,top_background,right,1.805741703719832e-05,0.9999819993972778,True
D:\GRIP_Dataset\New_model\Chirality_Crops\aug27_final_v2_bbox\val\right\13-49-49\images\right\right__GRIP_2026-08-27_13-49-49_fixed__e000225.jpg,right,bottom_background,right,1.7936865333467722e-05,0.9999821186065674,True
D:\GRIP_Dataset\New_model\Chirality_Crops\aug27_final_v2_bbox\val\right\13-49-49\images\right\right__GRIP_2026-08-27_13-49-49_fixed__e000226.jpg,right,original,right,0.1592443585395813,0.8407555818557739,True
D:\GRIP_Dataset\New_model\Chirality_Crops\aug27_final_v2_bbox\val\right\13-49-49\images\right\right__GRIP_2026-08-27_13-49-49_fixed__e000226.jpg,right,finger_side,left,0.7257203459739685,0.2742796540260315,False
D:\GRIP_Dataset\New_model\Chirality_Crops\aug27_final_v2_bbox\val\right\13-49-49\images\right\right__GRIP_2026-08-27_13-49-49_fixed__e000226.jpg,right,cuff_side,right,0.4014997184276581,0.5985002517700195,True
D:\GRIP_Dataset\New_model\Chirality_Crops\aug27_final_v2_bbox\val\right\13-49-49\images\right\right__GRIP_2026-08-27_13-49-49_fixed__e000226.jpg,right,centre,left,0.9715661406517029,0.02843388542532921,False
D:\GRIP_Dataset\New_model\Chirality_Crops\aug27_final_v2_bbox\val\right\13-49-49\images\right\right__GRIP_2026-08-27_13-49-49_fixed__e000226.jpg,right,top_background,right,0.1592443585395813,0.8407555818557739,True
D:\GRIP_Dataset\New_model\Chirality_Crops\aug27_final_v2_bbox\val\right\13-49-49\images\right\right__GRIP_2026-08-27_13-49-49_fixed__e000226.jpg,right,bottom_background,right,0.1592443585395813,0.8407555818557739,True
D:\GRIP_Dataset\New_model\Chirality_Crops\aug27_final_v2_bbox\val\right\13-49-49\images\right\right__GRIP_2026-08-27_13-49-49_fixed__e000227.jpg,right,original,right,0.0002570929646026343,0.9997429251670837,True
D:\GRIP_Dataset\New_model\Chirality_Crops\aug27_final_v2_bbox\val\right\13-49-49\images\right\right__GRIP_2026-08-27_13-49-49_fixed__e000227.jpg,right,finger_side,left,0.9869245290756226,0.01307543646544218,False
D:\GRIP_Dataset\New_model\Chirality_Crops\aug27_final_v2_bbox\val\right\13-49-49\images\right\right__GRIP_2026-08-27_13-49-49_fixed__e000227.jpg,right,cuff_side,right,0.00021817795641254634,0.9997817873954773,True
D:\GRIP_Dataset\New_model\Chirality_Crops\aug27_final_v2_bbox\val\right\13-49-49\images\right\right__GRIP_2026-08-27_13-49-49_fixed__e000227.jpg,right,centre,right,0.0045987763442099094,0.99540114402771,True
D:\GRIP_Dataset\New_model\Chirality_Crops\aug27_final_v2_bbox\val\right\13-49-49\images\right\right__GRIP_2026-08-27_13-49-49_fixed__e000227.jpg,right,top_background,right,0.00024817234952934086,0.9997518658638,True
D:\GRIP_Dataset\New_model\Chirality_Crops\aug27_final_v2_bbox\val\right\13-49-49\images\right\right__GRIP_2026-08-27_13-49-49_fixed__e000227.jpg,right,bottom_background,right,0.00025695696240291,0.9997430443763733,True
D:\GRIP_Dataset\New_model\Chirality_Crops\aug27_final_v2_bbox\val\right\13-49-49\images\right\right__GRIP_2026-08-27_13-49-49_fixed__e000229.jpg,right,original,right,1.6600779417785816e-05,0.9999834299087524,True
D:\GRIP_Dataset\New_model\Chirality_Crops\aug27_final_v2_bbox\val\right\13-49-49\images\right\right__GRIP_2026-08-27_13-49-49_fixed__e000229.jpg,right,finger_side,right,0.005990418139845133,0.9940096139907837,True
D:\GRIP_Dataset\New_model\Chirality_Crops\aug27_final_v2_bbox\val\right\13-49-49\images\right\right__GRIP_2026-08-27_13-49-49_fixed__e000229.jpg,right,cuff_side,right,0.0001468332629883662,0.9998531341552734,True
D:\GRIP_Dataset\New_model\Chirality_Crops\aug27_final_v2_bbox\val\right\13-49-49\images\right\right__GRIP_2026-08-27_13-49-49_fixed__e000229.jpg,right,centre,right,0.020900636911392212,0.9790993332862854,True
D:\GRIP_Dataset\New_model\Chirality_Crops\aug27_final_v2_bbox\val\right\13-49-49\images\right\right__GRIP_2026-08-27_13-49-49_fixed__e000229.jpg,right,top_background,right,1.6600779417785816e-05,0.9999834299087524,True
D:\GRIP_Dataset\New_model\Chirality_Crops\aug27_final_v2_bbox\val\right\13-49-49\images\right\right__GRIP_2026-08-27_13-49-49_fixed__e000229.jpg,right,bottom_background,right,1.6600779417785816e-05,0.9999834299087524,True
D:\GRIP_Dataset\New_model\Chirality_Crops\aug27_final_v2_bbox\val\right\13-49-49\images\right\right__GRIP_2026-08-27_13-49-49_fixed__e000230.jpg,right,original,right,4.208223799651023e-06,0.9999958276748657,True
D:\GRIP_Dataset\New_model\Chirality_Crops\aug27_final_v2_bbox\val\right\13-49-49\images\right\right__GRIP_2026-08-27_13-49-49_fixed__e000230.jpg,right,finger_side,right,0.0025650556199252605,0.9974349141120911,True
D:\GRIP_Dataset\New_model\Chirality_Crops\aug27_final_v2_bbox\val\right\13-49-49\images\right\right__GRIP_2026-08-27_13-49-49_fixed__e000230.jpg,right,cuff_side,right,1.260534986613493e-06,0.9999986886978149,True
D:\GRIP_Dataset\New_model\Chirality_Crops\aug27_final_v2_bbox\val\right\13-49-49\images\right\right__GRIP_2026-08-27_13-49-49_fixed__e000230.jpg,right,centre,right,9.939147275872529e-05,0.9999005794525146,True
D:\GRIP_Dataset\New_model\Chirality_Crops\aug27_final_v2_bbox\val\right\13-49-49\images\right\right__GRIP_2026-08-27_13-49-49_fixed__e000230.jpg,right,top_background,right,5.403790055424906e-06,0.9999946355819702,True
D:\GRIP_Dataset\New_model\Chirality_Crops\aug27_final_v2_bbox\val\right\13-49-49\images\right\right__GRIP_2026-08-27_13-49-49_fixed__e000230.jpg,right,bottom_background,right,3.995667157141725e-06,0.9999959468841553,True
D:\GRIP_Dataset\New_model\Chirality_Crops\aug27_final_v2_bbox\val\right\13-49-49\images\right\right__GRIP_2026-08-27_13-49-49_fixed__e000231.jpg,right,original,right,3.936640496249311e-06,0.9999960660934448,True
D:\GRIP_Dataset\New_model\Chirality_Crops\aug27_final_v2_bbox\val\right\13-49-49\images\right\right__GRIP_2026-08-27_13-49-49_fixed__e000231.jpg,right,finger_side,right,0.0014275916619226336,0.9985723495483398,True
D:\GRIP_Dataset\New_model\Chirality_Crops\aug27_final_v2_bbox\val\right\13-49-49\images\right\right__GRIP_2026-08-27_13-49-49_fixed__e000231.jpg,right,cuff_side,right,0.00010355300037190318,0.9998964071273804,True
D:\GRIP_Dataset\New_model\Chirality_Crops\aug27_final_v2_bbox\val\right\13-49-49\images\right\right__GRIP_2026-08-27_13-49-49_fixed__e000231.jpg,right,centre,right,0.013658647425472736,0.9863412976264954,True
D:\GRIP_Dataset\New_model\Chirality_Crops\aug27_final_v2_bbox\val\right\13-49-49\images\right\right__GRIP_2026-08-27_13-49-49_fixed__e000231.jpg,right,top_background,right,3.936640496249311e-06,0.9999960660934448,True
D:\GRIP_Dataset\New_model\Chirality_Crops\aug27_final_v2_bbox\val\right\13-49-49\images\right\right__GRIP_2026-08-27_13-49-49_fixed__e000231.jpg,right,bottom_background,right,3.936640496249311e-06,0.9999960660934448,True
D:\GRIP_Dataset\New_model\Chirality_Crops\aug27_final_v2_bbox\val\right\13-49-49\images\right\right__GRIP_2026-08-27_13-49-49_fixed__e000232.jpg,right,original,right,3.107890734099783e-05,0.9999688863754272,True
D:\GRIP_Dataset\New_model\Chirality_Crops\aug27_final_v2_bbox\val\right\13-49-49\images\right\right__GRIP_2026-08-27_13-49-49_fixed__e000232.jpg,right,finger_side,right,0.0012179008917883039,0.9987820982933044,True
D:\GRIP_Dataset\New_model\Chirality_Crops\aug27_final_v2_bbox\val\right\13-49-49\images\right\right__GRIP_2026-08-27_13-49-49_fixed__e000232.jpg,right,cuff_side,right,0.00039317767368629575,0.9996067881584167,True
D:\GRIP_Dataset\New_model\Chirality_Crops\aug27_final_v2_bbox\val\right\13-49-49\images\right\right__GRIP_2026-08-27_13-49-49_fixed__e000232.jpg,right,centre,right,0.03256857022643089,0.9674314856529236,True
D:\GRIP_Dataset\New_model\Chirality_Crops\aug27_final_v2_bbox\val\right\13-49-49\images\right\right__GRIP_2026-08-27_13-49-49_fixed__e000232.jpg,right,top_background,right,3.107890734099783e-05,0.9999688863754272,True
D:\GRIP_Dataset\New_model\Chirality_Crops\aug27_final_v2_bbox\val\right\13-49-49\images\right\right__GRIP_2026-08-27_13-49-49_fixed__e000232.jpg,right,bottom_background,right,3.107890734099783e-05,0.9999688863754272,True
D:\GRIP_Dataset\New_model\Chirality_Crops\aug27_final_v2_bbox\val\right\13-49-49\images\right\right__GRIP_2026-08-27_13-49-49_fixed__e000233.jpg,right,original,right,5.079732000012882e-05,0.9999492168426514,True
D:\GRIP_Dataset\New_model\Chirality_Crops\aug27_final_v2_bbox\val\right\13-49-49\images\right\right__GRIP_2026-08-27_13-49-49_fixed__e000233.jpg,right,finger_side,left,0.8962457180023193,0.10375430434942245,False
D:\GRIP_Dataset\New_model\Chirality_Crops\aug27_final_v2_bbox\val\right\13-49-49\images\right\right__GRIP_2026-08-27_13-49-49_fixed__e000233.jpg,right,cuff_side,right,8.326544775627553e-05,0.999916672706604,True
D:\GRIP_Dataset\New_model\Chirality_Crops\aug27_final_v2_bbox\val\right\13-49-49\images\right\right__GRIP_2026-08-27_13-49-49_fixed__e000233.jpg,right,centre,right,0.0948910191655159,0.9051089882850647,True
D:\GRIP_Dataset\New_model\Chirality_Crops\aug27_final_v2_bbox\val\right\13-49-49\images\right\right__GRIP_2026-08-27_13-49-49_fixed__e000233.jpg,right,top_background,right,5.079732000012882e-05,0.9999492168426514,True
D:\GRIP_Dataset\New_model\Chirality_Crops\aug27_final_v2_bbox\val\right\13-49-49\images\right\right__GRIP_2026-08-27_13-49-49_fixed__e000233.jpg,right,bottom_background,right,5.079732000012882e-05,0.9999492168426514,True
D:\GRIP_Dataset\New_model\Chirality_Crops\aug27_final_v2_bbox\val\right\13-49-49\images\right\right__GRIP_2026-08-27_13-49-49_fixed__e000234.jpg,right,original,right,3.3408325634809444e-06,0.9999966621398926,True
D:\GRIP_Dataset\New_model\Chirality_Crops\aug27_final_v2_bbox\val\right\13-49-49\images\right\right__GRIP_2026-08-27_13-49-49_fixed__e000234.jpg,right,finger_side,right,0.0006474189576692879,0.9993526339530945,True
D:\GRIP_Dataset\New_model\Chirality_Crops\aug27_final_v2_bbox\val\right\13-49-49\images\right\right__GRIP_2026-08-27_13-49-49_fixed__e000234.jpg,right,cuff_side,right,0.00026092896587215364,0.9997391104698181,True
D:\GRIP_Dataset\New_model\Chirality_Crops\aug27_final_v2_bbox\val\right\13-49-49\images\right\right__GRIP_2026-08-27_13-49-49_fixed__e000234.jpg,right,centre,right,0.0070167770609259605,0.9929832220077515,True
D:\GRIP_Dataset\New_model\Chirality_Crops\aug27_final_v2_bbox\val\right\13-49-49\images\right\right__GRIP_2026-08-27_13-49-49_fixed__e000234.jpg,right,top_background,right,3.3408325634809444e-06,0.9999966621398926,True
D:\GRIP_Dataset\New_model\Chirality_Crops\aug27_final_v2_bbox\val\right\13-49-49\images\right\right__GRIP_2026-08-27_13-49-49_fixed__e000234.jpg,right,bottom_background,right,3.3408325634809444e-06,0.9999966621398926,True
D:\GRIP_Dataset\New_model\Chirality_Crops\aug27_final_v2_bbox\val\right\13-49-49\images\right\right__GRIP_2026-08-27_13-49-49_fixed__e000235.jpg,right,original,right,3.265842906330363e-06,0.9999967813491821,True
D:\GRIP_Dataset\New_model\Chirality_Crops\aug27_final_v2_bbox\val\right\13-49-49\images\right\right__GRIP_2026-08-27_13-49-49_fixed__e000235.jpg,right,finger_side,right,0.00572560541331768,0.9942744374275208,True
D:\GRIP_Dataset\New_model\Chirality_Crops\aug27_final_v2_bbox\val\right\13-49-49\images\right\right__GRIP_2026-08-27_13-49-49_fixed__e000235.jpg,right,cuff_side,right,3.269971057306975e-05,0.9999673366546631,True
D:\GRIP_Dataset\New_model\Chirality_Crops\aug27_final_v2_bbox\val\right\13-49-49\images\right\right__GRIP_2026-08-27_13-49-49_fixed__e000235.jpg,right,centre,right,0.04679743945598602,0.9532026052474976,True
D:\GRIP_Dataset\New_model\Chirality_Crops\aug27_final_v2_bbox\val\right\13-49-49\images\right\right__GRIP_2026-08-27_13-49-49_fixed__e000235.jpg,right,top_background,right,3.055790330108721e-06,0.9999969005584717,True
D:\GRIP_Dataset\New_model\Chirality_Crops\aug27_final_v2_bbox\val\right\13-49-49\images\right\right__GRIP_2026-08-27_13-49-49_fixed__e000235.jpg,right,bottom_background,right,3.100164121860871e-06,0.9999969005584717,True
D:\GRIP_Dataset\New_model\Chirality_Crops\aug27_final_v2_bbox\val\right\13-49-49\images\right\right__GRIP_2026-08-27_13-49-49_fixed__e000236.jpg,right,original,right,6.502257292595459e-06,0.9999934434890747,True
D:\GRIP_Dataset\New_model\Chirality_Crops\aug27_final_v2_bbox\val\right\13-49-49\images\right\right__GRIP_2026-08-27_13-49-49_fixed__e000236.jpg,right,finger_side,right,0.10185963660478592,0.8981404304504395,True
D:\GRIP_Dataset\New_model\Chirality_Crops\aug27_final_v2_bbox\val\right\13-49-49\images\right\right__GRIP_2026-08-27_13-49-49_fixed__e000236.jpg,right,cuff_side,right,2.4610279069747776e-05,0.9999754428863525,True
D:\GRIP_Dataset\New_model\Chirality_Crops\aug27_final_v2_bbox\val\right\13-49-49\images\right\right__GRIP_2026-08-27_13-49-49_fixed__e000236.jpg,right,centre,right,0.006142087280750275,0.9938579201698303,True
D:\GRIP_Dataset\New_model\Chirality_Crops\aug27_final_v2_bbox\val\right\13-49-49\images\right\right__GRIP_2026-08-27_13-49-49_fixed__e000236.jpg,right,top_background,right,6.31741713732481e-05,0.9999368190765381,True
D:\GRIP_Dataset\New_model\Chirality_Crops\aug27_final_v2_bbox\val\right\13-49-49\images\right\right__GRIP_2026-08-27_13-49-49_fixed__e000236.jpg,right,bottom_background,right,1.0040429515356664e-05,0.9999899864196777,True
D:\GRIP_Dataset\New_model\Chirality_Crops\aug27_final_v2_bbox\val\right\13-49-49\images\right\right__GRIP_2026-08-27_13-49-49_fixed__e000237.jpg,right,original,right,3.112968988716602e-05,0.9999688863754272,True
D:\GRIP_Dataset\New_model\Chirality_Crops\aug27_final_v2_bbox\val\right\13-49-49\images\right\right__GRIP_2026-08-27_13-49-49_fixed__e000237.jpg,right,finger_side,right,0.0511629655957222,0.9488369822502136,True
D:\GRIP_Dataset\New_model\Chirality_Crops\aug27_final_v2_bbox\val\right\13-49-49\images\right\right__GRIP_2026-08-27_13-49-49_fixed__e000237.jpg,right,cuff_side,right,0.0002907512243837118,0.9997091889381409,True
D:\GRIP_Dataset\New_model\Chirality_Crops\aug27_final_v2_bbox\val\right\13-49-49\images\right\right__GRIP_2026-08-27_13-49-49_fixed__e000237.jpg,right,centre,right,0.02019660547375679,0.9798033833503723,True
D:\GRIP_Dataset\New_model\Chirality_Crops\aug27_final_v2_bbox\val\right\13-49-49\images\right\right__GRIP_2026-08-27_13-49-49_fixed__e000237.jpg,right,top_background,right,3.112968988716602e-05,0.9999688863754272,True
D:\GRIP_Dataset\New_model\Chirality_Crops\aug27_final_v2_bbox\val\right\13-49-49\images\right\right__GRIP_2026-08-27_13-49-49_fixed__e000237.jpg,right,bottom_background,right,3.112968988716602e-05,0.9999688863754272,True
D:\GRIP_Dataset\New_model\Chirality_Crops\aug27_final_v2_bbox\val\right\13-49-49\images\right\right__GRIP_2026-08-27_13-49-49_fixed__e000238.jpg,right,original,right,0.00017556735838297755,0.9998244643211365,True
D:\GRIP_Dataset\New_model\Chirality_Crops\aug27_final_v2_bbox\val\right\13-49-49\images\right\right__GRIP_2026-08-27_13-49-49_fixed__e000238.jpg,right,finger_side,left,0.9756004810333252,0.024399498477578163,False
D:\GRIP_Dataset\New_model\Chirality_Crops\aug27_final_v2_bbox\val\right\13-49-49\images\right\right__GRIP_2026-08-27_13-49-49_fixed__e000238.jpg,right,cuff_side,right,0.0004388105880934745,0.9995611310005188,True
D:\GRIP_Dataset\New_model\Chirality_Crops\aug27_final_v2_bbox\val\right\13-49-49\images\right\right__GRIP_2026-08-27_13-49-49_fixed__e000238.jpg,right,centre,right,0.4855121672153473,0.5144878625869751,True
D:\GRIP_Dataset\New_model\Chirality_Crops\aug27_final_v2_bbox\val\right\13-49-49\images\right\right__GRIP_2026-08-27_13-49-49_fixed__e000238.jpg,right,top_background,right,0.0006192729924805462,0.9993807077407837,True
D:\GRIP_Dataset\New_model\Chirality_Crops\aug27_final_v2_bbox\val\right\13-49-49\images\right\right__GRIP_2026-08-27_13-49-49_fixed__e000238.jpg,right,bottom_background,right,0.00014659125008620322,0.9998533725738525,True
D:\GRIP_Dataset\New_model\Chirality_Crops\aug27_final_v2_bbox\val\right\13-49-49\images\right\right__GRIP_2026-08-27_13-49-49_fixed__e000240.jpg,right,original,right,9.558075362292584e-07,0.9999990463256836,True
D:\GRIP_Dataset\New_model\Chirality_Crops\aug27_final_v2_bbox\val\right\13-49-49\images\right\right__GRIP_2026-08-27_13-49-49_fixed__e000240.jpg,right,finger_side,right,0.04417162388563156,0.9558283686637878,True
D:\GRIP_Dataset\New_model\Chirality_Crops\aug27_final_v2_bbox\val\right\13-49-49\images\right\right__GRIP_2026-08-27_13-49-49_fixed__e000240.jpg,right,cuff_side,right,2.11773613045807e-06,0.9999978542327881,True
D:\GRIP_Dataset\New_model\Chirality_Crops\aug27_final_v2_bbox\val\right\13-49-49\images\right\right__GRIP_2026-08-27_13-49-49_fixed__e000240.jpg,right,centre,right,0.020183512941002846,0.9798164963722229,True
D:\GRIP_Dataset\New_model\Chirality_Crops\aug27_final_v2_bbox\val\right\13-49-49\images\right\right__GRIP_2026-08-27_13-49-49_fixed__e000240.jpg,right,top_background,right,8.758471494729747e-07,0.9999991655349731,True
D:\GRIP_Dataset\New_model\Chirality_Crops\aug27_final_v2_bbox\val\right\13-49-49\images\right\right__GRIP_2026-08-27_13-49-49_fixed__e000240.jpg,right,bottom_background,right,8.852227892930387e-07,0.9999991655349731,True
D:\GRIP_Dataset\New_model\Chirality_Crops\aug27_final_v2_bbox\val\right\13-49-49\images\right\right__GRIP_2026-08-27_13-49-49_fixed__e000241.jpg,right,original,right,7.421471309498884e-06,0.9999926090240479,True
D:\GRIP_Dataset\New_model\Chirality_Crops\aug27_final_v2_bbox\val\right\13-49-49\images\right\right__GRIP_2026-08-27_13-49-49_fixed__e000241.jpg,right,finger_side,right,0.027157235890626907,0.9728427529335022,True
D:\GRIP_Dataset\New_model\Chirality_Crops\aug27_final_v2_bbox\val\right\13-49-49\images\right\right__GRIP_2026-08-27_13-49-49_fixed__e000241.jpg,right,cuff_side,right,5.185436020838097e-05,0.9999481439590454,True
D:\GRIP_Dataset\New_model\Chirality_Crops\aug27_final_v2_bbox\val\right\13-49-49\images\right\right__GRIP_2026-08-27_13-49-49_fixed__e000241.jpg,right,centre,right,0.0017103675054386258,0.9982896447181702,True
D:\GRIP_Dataset\New_model\Chirality_Crops\aug27_final_v2_bbox\val\right\13-49-49\images\right\right__GRIP_2026-08-27_13-49-49_fixed__e000241.jpg,right,top_background,right,2.8741082132910378e-05,0.9999712705612183,True
D:\GRIP_Dataset\New_model\Chirality_Crops\aug27_final_v2_bbox\val\right\13-49-49\images\right\right__GRIP_2026-08-27_13-49-49_fixed__e000241.jpg,right,bottom_background,right,9.847209184954409e-06,0.9999901056289673,True
D:\GRIP_Dataset\New_model\Chirality_Crops\aug27_final_v2_bbox\val\right\13-49-49\images\right\right__GRIP_2026-08-27_13-49-49_fixed__e000242.jpg,right,original,right,7.184290495843015e-08,0.9999998807907104,True
D:\GRIP_Dataset\New_model\Chirality_Crops\aug27_final_v2_bbox\val\right\13-49-49\images\right\right__GRIP_2026-08-27_13-49-49_fixed__e000242.jpg,right,finger_side,right,0.0022428338415920734,0.9977571368217468,True
D:\GRIP_Dataset\New_model\Chirality_Crops\aug27_final_v2_bbox\val\right\13-49-49\images\right\right__GRIP_2026-08-27_13-49-49_fixed__e000242.jpg,right,cuff_side,right,7.961821211210918e-07,0.9999991655349731,True
D:\GRIP_Dataset\New_model\Chirality_Crops\aug27_final_v2_bbox\val\right\13-49-49\images\right\right__GRIP_2026-08-27_13-49-49_fixed__e000242.jpg,right,centre,right,0.00026240639272145927,0.999737560749054,True
D:\GRIP_Dataset\New_model\Chirality_Crops\aug27_final_v2_bbox\val\right\13-49-49\images\right\right__GRIP_2026-08-27_13-49-49_fixed__e000242.jpg,right,top_background,right,3.0890585094311973e-06,0.9999969005584717,True
D:\GRIP_Dataset\New_model\Chirality_Crops\aug27_final_v2_bbox\val\right\13-49-49\images\right\right__GRIP_2026-08-27_13-49-49_fixed__e000242.jpg,right,bottom_background,right,1.045942283894874e-07,0.9999998807907104,True
D:\GRIP_Dataset\New_model\Chirality_Crops\aug27_final_v2_bbox\val\right\13-49-49\images\right\right__GRIP_2026-08-27_13-49-49_fixed__e000243.jpg,right,original,right,2.694426257221494e-05,0.9999730587005615,True
D:\GRIP_Dataset\New_model\Chirality_Crops\aug27_final_v2_bbox\val\right\13-49-49\images\right\right__GRIP_2026-08-27_13-49-49_fixed__e000243.jpg,right,finger_side,right,0.08472880721092224,0.9152712225914001,True
D:\GRIP_Dataset\New_model\Chirality_Crops\aug27_final_v2_bbox\val\right\13-49-49\images\right\right__GRIP_2026-08-27_13-49-49_fixed__e000243.jpg,right,cuff_side,right,0.00014180496509652585,0.9998581409454346,True
D:\GRIP_Dataset\New_model\Chirality_Crops\aug27_final_v2_bbox\val\right\13-49-49\images\right\right__GRIP_2026-08-27_13-49-49_fixed__e000243.jpg,right,centre,right,0.4905007481575012,0.5094992518424988,True
D:\GRIP_Dataset\New_model\Chirality_Crops\aug27_final_v2_bbox\val\right\13-49-49\images\right\right__GRIP_2026-08-27_13-49-49_fixed__e000243.jpg,right,top_background,right,2.694426257221494e-05,0.9999730587005615,True
D:\GRIP_Dataset\New_model\Chirality_Crops\aug27_final_v2_bbox\val\right\13-49-49\images\right\right__GRIP_2026-08-27_13-49-49_fixed__e000243.jpg,right,bottom_background,right,2.694426257221494e-05,0.9999730587005615,True
D:\GRIP_Dataset\New_model\Chirality_Crops\aug27_final_v2_bbox\val\right\13-49-49\images\right\right__GRIP_2026-08-27_13-49-49_fixed__e000244.jpg,right,original,right,2.2887856175657362e-05,0.9999771118164062,True
D:\GRIP_Dataset\New_model\Chirality_Crops\aug27_final_v2_bbox\val\right\13-49-49\images\right\right__GRIP_2026-08-27_13-49-49_fixed__e000244.jpg,right,finger_side,right,0.0005118933040648699,0.999488115310669,True
D:\GRIP_Dataset\New_model\Chirality_Crops\aug27_final_v2_bbox\val\right\13-49-49\images\right\right__GRIP_2026-08-27_13-49-49_fixed__e000244.jpg,right,cuff_side,right,0.00033858895767480135,0.9996614456176758,True
D:\GRIP_Dataset\New_model\Chirality_Crops\aug27_final_v2_bbox\val\right\13-49-49\images\right\right__GRIP_2026-08-27_13-49-49_fixed__e000244.jpg,right,centre,right,0.008569200523197651,0.9914308190345764,True
D:\GRIP_Dataset\New_model\Chirality_Crops\aug27_final_v2_bbox\val\right\13-49-49\images\right\right__GRIP_2026-08-27_13-49-49_fixed__e000244.jpg,right,top_background,right,2.2887856175657362e-05,0.9999771118164062,True
D:\GRIP_Dataset\New_model\Chirality_Crops\aug27_final_v2_bbox\val\right\13-49-49\images\right\right__GRIP_2026-08-27_13-49-49_fixed__e000244.jpg,right,bottom_background,right,2.2887856175657362e-05,0.9999771118164062,True
D:\GRIP_Dataset\New_model\Chirality_Crops\aug27_final_v2_bbox\val\right\13-49-49\images\right\right__GRIP_2026-08-27_13-49-49_fixed__e000245.jpg,right,original,right,5.0275350076844916e-05,0.9999496936798096,True
D:\GRIP_Dataset\New_model\Chirality_Crops\aug27_final_v2_bbox\val\right\13-49-49\images\right\right__GRIP_2026-08-27_13-49-49_fixed__e000245.jpg,right,finger_side,right,0.016375306993722916,0.9836246967315674,True
D:\GRIP_Dataset\New_model\Chirality_Crops\aug27_final_v2_bbox\val\right\13-49-49\images\right\right__GRIP_2026-08-27_13-49-49_fixed__e000245.jpg,right,cuff_side,right,0.00030096276896074414,0.9996991157531738,True
D:\GRIP_Dataset\New_model\Chirality_Crops\aug27_final_v2_bbox\val\right\13-49-49\images\right\right__GRIP_2026-08-27_13-49-49_fixed__e000245.jpg,right,centre,right,0.03456096723675728,0.9654390215873718,True
D:\GRIP_Dataset\New_model\Chirality_Crops\aug27_final_v2_bbox\val\right\13-49-49\images\right\right__GRIP_2026-08-27_13-49-49_fixed__e000245.jpg,right,top_background,right,5.0275350076844916e-05,0.9999496936798096,True
D:\GRIP_Dataset\New_model\Chirality_Crops\aug27_final_v2_bbox\val\right\13-49-49\images\right\right__GRIP_2026-08-27_13-49-49_fixed__e000245.jpg,right,bottom_background,right,5.0275350076844916e-05,0.9999496936798096,True
D:\GRIP_Dataset\New_model\Chirality_Crops\aug27_final_v2_bbox\val\right\13-49-49\images\right\right__GRIP_2026-08-27_13-49-49_fixed__e000246.jpg,right,original,right,6.756910693184182e-07,0.9999992847442627,True
D:\GRIP_Dataset\New_model\Chirality_Crops\aug27_final_v2_bbox\val\right\13-49-49\images\right\right__GRIP_2026-08-27_13-49-49_fixed__e000246.jpg,right,finger_side,right,0.023342439904808998,0.976657509803772,True
D:\GRIP_Dataset\New_model\Chirality_Crops\aug27_final_v2_bbox\val\right\13-49-49\images\right\right__GRIP_2026-08-27_13-49-49_fixed__e000246.jpg,right,cuff_side,right,1.0585299605736509e-05,0.99998939037323,True
D:\GRIP_Dataset\New_model\Chirality_Crops\aug27_final_v2_bbox\val\right\13-49-49\images\right\right__GRIP_2026-08-27_13-49-49_fixed__e000246.jpg,right,centre,right,0.021566132083535194,0.9784339070320129,True
D:\GRIP_Dataset\New_model\Chirality_Crops\aug27_final_v2_bbox\val\right\13-49-49\images\right\right__GRIP_2026-08-27_13-49-49_fixed__e000246.jpg,right,top_background,right,7.959262688927993e-07,0.9999991655349731,True
D:\GRIP_Dataset\New_model\Chirality_Crops\aug27_final_v2_bbox\val\right\13-49-49\images\right\right__GRIP_2026-08-27_13-49-49_fixed__e000246.jpg,right,bottom_background,right,6.669216645605047e-07,0.9999992847442627,True
D:\GRIP_Dataset\New_model\Chirality_Crops\aug27_final_v2_bbox\val\right\13-49-49\images\right\right__GRIP_2026-08-27_13-49-49_fixed__e000247.jpg,right,original,right,0.0006369447219185531,0.999363124370575,True
D:\GRIP_Dataset\New_model\Chirality_Crops\aug27_final_v2_bbox\val\right\13-49-49\images\right\right__GRIP_2026-08-27_13-49-49_fixed__e000247.jpg,right,finger_side,right,0.07281661778688431,0.9271833300590515,True
D:\GRIP_Dataset\New_model\Chirality_Crops\aug27_final_v2_bbox\val\right\13-49-49\images\right\right__GRIP_2026-08-27_13-49-49_fixed__e000247.jpg,right,cuff_side,right,0.0005524699226953089,0.9994475245475769,True
D:\GRIP_Dataset\New_model\Chirality_Crops\aug27_final_v2_bbox\val\right\13-49-49\images\right\right__GRIP_2026-08-27_13-49-49_fixed__e000247.jpg,right,centre,left,0.7986612319946289,0.2013387531042099,False
D:\GRIP_Dataset\New_model\Chirality_Crops\aug27_final_v2_bbox\val\right\13-49-49\images\right\right__GRIP_2026-08-27_13-49-49_fixed__e000247.jpg,right,top_background,right,0.0005825854022987187,0.9994174242019653,True
D:\GRIP_Dataset\New_model\Chirality_Crops\aug27_final_v2_bbox\val\right\13-49-49\images\right\right__GRIP_2026-08-27_13-49-49_fixed__e000247.jpg,right,bottom_background,right,0.000650301924906671,0.9993496537208557,True
D:\GRIP_Dataset\New_model\Chirality_Crops\aug27_final_v2_bbox\val\right\13-49-49\images\right\right__GRIP_2026-08-27_13-49-49_fixed__e000248.jpg,right,original,right,2.983683486945665e-07,0.9999996423721313,True
D:\GRIP_Dataset\New_model\Chirality_Crops\aug27_final_v2_bbox\val\right\13-49-49\images\right\right__GRIP_2026-08-27_13-49-49_fixed__e000248.jpg,right,finger_side,right,0.05457543581724167,0.945424497127533,True
D:\GRIP_Dataset\New_model\Chirality_Crops\aug27_final_v2_bbox\val\right\13-49-49\images\right\right__GRIP_2026-08-27_13-49-49_fixed__e000248.jpg,right,cuff_side,right,2.6058974071929697e-06,0.9999973773956299,True
D:\GRIP_Dataset\New_model\Chirality_Crops\aug27_final_v2_bbox\val\right\13-49-49\images\right\right__GRIP_2026-08-27_13-49-49_fixed__e000248.jpg,right,centre,right,0.02193737030029297,0.9780625700950623,True
D:\GRIP_Dataset\New_model\Chirality_Crops\aug27_final_v2_bbox\val\right\13-49-49\images\right\right__GRIP_2026-08-27_13-49-49_fixed__e000248.jpg,right,top_background,right,2.983683486945665e-07,0.9999996423721313,True
D:\GRIP_Dataset\New_model\Chirality_Crops\aug27_final_v2_bbox\val\right\13-49-49\images\right\right__GRIP_2026-08-27_13-49-49_fixed__e000248.jpg,right,bottom_background,right,2.983683486945665e-07,0.9999996423721313,True
D:\GRIP_Dataset\New_model\Chirality_Crops\aug27_final_v2_bbox\val\right\13-49-49\images\right\right__GRIP_2026-08-27_13-49-49_fixed__e000249.jpg,right,original,right,1.67686471286288e-06,0.9999983310699463,True
D:\GRIP_Dataset\New_model\Chirality_Crops\aug27_final_v2_bbox\val\right\13-49-49\images\right\right__GRIP_2026-08-27_13-49-49_fixed__e000249.jpg,right,finger_side,right,0.01631508581340313,0.9836848974227905,True
D:\GRIP_Dataset\New_model\Chirality_Crops\aug27_final_v2_bbox\val\right\13-49-49\images\right\right__GRIP_2026-08-27_13-49-49_fixed__e000249.jpg,right,cuff_side,right,2.0919500457239337e-05,0.9999791383743286,True
D:\GRIP_Dataset\New_model\Chirality_Crops\aug27_final_v2_bbox\val\right\13-49-49\images\right\right__GRIP_2026-08-27_13-49-49_fixed__e000249.jpg,right,centre,right,0.014663847163319588,0.9853361248970032,True
D:\GRIP_Dataset\New_model\Chirality_Crops\aug27_final_v2_bbox\val\right\13-49-49\images\right\right__GRIP_2026-08-27_13-49-49_fixed__e000249.jpg,right,top_background,right,1.67686471286288e-06,0.9999983310699463,True
D:\GRIP_Dataset\New_model\Chirality_Crops\aug27_final_v2_bbox\val\right\13-49-49\images\right\right__GRIP_2026-08-27_13-49-49_fixed__e000249.jpg,right,bottom_background,right,1.67686471286288e-06,0.9999983310699463,True
D:\GRIP_Dataset\New_model\Chirality_Crops\aug27_final_v2_bbox\val\right\13-49-49\images\right\right__GRIP_2026-08-27_13-49-49_fixed__e000250.jpg,right,original,right,4.760596823416563e-07,0.9999995231628418,True
D:\GRIP_Dataset\New_model\Chirality_Crops\aug27_final_v2_bbox\val\right\13-49-49\images\right\right__GRIP_2026-08-27_13-49-49_fixed__e000250.jpg,right,finger_side,right,0.007950936444103718,0.9920490384101868,True
D:\GRIP_Dataset\New_model\Chirality_Crops\aug27_final_v2_bbox\val\right\13-49-49\images\right\right__GRIP_2026-08-27_13-49-49_fixed__e000250.jpg,right,cuff_side,right,3.414218735997565e-05,0.9999659061431885,True
D:\GRIP_Dataset\New_model\Chirality_Crops\aug27_final_v2_bbox\val\right\13-49-49\images\right\right__GRIP_2026-08-27_13-49-49_fixed__e000250.jpg,right,centre,right,0.0006267620483413339,0.9993732571601868,True
D:\GRIP_Dataset\New_model\Chirality_Crops\aug27_final_v2_bbox\val\right\13-49-49\images\right\right__GRIP_2026-08-27_13-49-49_fixed__e000250.jpg,right,top_background,right,4.760596823416563e-07,0.9999995231628418,True
D:\GRIP_Dataset\New_model\Chirality_Crops\aug27_final_v2_bbox\val\right\13-49-49\images\right\right__GRIP_2026-08-27_13-49-49_fixed__e000250.jpg,right,bottom_background,right,4.760596823416563e-07,0.9999995231628418,True
D:\GRIP_Dataset\New_model\Chirality_Crops\aug27_final_v2_bbox\val\right\13-49-49\images\right\right__GRIP_2026-08-27_13-49-49_fixed__e000251.jpg,right,original,right,1.592334228917025e-05,0.9999840259552002,True
D:\GRIP_Dataset\New_model\Chirality_Crops\aug27_final_v2_bbox\val\right\13-49-49\images\right\right__GRIP_2026-08-27_13-49-49_fixed__e000251.jpg,right,finger_side,right,0.0008690054528415203,0.9991310238838196,True
D:\GRIP_Dataset\New_model\Chirality_Crops\aug27_final_v2_bbox\val\right\13-49-49\images\right\right__GRIP_2026-08-27_13-49-49_fixed__e000251.jpg,right,cuff_side,right,6.76313866279088e-05,0.9999324083328247,True
D:\GRIP_Dataset\New_model\Chirality_Crops\aug27_final_v2_bbox\val\right\13-49-49\images\right\right__GRIP_2026-08-27_13-49-49_fixed__e000251.jpg,right,centre,right,0.011741910129785538,0.9882580637931824,True
D:\GRIP_Dataset\New_model\Chirality_Crops\aug27_final_v2_bbox\val\right\13-49-49\images\right\right__GRIP_2026-08-27_13-49-49_fixed__e000251.jpg,right,top_background,right,1.3649633729073685e-05,0.9999862909317017,True
D:\GRIP_Dataset\New_model\Chirality_Crops\aug27_final_v2_bbox\val\right\13-49-49\images\right\right__GRIP_2026-08-27_13-49-49_fixed__e000251.jpg,right,bottom_background,right,1.4772444956179243e-05,0.9999852180480957,True
D:\GRIP_Dataset\New_model\Chirality_Crops\aug27_final_v2_bbox\val\right\13-49-49\images\right\right__GRIP_2026-08-27_13-49-49_fixed__e000252.jpg,right,original,right,6.006707280903356e-06,0.9999940395355225,True
D:\GRIP_Dataset\New_model\Chirality_Crops\aug27_final_v2_bbox\val\right\13-49-49\images\right\right__GRIP_2026-08-27_13-49-49_fixed__e000252.jpg,right,finger_side,right,0.0003435206599533558,0.9996564388275146,True
D:\GRIP_Dataset\New_model\Chirality_Crops\aug27_final_v2_bbox\val\right\13-49-49\images\right\right__GRIP_2026-08-27_13-49-49_fixed__e000252.jpg,right,cuff_side,right,0.00015116298163775355,0.9998488426208496,True
D:\GRIP_Dataset\New_model\Chirality_Crops\aug27_final_v2_bbox\val\right\13-49-49\images\right\right__GRIP_2026-08-27_13-49-49_fixed__e000252.jpg,right,centre,right,0.02448415197432041,0.9755158424377441,True
D:\GRIP_Dataset\New_model\Chirality_Crops\aug27_final_v2_bbox\val\right\13-49-49\images\right\right__GRIP_2026-08-27_13-49-49_fixed__e000252.jpg,right,top_background,right,6.006707280903356e-06,0.9999940395355225,True
D:\GRIP_Dataset\New_model\Chirality_Crops\aug27_final_v2_bbox\val\right\13-49-49\images\right\right__GRIP_2026-08-27_13-49-49_fixed__e000252.jpg,right,bottom_background,right,6.006707280903356e-06,0.9999940395355225,True
D:\GRIP_Dataset\New_model\Chirality_Crops\aug27_final_v2_bbox\val\right\13-49-49\images\right\right__GRIP_2026-08-27_13-49-49_fixed__e000253.jpg,right,original,right,5.907421382289613e-06,0.9999940395355225,True
D:\GRIP_Dataset\New_model\Chirality_Crops\aug27_final_v2_bbox\val\right\13-49-49\images\right\right__GRIP_2026-08-27_13-49-49_fixed__e000253.jpg,right,finger_side,right,0.00412639370188117,0.9958736300468445,True
D:\GRIP_Dataset\New_model\Chirality_Crops\aug27_final_v2_bbox\val\right\13-49-49\images\right\right__GRIP_2026-08-27_13-49-49_fixed__e000253.jpg,right,cuff_side,right,0.0001228389301104471,0.9998770952224731,True
D:\GRIP_Dataset\New_model\Chirality_Crops\aug27_final_v2_bbox\val\right\13-49-49\images\right\right__GRIP_2026-08-27_13-49-49_fixed__e000253.jpg,right,centre,right,0.0034994769375771284,0.9965004920959473,True
D:\GRIP_Dataset\New_model\Chirality_Crops\aug27_final_v2_bbox\val\right\13-49-49\images\right\right__GRIP_2026-08-27_13-49-49_fixed__e000253.jpg,right,top_background,right,5.323112873156788e-06,0.9999946355819702,True
D:\GRIP_Dataset\New_model\Chirality_Crops\aug27_final_v2_bbox\val\right\13-49-49\images\right\right__GRIP_2026-08-27_13-49-49_fixed__e000253.jpg,right,bottom_background,right,5.326342034095433e-06,0.9999946355819702,True
D:\GRIP_Dataset\New_model\Chirality_Crops\aug27_final_v2_bbox\val\right\13-49-49\images\right\right__GRIP_2026-08-27_13-49-49_fixed__e000254.jpg,right,original,right,1.6972477396848262e-06,0.9999983310699463,True
D:\GRIP_Dataset\New_model\Chirality_Crops\aug27_final_v2_bbox\val\right\13-49-49\images\right\right__GRIP_2026-08-27_13-49-49_fixed__e000254.jpg,right,finger_side,right,0.023141006007790565,0.9768590331077576,True
D:\GRIP_Dataset\New_model\Chirality_Crops\aug27_final_v2_bbox\val\right\13-49-49\images\right\right__GRIP_2026-08-27_13-49-49_fixed__e000254.jpg,right,cuff_side,right,9.671965017332695e-06,0.9999903440475464,True
D:\GRIP_Dataset\New_model\Chirality_Crops\aug27_final_v2_bbox\val\right\13-49-49\images\right\right__GRIP_2026-08-27_13-49-49_fixed__e000254.jpg,right,centre,right,0.0011336661409586668,0.9988663196563721,True
D:\GRIP_Dataset\New_model\Chirality_Crops\aug27_final_v2_bbox\val\right\13-49-49\images\right\right__GRIP_2026-08-27_13-49-49_fixed__e000254.jpg,right,top_background,right,1.8574495470602415e-06,0.9999980926513672,True
D:\GRIP_Dataset\New_model\Chirality_Crops\aug27_final_v2_bbox\val\right\13-49-49\images\right\right__GRIP_2026-08-27_13-49-49_fixed__e000254.jpg,right,bottom_background,right,1.6726418152757105e-06,0.9999983310699463,True
D:\GRIP_Dataset\New_model\Chirality_Crops\aug27_final_v2_bbox\val\right\13-49-49\images\right\right__GRIP_2026-08-27_13-49-49_fixed__e000255.jpg,right,original,right,4.809745860256953e-06,0.999995231628418,True
D:\GRIP_Dataset\New_model\Chirality_Crops\aug27_final_v2_bbox\val\right\13-49-49\images\right\right__GRIP_2026-08-27_13-49-49_fixed__e000255.jpg,right,finger_side,right,0.007726937998086214,0.9922730326652527,True
D:\GRIP_Dataset\New_model\Chirality_Crops\aug27_final_v2_bbox\val\right\13-49-49\images\right\right__GRIP_2026-08-27_13-49-49_fixed__e000255.jpg,right,cuff_side,right,3.393965380382724e-05,0.999966025352478,True
D:\GRIP_Dataset\New_model\Chirality_Crops\aug27_final_v2_bbox\val\right\13-49-49\images\right\right__GRIP_2026-08-27_13-49-49_fixed__e000255.jpg,right,centre,right,0.011806938797235489,0.9881930947303772,True
D:\GRIP_Dataset\New_model\Chirality_Crops\aug27_final_v2_bbox\val\right\13-49-49\images\right\right__GRIP_2026-08-27_13-49-49_fixed__e000255.jpg,right,top_background,right,4.3612612898868974e-06,0.9999955892562866,True
D:\GRIP_Dataset\New_model\Chirality_Crops\aug27_final_v2_bbox\val\right\13-49-49\images\right\right__GRIP_2026-08-27_13-49-49_fixed__e000255.jpg,right,bottom_background,right,4.535166681307601e-06,0.9999954700469971,True
D:\GRIP_Dataset\New_model\Chirality_Crops\aug27_final_v2_bbox\val\right\13-49-49\images\right\right__GRIP_2026-08-27_13-49-49_fixed__e000256.jpg,right,original,right,2.7888467002412654e-07,0.9999997615814209,True
D:\GRIP_Dataset\New_model\Chirality_Crops\aug27_final_v2_bbox\val\right\13-49-49\images\right\right__GRIP_2026-08-27_13-49-49_fixed__e000256.jpg,right,finger_side,right,0.0012330847093835473,0.9987668991088867,True
D:\GRIP_Dataset\New_model\Chirality_Crops\aug27_final_v2_bbox\val\right\13-49-49\images\right\right__GRIP_2026-08-27_13-49-49_fixed__e000256.jpg,right,cuff_side,right,1.7206139091285877e-05,0.9999828338623047,True
D:\GRIP_Dataset\New_model\Chirality_Crops\aug27_final_v2_bbox\val\right\13-49-49\images\right\right__GRIP_2026-08-27_13-49-49_fixed__e000256.jpg,right,centre,right,0.00749786663800478,0.9925020933151245,True
D:\GRIP_Dataset\New_model\Chirality_Crops\aug27_final_v2_bbox\val\right\13-49-49\images\right\right__GRIP_2026-08-27_13-49-49_fixed__e000256.jpg,right,top_background,right,5.820602382300422e-06,0.999994158744812,True
D:\GRIP_Dataset\New_model\Chirality_Crops\aug27_final_v2_bbox\val\right\13-49-49\images\right\right__GRIP_2026-08-27_13-49-49_fixed__e000256.jpg,right,bottom_background,right,4.6499232553287584e-07,0.9999995231628418,True
D:\GRIP_Dataset\New_model\Chirality_Crops\aug27_final_v2_bbox\val\right\13-49-49\images\right\right__GRIP_2026-08-27_13-49-49_fixed__e000258.jpg,right,original,right,7.003277460171375e-07,0.9999992847442627,True
D:\GRIP_Dataset\New_model\Chirality_Crops\aug27_final_v2_bbox\val\right\13-49-49\images\right\right__GRIP_2026-08-27_13-49-49_fixed__e000258.jpg,right,finger_side,right,0.00021864673180971295,0.9997813105583191,True
D:\GRIP_Dataset\New_model\Chirality_Crops\aug27_final_v2_bbox\val\right\13-49-49\images\right\right__GRIP_2026-08-27_13-49-49_fixed__e000258.jpg,right,cuff_side,right,5.80365758651169e-06,0.999994158744812,True
D:\GRIP_Dataset\New_model\Chirality_Crops\aug27_final_v2_bbox\val\right\13-49-49\images\right\right__GRIP_2026-08-27_13-49-49_fixed__e000258.jpg,right,centre,right,0.0007295157993212342,0.999270498752594,True
D:\GRIP_Dataset\New_model\Chirality_Crops\aug27_final_v2_bbox\val\right\13-49-49\images\right\right__GRIP_2026-08-27_13-49-49_fixed__e000258.jpg,right,top_background,right,7.003277460171375e-07,0.9999992847442627,True
D:\GRIP_Dataset\New_model\Chirality_Crops\aug27_final_v2_bbox\val\right\13-49-49\images\right\right__GRIP_2026-08-27_13-49-49_fixed__e000258.jpg,right,bottom_background,right,7.003277460171375e-07,0.9999992847442627,True
D:\GRIP_Dataset\New_model\Chirality_Crops\aug27_final_v2_bbox\val\right\13-49-49\images\right\right__GRIP_2026-08-27_13-49-49_fixed__e000260.jpg,right,original,right,1.7819090771808987e-06,0.9999982118606567,True
D:\GRIP_Dataset\New_model\Chirality_Crops\aug27_final_v2_bbox\val\right\13-49-49\images\right\right__GRIP_2026-08-27_13-49-49_fixed__e000260.jpg,right,finger_side,right,0.0016765781911090016,0.998323380947113,True
D:\GRIP_Dataset\New_model\Chirality_Crops\aug27_final_v2_bbox\val\right\13-49-49\images\right\right__GRIP_2026-08-27_13-49-49_fixed__e000260.jpg,right,cuff_side,right,7.101567462086678e-05,0.9999289512634277,True
D:\GRIP_Dataset\New_model\Chirality_Crops\aug27_final_v2_bbox\val\right\13-49-49\images\right\right__GRIP_2026-08-27_13-49-49_fixed__e000260.jpg,right,centre,right,0.014879424124956131,0.9851205945014954,True
D:\GRIP_Dataset\New_model\Chirality_Crops\aug27_final_v2_bbox\val\right\13-49-49\images\right\right__GRIP_2026-08-27_13-49-49_fixed__e000260.jpg,right,top_background,right,1.6653759757900843e-06,0.9999983310699463,True
D:\GRIP_Dataset\New_model\Chirality_Crops\aug27_final_v2_bbox\val\right\13-49-49\images\right\right__GRIP_2026-08-27_13-49-49_fixed__e000260.jpg,right,bottom_background,right,1.7836500774137676e-06,0.9999982118606567,True
D:\GRIP_Dataset\New_model\Chirality_Crops\aug27_final_v2_bbox\val\right\13-49-49\images\right\right__GRIP_2026-08-27_13-49-49_fixed__e000261.jpg,right,original,right,4.687132241087966e-05,0.9999531507492065,True
D:\GRIP_Dataset\New_model\Chirality_Crops\aug27_final_v2_bbox\val\right\13-49-49\images\right\right__GRIP_2026-08-27_13-49-49_fixed__e000261.jpg,right,finger_side,right,0.013919438235461712,0.986080527305603,True
D:\GRIP_Dataset\New_model\Chirality_Crops\aug27_final_v2_bbox\val\right\13-49-49\images\right\right__GRIP_2026-08-27_13-49-49_fixed__e000261.jpg,right,cuff_side,right,8.960727427620441e-05,0.9999103546142578,True
D:\GRIP_Dataset\New_model\Chirality_Crops\aug27_final_v2_bbox\val\right\13-49-49\images\right\right__GRIP_2026-08-27_13-49-49_fixed__e000261.jpg,right,centre,right,0.02038116380572319,0.9796187877655029,True
D:\GRIP_Dataset\New_model\Chirality_Crops\aug27_final_v2_bbox\val\right\13-49-49\images\right\right__GRIP_2026-08-27_13-49-49_fixed__e000261.jpg,right,top_background,right,4.687132241087966e-05,0.9999531507492065,True
D:\GRIP_Dataset\New_model\Chirality_Crops\aug27_final_v2_bbox\val\right\13-49-49\images\right\right__GRIP_2026-08-27_13-49-49_fixed__e000261.jpg,right,bottom_background,right,4.687132241087966e-05,0.9999531507492065,True
D:\GRIP_Dataset\New_model\Chirality_Crops\aug27_final_v2_bbox\val\right\13-49-49\images\right\right__GRIP_2026-08-27_13-49-49_fixed__e000262.jpg,right,original,right,1.8064230289382976e-07,0.9999997615814209,True
D:\GRIP_Dataset\New_model\Chirality_Crops\aug27_final_v2_bbox\val\right\13-49-49\images\right\right__GRIP_2026-08-27_13-49-49_fixed__e000262.jpg,right,finger_side,right,0.0008056654478423297,0.999194324016571,True
D:\GRIP_Dataset\New_model\Chirality_Crops\aug27_final_v2_bbox\val\right\13-49-49\images\right\right__GRIP_2026-08-27_13-49-49_fixed__e000262.jpg,right,cuff_side,right,2.0389313704072265e-06,0.9999979734420776,True
D:\GRIP_Dataset\New_model\Chirality_Crops\aug27_final_v2_bbox\val\right\13-49-49\images\right\right__GRIP_2026-08-27_13-49-49_fixed__e000262.jpg,right,centre,right,0.013756689615547657,0.9862433075904846,True
D:\GRIP_Dataset\New_model\Chirality_Crops\aug27_final_v2_bbox\val\right\13-49-49\images\right\right__GRIP_2026-08-27_13-49-49_fixed__e000262.jpg,right,top_background,right,1.7423555220830167e-07,0.9999998807907104,True
D:\GRIP_Dataset\New_model\Chirality_Crops\aug27_final_v2_bbox\val\right\13-49-49\images\right\right__GRIP_2026-08-27_13-49-49_fixed__e000262.jpg,right,bottom_background,right,1.7092176562982786e-07,0.9999998807907104,True
D:\GRIP_Dataset\New_model\Chirality_Crops\aug27_final_v2_bbox\val\right\13-49-49\images\right\right__GRIP_2026-08-27_13-49-49_fixed__e000264.jpg,right,original,right,1.4210631604782975e-07,0.9999998807907104,True
D:\GRIP_Dataset\New_model\Chirality_Crops\aug27_final_v2_bbox\val\right\13-49-49\images\right\right__GRIP_2026-08-27_13-49-49_fixed__e000264.jpg,right,finger_side,right,0.0017872031312435865,0.9982128143310547,True
D:\GRIP_Dataset\New_model\Chirality_Crops\aug27_final_v2_bbox\val\right\13-49-49\images\right\right__GRIP_2026-08-27_13-49-49_fixed__e000264.jpg,right,cuff_side,right,1.9059930309595075e-06,0.9999980926513672,True
D:\GRIP_Dataset\New_model\Chirality_Crops\aug27_final_v2_bbox\val\right\13-49-49\images\right\right__GRIP_2026-08-27_13-49-49_fixed__e000264.jpg,right,centre,right,7.103213283699006e-05,0.9999289512634277,True
D:\GRIP_Dataset\New_model\Chirality_Crops\aug27_final_v2_bbox\val\right\13-49-49\images\right\right__GRIP_2026-08-27_13-49-49_fixed__e000264.jpg,right,top_background,right,1.4210631604782975e-07,0.9999998807907104,True
D:\GRIP_Dataset\New_model\Chirality_Crops\aug27_final_v2_bbox\val\right\13-49-49\images\right\right__GRIP_2026-08-27_13-49-49_fixed__e000264.jpg,right,bottom_background,right,1.4210631604782975e-07,0.9999998807907104,True
D:\GRIP_Dataset\New_model\Chirality_Crops\aug27_final_v2_bbox\val\right\13-49-49\images\right\right__GRIP_2026-08-27_13-49-49_fixed__e000265.jpg,right,original,right,4.089228241355158e-06,0.9999959468841553,True
D:\GRIP_Dataset\New_model\Chirality_Crops\aug27_final_v2_bbox\val\right\13-49-49\images\right\right__GRIP_2026-08-27_13-49-49_fixed__e000265.jpg,right,finger_side,right,0.0025932795833796263,0.9974066615104675,True
D:\GRIP_Dataset\New_model\Chirality_Crops\aug27_final_v2_bbox\val\right\13-49-49\images\right\right__GRIP_2026-08-27_13-49-49_fixed__e000265.jpg,right,cuff_side,right,0.00015413833898492157,0.9998458623886108,True
D:\GRIP_Dataset\New_model\Chirality_Crops\aug27_final_v2_bbox\val\right\13-49-49\images\right\right__GRIP_2026-08-27_13-49-49_fixed__e000265.jpg,right,centre,right,0.028970936313271523,0.9710290431976318,True
D:\GRIP_Dataset\New_model\Chirality_Crops\aug27_final_v2_bbox\val\right\13-49-49\images\right\right__GRIP_2026-08-27_13-49-49_fixed__e000265.jpg,right,top_background,right,4.089228241355158e-06,0.9999959468841553,True
D:\GRIP_Dataset\New_model\Chirality_Crops\aug27_final_v2_bbox\val\right\13-49-49\images\right\right__GRIP_2026-08-27_13-49-49_fixed__e000265.jpg,right,bottom_background,right,4.089228241355158e-06,0.9999959468841553,True
D:\GRIP_Dataset\New_model\Chirality_Crops\aug27_final_v2_bbox\val\right\13-49-49\images\right\right__GRIP_2026-08-27_13-49-49_fixed__e000267.jpg,right,original,right,1.0649353498592973e-05,0.99998939037323,True
D:\GRIP_Dataset\New_model\Chirality_Crops\aug27_final_v2_bbox\val\right\13-49-49\images\right\right__GRIP_2026-08-27_13-49-49_fixed__e000267.jpg,right,finger_side,right,0.0029828958213329315,0.9970171451568604,True
D:\GRIP_Dataset\New_model\Chirality_Crops\aug27_final_v2_bbox\val\right\13-49-49\images\right\right__GRIP_2026-08-27_13-49-49_fixed__e000267.jpg,right,cuff_side,right,3.7250309105729684e-05,0.9999628067016602,True
D:\GRIP_Dataset\New_model\Chirality_Crops\aug27_final_v2_bbox\val\right\13-49-49\images\right\right__GRIP_2026-08-27_13-49-49_fixed__e000267.jpg,right,centre,right,0.04506770893931389,0.9549322128295898,True
D:\GRIP_Dataset\New_model\Chirality_Crops\aug27_final_v2_bbox\val\right\13-49-49\images\right\right__GRIP_2026-08-27_13-49-49_fixed__e000267.jpg,right,top_background,right,1.0095503967022523e-05,0.9999898672103882,True
D:\GRIP_Dataset\New_model\Chirality_Crops\aug27_final_v2_bbox\val\right\13-49-49\images\right\right__GRIP_2026-08-27_13-49-49_fixed__e000267.jpg,right,bottom_background,right,1.026471727527678e-05,0.9999897480010986,True
D:\GRIP_Dataset\New_model\Chirality_Crops\aug27_final_v2_bbox\val\right\13-49-49\images\right\right__GRIP_2026-08-27_13-49-49_fixed__e000268.jpg,right,original,right,0.0006605339585803449,0.9993394017219543,True
D:\GRIP_Dataset\New_model\Chirality_Crops\aug27_final_v2_bbox\val\right\13-49-49\images\right\right__GRIP_2026-08-27_13-49-49_fixed__e000268.jpg,right,finger_side,right,0.0006253726314753294,0.9993746876716614,True
D:\GRIP_Dataset\New_model\Chirality_Crops\aug27_final_v2_bbox\val\right\13-49-49\images\right\right__GRIP_2026-08-27_13-49-49_fixed__e000268.jpg,right,cuff_side,right,0.03957807272672653,0.9604218602180481,True
D:\GRIP_Dataset\New_model\Chirality_Crops\aug27_final_v2_bbox\val\right\13-49-49\images\right\right__GRIP_2026-08-27_13-49-49_fixed__e000268.jpg,right,centre,right,0.03257111459970474,0.9674289226531982,True
D:\GRIP_Dataset\New_model\Chirality_Crops\aug27_final_v2_bbox\val\right\13-49-49\images\right\right__GRIP_2026-08-27_13-49-49_fixed__e000268.jpg,right,top_background,right,0.002418224234133959,0.9975817203521729,True
D:\GRIP_Dataset\New_model\Chirality_Crops\aug27_final_v2_bbox\val\right\13-49-49\images\right\right__GRIP_2026-08-27_13-49-49_fixed__e000268.jpg,right,bottom_background,right,0.0009371475898660719,0.9990628361701965,True
D:\GRIP_Dataset\New_model\Chirality_Crops\aug27_final_v2_bbox\val\right\13-49-49\images\right\right__GRIP_2026-08-27_13-49-49_fixed__e000269.jpg,right,original,right,1.644052076699154e-07,0.9999998807907104,True
D:\GRIP_Dataset\New_model\Chirality_Crops\aug27_final_v2_bbox\val\right\13-49-49\images\right\right__GRIP_2026-08-27_13-49-49_fixed__e000269.jpg,right,finger_side,right,0.0012155505828559399,0.9987844824790955,True
D:\GRIP_Dataset\New_model\Chirality_Crops\aug27_final_v2_bbox\val\right\13-49-49\images\right\right__GRIP_2026-08-27_13-49-49_fixed__e000269.jpg,right,cuff_side,right,1.2637657391678658e-06,0.9999986886978149,True
D:\GRIP_Dataset\New_model\Chirality_Crops\aug27_final_v2_bbox\val\right\13-49-49\images\right\right__GRIP_2026-08-27_13-49-49_fixed__e000269.jpg,right,centre,right,0.0008806805126369,0.9991193413734436,True
D:\GRIP_Dataset\New_model\Chirality_Crops\aug27_final_v2_bbox\val\right\13-49-49\images\right\right__GRIP_2026-08-27_13-49-49_fixed__e000269.jpg,right,top_background,right,1.644052076699154e-07,0.9999998807907104,True
D:\GRIP_Dataset\New_model\Chirality_Crops\aug27_final_v2_bbox\val\right\13-49-49\images\right\right__GRIP_2026-08-27_13-49-49_fixed__e000269.jpg,right,bottom_background,right,1.644052076699154e-07,0.9999998807907104,True
D:\GRIP_Dataset\New_model\Chirality_Crops\aug27_final_v2_bbox\val\right\13-49-49\images\right\right__GRIP_2026-08-27_13-49-49_fixed__e000270.jpg,right,original,right,1.029197755997302e-05,0.9999897480010986,True
D:\GRIP_Dataset\New_model\Chirality_Crops\aug27_final_v2_bbox\val\right\13-49-49\images\right\right__GRIP_2026-08-27_13-49-49_fixed__e000270.jpg,right,finger_side,right,0.273358017206192,0.7266420125961304,True
D:\GRIP_Dataset\New_model\Chirality_Crops\aug27_final_v2_bbox\val\right\13-49-49\images\right\right__GRIP_2026-08-27_13-49-49_fixed__e000270.jpg,right,cuff_side,right,1.3759891771769617e-05,0.9999862909317017,True
D:\GRIP_Dataset\New_model\Chirality_Crops\aug27_final_v2_bbox\val\right\13-49-49\images\right\right__GRIP_2026-08-27_13-49-49_fixed__e000270.jpg,right,centre,right,0.040494099259376526,0.9595059156417847,True
D:\GRIP_Dataset\New_model\Chirality_Crops\aug27_final_v2_bbox\val\right\13-49-49\images\right\right__GRIP_2026-08-27_13-49-49_fixed__e000270.jpg,right,top_background,right,9.865068022918422e-06,0.9999901056289673,True
D:\GRIP_Dataset\New_model\Chirality_Crops\aug27_final_v2_bbox\val\right\13-49-49\images\right\right__GRIP_2026-08-27_13-49-49_fixed__e000270.jpg,right,bottom_background,right,9.076146852748934e-06,0.9999909400939941,True
D:\GRIP_Dataset\New_model\Chirality_Crops\aug27_final_v2_bbox\val\right\13-49-49\images\right\right__GRIP_2026-08-27_13-49-49_fixed__e000271.jpg,right,original,right,3.4372391155557125e-08,1.0,True
D:\GRIP_Dataset\New_model\Chirality_Crops\aug27_final_v2_bbox\val\right\13-49-49\images\right\right__GRIP_2026-08-27_13-49-49_fixed__e000271.jpg,right,finger_side,right,4.433663343661465e-05,0.9999556541442871,True
D:\GRIP_Dataset\New_model\Chirality_Crops\aug27_final_v2_bbox\val\right\13-49-49\images\right\right__GRIP_2026-08-27_13-49-49_fixed__e000271.jpg,right,cuff_side,right,6.899279583194584e-07,0.9999992847442627,True
D:\GRIP_Dataset\New_model\Chirality_Crops\aug27_final_v2_bbox\val\right\13-49-49\images\right\right__GRIP_2026-08-27_13-49-49_fixed__e000271.jpg,right,centre,right,0.004928961396217346,0.9950710535049438,True
D:\GRIP_Dataset\New_model\Chirality_Crops\aug27_final_v2_bbox\val\right\13-49-49\images\right\right__GRIP_2026-08-27_13-49-49_fixed__e000271.jpg,right,top_background,right,1.5422450871938054e-07,0.9999998807907104,True
D:\GRIP_Dataset\New_model\Chirality_Crops\aug27_final_v2_bbox\val\right\13-49-49\images\right\right__GRIP_2026-08-27_13-49-49_fixed__e000271.jpg,right,bottom_background,right,3.447691909741479e-08,1.0,True
D:\GRIP_Dataset\New_model\Chirality_Crops\aug27_final_v2_bbox\val\right\13-49-49\images\right\right__GRIP_2026-08-27_13-49-49_fixed__e000272.jpg,right,original,right,0.01091973576694727,0.9890802502632141,True
D:\GRIP_Dataset\New_model\Chirality_Crops\aug27_final_v2_bbox\val\right\13-49-49\images\right\right__GRIP_2026-08-27_13-49-49_fixed__e000272.jpg,right,finger_side,left,0.9882500171661377,0.011749987490475178,False
D:\GRIP_Dataset\New_model\Chirality_Crops\aug27_final_v2_bbox\val\right\13-49-49\images\right\right__GRIP_2026-08-27_13-49-49_fixed__e000272.jpg,right,cuff_side,right,0.10935921221971512,0.8906407952308655,True
D:\GRIP_Dataset\New_model\Chirality_Crops\aug27_final_v2_bbox\val\right\13-49-49\images\right\right__GRIP_2026-08-27_13-49-49_fixed__e000272.jpg,right,centre,left,0.8776190280914307,0.12238101661205292,False
D:\GRIP_Dataset\New_model\Chirality_Crops\aug27_final_v2_bbox\val\right\13-49-49\images\right\right__GRIP_2026-08-27_13-49-49_fixed__e000272.jpg,right,top_background,right,0.017849935218691826,0.982150137424469,True
D:\GRIP_Dataset\New_model\Chirality_Crops\aug27_final_v2_bbox\val\right\13-49-49\images\right\right__GRIP_2026-08-27_13-49-49_fixed__e000272.jpg,right,bottom_background,right,0.010836567729711533,0.9891633987426758,True
D:\GRIP_Dataset\New_model\Chirality_Crops\aug27_final_v2_bbox\val\right\13-49-49\images\right\right__GRIP_2026-08-27_13-49-49_fixed__e000273.jpg,right,original,right,0.0002283611975144595,0.9997716546058655,True
D:\GRIP_Dataset\New_model\Chirality_Crops\aug27_final_v2_bbox\val\right\13-49-49\images\right\right__GRIP_2026-08-27_13-49-49_fixed__e000273.jpg,right,finger_side,right,0.001659895060583949,0.9983401298522949,True
D:\GRIP_Dataset\New_model\Chirality_Crops\aug27_final_v2_bbox\val\right\13-49-49\images\right\right__GRIP_2026-08-27_13-49-49_fixed__e000273.jpg,right,cuff_side,right,0.014371410012245178,0.985628604888916,True
D:\GRIP_Dataset\New_model\Chirality_Crops\aug27_final_v2_bbox\val\right\13-49-49\images\right\right__GRIP_2026-08-27_13-49-49_fixed__e000273.jpg,right,centre,right,0.047493066638708115,0.952506959438324,True
D:\GRIP_Dataset\New_model\Chirality_Crops\aug27_final_v2_bbox\val\right\13-49-49\images\right\right__GRIP_2026-08-27_13-49-49_fixed__e000273.jpg,right,top_background,right,0.00020417901396285743,0.9997958540916443,True
D:\GRIP_Dataset\New_model\Chirality_Crops\aug27_final_v2_bbox\val\right\13-49-49\images\right\right__GRIP_2026-08-27_13-49-49_fixed__e000273.jpg,right,bottom_background,right,0.0002301092608831823,0.9997698664665222,True
D:\GRIP_Dataset\New_model\Chirality_Crops\aug27_final_v2_bbox\val\right\13-49-49\images\right\right__GRIP_2026-08-27_13-49-49_fixed__e000274.jpg,right,original,right,4.1013444729287585e-07,0.9999996423721313,True
D:\GRIP_Dataset\New_model\Chirality_Crops\aug27_final_v2_bbox\val\right\13-49-49\images\right\right__GRIP_2026-08-27_13-49-49_fixed__e000274.jpg,right,finger_side,right,0.00959064718335867,0.9904093742370605,True
D:\GRIP_Dataset\New_model\Chirality_Crops\aug27_final_v2_bbox\val\right\13-49-49\images\right\right__GRIP_2026-08-27_13-49-49_fixed__e000274.jpg,right,cuff_side,right,4.090823949809419e-06,0.9999959468841553,True
D:\GRIP_Dataset\New_model\Chirality_Crops\aug27_final_v2_bbox\val\right\13-49-49\images\right\right__GRIP_2026-08-27_13-49-49_fixed__e000274.jpg,right,centre,right,0.13343439996242523,0.8665655851364136,True
D:\GRIP_Dataset\New_model\Chirality_Crops\aug27_final_v2_bbox\val\right\13-49-49\images\right\right__GRIP_2026-08-27_13-49-49_fixed__e000274.jpg,right,top_background,right,4.1013444729287585e-07,0.9999996423721313,True
D:\GRIP_Dataset\New_model\Chirality_Crops\aug27_final_v2_bbox\val\right\13-49-49\images\right\right__GRIP_2026-08-27_13-49-49_fixed__e000274.jpg,right,bottom_background,right,4.1013444729287585e-07,0.9999996423721313,True
D:\GRIP_Dataset\New_model\Chirality_Crops\aug27_final_v2_bbox\val\right\13-49-49\images\right\right__GRIP_2026-08-27_13-49-49_fixed__e000276.jpg,right,original,right,2.596572358015692e-06,0.9999973773956299,True
D:\GRIP_Dataset\New_model\Chirality_Crops\aug27_final_v2_bbox\val\right\13-49-49\images\right\right__GRIP_2026-08-27_13-49-49_fixed__e000276.jpg,right,finger_side,right,0.00047775523853488266,0.9995222091674805,True
D:\GRIP_Dataset\New_model\Chirality_Crops\aug27_final_v2_bbox\val\right\13-49-49\images\right\right__GRIP_2026-08-27_13-49-49_fixed__e000276.jpg,right,cuff_side,right,6.017232226440683e-05,0.9999397993087769,True
D:\GRIP_Dataset\New_model\Chirality_Crops\aug27_final_v2_bbox\val\right\13-49-49\images\right\right__GRIP_2026-08-27_13-49-49_fixed__e000276.jpg,right,centre,right,0.020496703684329987,0.9795032739639282,True
D:\GRIP_Dataset\New_model\Chirality_Crops\aug27_final_v2_bbox\val\right\13-49-49\images\right\right__GRIP_2026-08-27_13-49-49_fixed__e000276.jpg,right,top_background,right,2.596572358015692e-06,0.9999973773956299,True
D:\GRIP_Dataset\New_model\Chirality_Crops\aug27_final_v2_bbox\val\right\13-49-49\images\right\right__GRIP_2026-08-27_13-49-49_fixed__e000276.jpg,right,bottom_background,right,2.596572358015692e-06,0.9999973773956299,True
D:\GRIP_Dataset\New_model\Chirality_Crops\aug27_final_v2_bbox\val\right\13-49-49\images\right\right__GRIP_2026-08-27_13-49-49_fixed__e000277.jpg,right,original,right,2.3847976535762427e-06,0.999997615814209,True
D:\GRIP_Dataset\New_model\Chirality_Crops\aug27_final_v2_bbox\val\right\13-49-49\images\right\right__GRIP_2026-08-27_13-49-49_fixed__e000277.jpg,right,finger_side,right,0.029928378760814667,0.9700716137886047,True
D:\GRIP_Dataset\New_model\Chirality_Crops\aug27_final_v2_bbox\val\right\13-49-49\images\right\right__GRIP_2026-08-27_13-49-49_fixed__e000277.jpg,right,cuff_side,right,1.7086118532461114e-05,0.9999829530715942,True
D:\GRIP_Dataset\New_model\Chirality_Crops\aug27_final_v2_bbox\val\right\13-49-49\images\right\right__GRIP_2026-08-27_13-49-49_fixed__e000277.jpg,right,centre,right,0.004484661389142275,0.9955152869224548,True
D:\GRIP_Dataset\New_model\Chirality_Crops\aug27_final_v2_bbox\val\right\13-49-49\images\right\right__GRIP_2026-08-27_13-49-49_fixed__e000277.jpg,right,top_background,right,2.3847976535762427e-06,0.999997615814209,True
D:\GRIP_Dataset\New_model\Chirality_Crops\aug27_final_v2_bbox\val\right\13-49-49\images\right\right__GRIP_2026-08-27_13-49-49_fixed__e000277.jpg,right,bottom_background,right,2.3847976535762427e-06,0.999997615814209,True
D:\GRIP_Dataset\New_model\Chirality_Crops\aug27_final_v2_bbox\val\right\13-49-49\images\right\right__GRIP_2026-08-27_13-49-49_fixed__e000278.jpg,right,original,right,7.3148803494405e-05,0.9999268054962158,True
D:\GRIP_Dataset\New_model\Chirality_Crops\aug27_final_v2_bbox\val\right\13-49-49\images\right\right__GRIP_2026-08-27_13-49-49_fixed__e000278.jpg,right,finger_side,right,0.011054803617298603,0.9889451861381531,True
D:\GRIP_Dataset\New_model\Chirality_Crops\aug27_final_v2_bbox\val\right\13-49-49\images\right\right__GRIP_2026-08-27_13-49-49_fixed__e000278.jpg,right,cuff_side,right,0.0007857446325942874,0.9992142915725708,True
D:\GRIP_Dataset\New_model\Chirality_Crops\aug27_final_v2_bbox\val\right\13-49-49\images\right\right__GRIP_2026-08-27_13-49-49_fixed__e000278.jpg,right,centre,right,0.014587507583200932,0.9854125380516052,True
D:\GRIP_Dataset\New_model\Chirality_Crops\aug27_final_v2_bbox\val\right\13-49-49\images\right\right__GRIP_2026-08-27_13-49-49_fixed__e000278.jpg,right,top_background,right,7.892318535596132e-05,0.9999210834503174,True
D:\GRIP_Dataset\New_model\Chirality_Crops\aug27_final_v2_bbox\val\right\13-49-49\images\right\right__GRIP_2026-08-27_13-49-49_fixed__e000278.jpg,right,bottom_background,right,7.123332034097984e-05,0.9999287128448486,True
D:\GRIP_Dataset\New_model\Chirality_Crops\aug27_final_v2_bbox\val\right\13-49-49\images\right\right__GRIP_2026-08-27_13-49-49_fixed__e000279.jpg,right,original,right,1.521867852716241e-05,0.9999847412109375,True
D:\GRIP_Dataset\New_model\Chirality_Crops\aug27_final_v2_bbox\val\right\13-49-49\images\right\right__GRIP_2026-08-27_13-49-49_fixed__e000279.jpg,right,finger_side,left,0.8477641940116882,0.15223576128482819,False
D:\GRIP_Dataset\New_model\Chirality_Crops\aug27_final_v2_bbox\val\right\13-49-49\images\right\right__GRIP_2026-08-27_13-49-49_fixed__e000279.jpg,right,cuff_side,right,1.0901342648139689e-05,0.9999891519546509,True
D:\GRIP_Dataset\New_model\Chirality_Crops\aug27_final_v2_bbox\val\right\13-49-49\images\right\right__GRIP_2026-08-27_13-49-49_fixed__e000279.jpg,right,centre,right,0.025926347821950912,0.974073588848114,True
D:\GRIP_Dataset\New_model\Chirality_Crops\aug27_final_v2_bbox\val\right\13-49-49\images\right\right__GRIP_2026-08-27_13-49-49_fixed__e000279.jpg,right,top_background,right,1.815310497477185e-05,0.9999818801879883,True
D:\GRIP_Dataset\New_model\Chirality_Crops\aug27_final_v2_bbox\val\right\13-49-49\images\right\right__GRIP_2026-08-27_13-49-49_fixed__e000279.jpg,right,bottom_background,right,1.565734055475332e-05,0.9999843835830688,True
D:\GRIP_Dataset\New_model\Chirality_Crops\aug27_final_v2_bbox\val\right\13-49-49\images\right\right__GRIP_2026-08-27_13-49-49_fixed__e000280.jpg,right,original,right,2.5787278445932316e-07,0.9999997615814209,True
D:\GRIP_Dataset\New_model\Chirality_Crops\aug27_final_v2_bbox\val\right\13-49-49\images\right\right__GRIP_2026-08-27_13-49-49_fixed__e000280.jpg,right,finger_side,right,0.0011930367909371853,0.9988069534301758,True
D:\GRIP_Dataset\New_model\Chirality_Crops\aug27_final_v2_bbox\val\right\13-49-49\images\right\right__GRIP_2026-08-27_13-49-49_fixed__e000280.jpg,right,cuff_side,right,8.245434059972467e-07,0.9999991655349731,True
D:\GRIP_Dataset\New_model\Chirality_Crops\aug27_final_v2_bbox\val\right\13-49-49\images\right\right__GRIP_2026-08-27_13-49-49_fixed__e000280.jpg,right,centre,right,0.025281336158514023,0.9747186303138733,True
D:\GRIP_Dataset\New_model\Chirality_Crops\aug27_final_v2_bbox\val\right\13-49-49\images\right\right__GRIP_2026-08-27_13-49-49_fixed__e000280.jpg,right,top_background,right,2.5787278445932316e-07,0.9999997615814209,True
D:\GRIP_Dataset\New_model\Chirality_Crops\aug27_final_v2_bbox\val\right\13-49-49\images\right\right__GRIP_2026-08-27_13-49-49_fixed__e000280.jpg,right,bottom_background,right,2.5787278445932316e-07,0.9999997615814209,True
D:\GRIP_Dataset\New_model\Chirality_Crops\aug27_final_v2_bbox\val\right\13-49-49\images\right\right__GRIP_2026-08-27_13-49-49_fixed__e000281.jpg,right,original,right,2.3266224161488935e-05,0.9999767541885376,True
D:\GRIP_Dataset\New_model\Chirality_Crops\aug27_final_v2_bbox\val\right\13-49-49\images\right\right__GRIP_2026-08-27_13-49-49_fixed__e000281.jpg,right,finger_side,right,0.046660348773002625,0.9533396363258362,True
D:\GRIP_Dataset\New_model\Chirality_Crops\aug27_final_v2_bbox\val\right\13-49-49\images\right\right__GRIP_2026-08-27_13-49-49_fixed__e000281.jpg,right,cuff_side,right,1.3663361642102245e-05,0.9999862909317017,True
D:\GRIP_Dataset\New_model\Chirality_Crops\aug27_final_v2_bbox\val\right\13-49-49\images\right\right__GRIP_2026-08-27_13-49-49_fixed__e000281.jpg,right,centre,right,0.018065745010972023,0.9819341897964478,True
D:\GRIP_Dataset\New_model\Chirality_Crops\aug27_final_v2_bbox\val\right\13-49-49\images\right\right__GRIP_2026-08-27_13-49-49_fixed__e000281.jpg,right,top_background,right,2.0942690753145143e-05,0.9999790191650391,True
D:\GRIP_Dataset\New_model\Chirality_Crops\aug27_final_v2_bbox\val\right\13-49-49\images\right\right__GRIP_2026-08-27_13-49-49_fixed__e000281.jpg,right,bottom_background,right,2.2274460206972435e-05,0.999977707862854,True
D:\GRIP_Dataset\New_model\Chirality_Crops\aug27_final_v2_bbox\val\right\13-49-49\images\right\right__GRIP_2026-08-27_13-49-49_fixed__e000282.jpg,right,original,right,3.931268111045938e-06,0.9999960660934448,True
D:\GRIP_Dataset\New_model\Chirality_Crops\aug27_final_v2_bbox\val\right\13-49-49\images\right\right__GRIP_2026-08-27_13-49-49_fixed__e000282.jpg,right,finger_side,right,0.0009165207156911492,0.9990835189819336,True
D:\GRIP_Dataset\New_model\Chirality_Crops\aug27_final_v2_bbox\val\right\13-49-49\images\right\right__GRIP_2026-08-27_13-49-49_fixed__e000282.jpg,right,cuff_side,right,4.658101897803135e-05,0.9999533891677856,True
D:\GRIP_Dataset\New_model\Chirality_Crops\aug27_final_v2_bbox\val\right\13-49-49\images\right\right__GRIP_2026-08-27_13-49-49_fixed__e000282.jpg,right,centre,right,0.00019078823970630765,0.999809205532074,True
D:\GRIP_Dataset\New_model\Chirality_Crops\aug27_final_v2_bbox\val\right\13-49-49\images\right\right__GRIP_2026-08-27_13-49-49_fixed__e000282.jpg,right,top_background,right,3.931268111045938e-06,0.9999960660934448,True
D:\GRIP_Dataset\New_model\Chirality_Crops\aug27_final_v2_bbox\val\right\13-49-49\images\right\right__GRIP_2026-08-27_13-49-49_fixed__e000282.jpg,right,bottom_background,right,3.931268111045938e-06,0.9999960660934448,True
D:\GRIP_Dataset\New_model\Chirality_Crops\aug27_final_v2_bbox\val\right\13-49-49\images\right\right__GRIP_2026-08-27_13-49-49_fixed__e000283.jpg,right,original,right,0.000917949597351253,0.999082088470459,True
D:\GRIP_Dataset\New_model\Chirality_Crops\aug27_final_v2_bbox\val\right\13-49-49\images\right\right__GRIP_2026-08-27_13-49-49_fixed__e000283.jpg,right,finger_side,right,0.38120296597480774,0.6187970042228699,True
D:\GRIP_Dataset\New_model\Chirality_Crops\aug27_final_v2_bbox\val\right\13-49-49\images\right\right__GRIP_2026-08-27_13-49-49_fixed__e000283.jpg,right,cuff_side,right,0.0003461935557425022,0.9996538162231445,True
D:\GRIP_Dataset\New_model\Chirality_Crops\aug27_final_v2_bbox\val\right\13-49-49\images\right\right__GRIP_2026-08-27_13-49-49_fixed__e000283.jpg,right,centre,left,0.8433740139007568,0.1566259264945984,False
D:\GRIP_Dataset\New_model\Chirality_Crops\aug27_final_v2_bbox\val\right\13-49-49\images\right\right__GRIP_2026-08-27_13-49-49_fixed__e000283.jpg,right,top_background,right,0.000917949597351253,0.999082088470459,True
D:\GRIP_Dataset\New_model\Chirality_Crops\aug27_final_v2_bbox\val\right\13-49-49\images\right\right__GRIP_2026-08-27_13-49-49_fixed__e000283.jpg,right,bottom_background,right,0.000917949597351253,0.999082088470459,True
D:\GRIP_Dataset\New_model\Chirality_Crops\aug27_final_v2_bbox\val\right\13-49-49\images\right\right__GRIP_2026-08-27_13-49-49_fixed__e000285.jpg,right,original,right,3.58915094693657e-05,0.9999641180038452,True
D:\GRIP_Dataset\New_model\Chirality_Crops\aug27_final_v2_bbox\val\right\13-49-49\images\right\right__GRIP_2026-08-27_13-49-49_fixed__e000285.jpg,right,finger_side,right,0.11890812963247299,0.8810918927192688,True
D:\GRIP_Dataset\New_model\Chirality_Crops\aug27_final_v2_bbox\val\right\13-49-49\images\right\right__GRIP_2026-08-27_13-49-49_fixed__e000285.jpg,right,cuff_side,right,3.13923301291652e-05,0.9999686479568481,True
D:\GRIP_Dataset\New_model\Chirality_Crops\aug27_final_v2_bbox\val\right\13-49-49\images\right\right__GRIP_2026-08-27_13-49-49_fixed__e000285.jpg,right,centre,right,0.03810989111661911,0.9618901014328003,True
D:\GRIP_Dataset\New_model\Chirality_Crops\aug27_final_v2_bbox\val\right\13-49-49\images\right\right__GRIP_2026-08-27_13-49-49_fixed__e000285.jpg,right,top_background,right,3.58915094693657e-05,0.9999641180038452,True
D:\GRIP_Dataset\New_model\Chirality_Crops\aug27_final_v2_bbox\val\right\13-49-49\images\right\right__GRIP_2026-08-27_13-49-49_fixed__e000285.jpg,right,bottom_background,right,3.58915094693657e-05,0.9999641180038452,True
D:\GRIP_Dataset\New_model\Chirality_Crops\aug27_final_v2_bbox\val\right\13-49-49\images\right\right__GRIP_2026-08-27_13-49-49_fixed__e000286.jpg,right,original,right,2.97691258310806e-06,0.9999970197677612,True
D:\GRIP_Dataset\New_model\Chirality_Crops\aug27_final_v2_bbox\val\right\13-49-49\images\right\right__GRIP_2026-08-27_13-49-49_fixed__e000286.jpg,right,finger_side,right,0.002477850764989853,0.9975221753120422,True
D:\GRIP_Dataset\New_model\Chirality_Crops\aug27_final_v2_bbox\val\right\13-49-49\images\right\right__GRIP_2026-08-27_13-49-49_fixed__e000286.jpg,right,cuff_side,right,5.106925073050661e-06,0.9999948740005493,True
D:\GRIP_Dataset\New_model\Chirality_Crops\aug27_final_v2_bbox\val\right\13-49-49\images\right\right__GRIP_2026-08-27_13-49-49_fixed__e000286.jpg,right,centre,right,0.0035058646462857723,0.9964941143989563,True
D:\GRIP_Dataset\New_model\Chirality_Crops\aug27_final_v2_bbox\val\right\13-49-49\images\right\right__GRIP_2026-08-27_13-49-49_fixed__e000286.jpg,right,top_background,right,2.9316911422938574e-06,0.9999970197677612,True
D:\GRIP_Dataset\New_model\Chirality_Crops\aug27_final_v2_bbox\val\right\13-49-49\images\right\right__GRIP_2026-08-27_13-49-49_fixed__e000286.jpg,right,bottom_background,right,2.913129492299049e-06,0.9999971389770508,True
D:\GRIP_Dataset\New_model\Chirality_Crops\aug27_final_v2_bbox\val\right\13-49-49\images\right\right__GRIP_2026-08-27_13-49-49_fixed__e000287.jpg,right,original,right,1.420337071067479e-06,0.9999985694885254,True
D:\GRIP_Dataset\New_model\Chirality_Crops\aug27_final_v2_bbox\val\right\13-49-49\images\right\right__GRIP_2026-08-27_13-49-49_fixed__e000287.jpg,right,finger_side,right,0.04701053723692894,0.9529894590377808,True
D:\GRIP_Dataset\New_model\Chirality_Crops\aug27_final_v2_bbox\val\right\13-49-49\images\right\right__GRIP_2026-08-27_13-49-49_fixed__e000287.jpg,right,cuff_side,right,8.430740308540408e-06,0.9999915361404419,True
D:\GRIP_Dataset\New_model\Chirality_Crops\aug27_final_v2_bbox\val\right\13-49-49\images\right\right__GRIP_2026-08-27_13-49-49_fixed__e000287.jpg,right,centre,right,0.002987954067066312,0.9970120191574097,True
D:\GRIP_Dataset\New_model\Chirality_Crops\aug27_final_v2_bbox\val\right\13-49-49\images\right\right__GRIP_2026-08-27_13-49-49_fixed__e000287.jpg,right,top_background,right,1.3285379054650548e-06,0.9999986886978149,True
D:\GRIP_Dataset\New_model\Chirality_Crops\aug27_final_v2_bbox\val\right\13-49-49\images\right\right__GRIP_2026-08-27_13-49-49_fixed__e000287.jpg,right,bottom_background,right,1.3890662557969335e-06,0.9999985694885254,True
D:\GRIP_Dataset\New_model\Chirality_Crops\aug27_final_v2_bbox\val\right\13-49-49\images\right\right__GRIP_2026-08-27_13-49-49_fixed__e000288.jpg,right,original,right,4.137414634897141e-06,0.9999958276748657,True
D:\GRIP_Dataset\New_model\Chirality_Crops\aug27_final_v2_bbox\val\right\13-49-49\images\right\right__GRIP_2026-08-27_13-49-49_fixed__e000288.jpg,right,finger_side,right,0.0010684725129976869,0.9989314675331116,True
D:\GRIP_Dataset\New_model\Chirality_Crops\aug27_final_v2_bbox\val\right\13-49-49\images\right\right__GRIP_2026-08-27_13-49-49_fixed__e000288.jpg,right,cuff_side,right,1.696491199254524e-05,0.9999830722808838,True
D:\GRIP_Dataset\New_model\Chirality_Crops\aug27_final_v2_bbox\val\right\13-49-49\images\right\right__GRIP_2026-08-27_13-49-49_fixed__e000288.jpg,right,centre,right,0.00024280908110085875,0.9997572302818298,True
D:\GRIP_Dataset\New_model\Chirality_Crops\aug27_final_v2_bbox\val\right\13-49-49\images\right\right__GRIP_2026-08-27_13-49-49_fixed__e000288.jpg,right,top_background,right,4.139798420510488e-06,0.9999958276748657,True
D:\GRIP_Dataset\New_model\Chirality_Crops\aug27_final_v2_bbox\val\right\13-49-49\images\right\right__GRIP_2026-08-27_13-49-49_fixed__e000288.jpg,right,bottom_background,right,4.21926688431995e-06,0.9999958276748657,True
D:\GRIP_Dataset\New_model\Chirality_Crops\aug27_final_v2_bbox\val\right\13-49-49\images\right\right__GRIP_2026-08-27_13-49-49_fixed__e000289.jpg,right,original,right,1.13260011858074e-05,0.9999886751174927,True
D:\GRIP_Dataset\New_model\Chirality_Crops\aug27_final_v2_bbox\val\right\13-49-49\images\right\right__GRIP_2026-08-27_13-49-49_fixed__e000289.jpg,right,finger_side,right,0.0009323402191512287,0.9990677237510681,True
D:\GRIP_Dataset\New_model\Chirality_Crops\aug27_final_v2_bbox\val\right\13-49-49\images\right\right__GRIP_2026-08-27_13-49-49_fixed__e000289.jpg,right,cuff_side,right,5.179693107493222e-05,0.9999481439590454,True
D:\GRIP_Dataset\New_model\Chirality_Crops\aug27_final_v2_bbox\val\right\13-49-49\images\right\right__GRIP_2026-08-27_13-49-49_fixed__e000289.jpg,right,centre,right,0.0007129927980713546,0.9992870688438416,True
D:\GRIP_Dataset\New_model\Chirality_Crops\aug27_final_v2_bbox\val\right\13-49-49\images\right\right__GRIP_2026-08-27_13-49-49_fixed__e000289.jpg,right,top_background,right,1.6277677787002176e-05,0.9999836683273315,True
D:\GRIP_Dataset\New_model\Chirality_Crops\aug27_final_v2_bbox\val\right\13-49-49\images\right\right__GRIP_2026-08-27_13-49-49_fixed__e000289.jpg,right,bottom_background,right,1.5596104276482947e-05,0.9999843835830688,True
D:\GRIP_Dataset\New_model\Chirality_Crops\aug27_final_v2_bbox\val\right\13-49-49\images\right\right__GRIP_2026-08-27_13-49-49_fixed__e000290.jpg,right,original,right,2.3879472337284824e-06,0.999997615814209,True
D:\GRIP_Dataset\New_model\Chirality_Crops\aug27_final_v2_bbox\val\right\13-49-49\images\right\right__GRIP_2026-08-27_13-49-49_fixed__e000290.jpg,right,finger_side,right,0.0021145399659872055,0.9978854060173035,True
D:\GRIP_Dataset\New_model\Chirality_Crops\aug27_final_v2_bbox\val\right\13-49-49\images\right\right__GRIP_2026-08-27_13-49-49_fixed__e000290.jpg,right,cuff_side,right,1.3435046639642678e-05,0.9999865293502808,True
D:\GRIP_Dataset\New_model\Chirality_Crops\aug27_final_v2_bbox\val\right\13-49-49\images\right\right__GRIP_2026-08-27_13-49-49_fixed__e000290.jpg,right,centre,right,0.03349118307232857,0.9665087461471558,True
D:\GRIP_Dataset\New_model\Chirality_Crops\aug27_final_v2_bbox\val\right\13-49-49\images\right\right__GRIP_2026-08-27_13-49-49_fixed__e000290.jpg,right,top_background,right,2.3879472337284824e-06,0.999997615814209,True
D:\GRIP_Dataset\New_model\Chirality_Crops\aug27_final_v2_bbox\val\right\13-49-49\images\right\right__GRIP_2026-08-27_13-49-49_fixed__e000290.jpg,right,bottom_background,right,2.3879472337284824e-06,0.999997615814209,True
D:\GRIP_Dataset\New_model\Chirality_Crops\aug27_final_v2_bbox\val\right\13-49-49\images\right\right__GRIP_2026-08-27_13-49-49_fixed__e000291.jpg,right,original,right,2.378501449129544e-06,0.999997615814209,True
D:\GRIP_Dataset\New_model\Chirality_Crops\aug27_final_v2_bbox\val\right\13-49-49\images\right\right__GRIP_2026-08-27_13-49-49_fixed__e000291.jpg,right,finger_side,right,0.0012168283574283123,0.9987831711769104,True
D:\GRIP_Dataset\New_model\Chirality_Crops\aug27_final_v2_bbox\val\right\13-49-49\images\right\right__GRIP_2026-08-27_13-49-49_fixed__e000291.jpg,right,cuff_side,right,4.486599937081337e-05,0.9999551773071289,True
D:\GRIP_Dataset\New_model\Chirality_Crops\aug27_final_v2_bbox\val\right\13-49-49\images\right\right__GRIP_2026-08-27_13-49-49_fixed__e000291.jpg,right,centre,right,0.005909779574722052,0.9940901398658752,True
D:\GRIP_Dataset\New_model\Chirality_Crops\aug27_final_v2_bbox\val\right\13-49-49\images\right\right__GRIP_2026-08-27_13-49-49_fixed__e000291.jpg,right,top_background,right,2.378501449129544e-06,0.999997615814209,True
D:\GRIP_Dataset\New_model\Chirality_Crops\aug27_final_v2_bbox\val\right\13-49-49\images\right\right__GRIP_2026-08-27_13-49-49_fixed__e000291.jpg,right,bottom_background,right,2.378501449129544e-06,0.999997615814209,True
D:\GRIP_Dataset\New_model\Chirality_Crops\aug27_final_v2_bbox\val\right\13-49-49\images\right\right__GRIP_2026-08-27_13-49-49_fixed__e000293.jpg,right,original,right,5.4372838349081576e-05,0.9999456405639648,True
D:\GRIP_Dataset\New_model\Chirality_Crops\aug27_final_v2_bbox\val\right\13-49-49\images\right\right__GRIP_2026-08-27_13-49-49_fixed__e000293.jpg,right,finger_side,right,0.006582830101251602,0.9934171438217163,True
D:\GRIP_Dataset\New_model\Chirality_Crops\aug27_final_v2_bbox\val\right\13-49-49\images\right\right__GRIP_2026-08-27_13-49-49_fixed__e000293.jpg,right,cuff_side,right,0.000582946406211704,0.9994170665740967,True
D:\GRIP_Dataset\New_model\Chirality_Crops\aug27_final_v2_bbox\val\right\13-49-49\images\right\right__GRIP_2026-08-27_13-49-49_fixed__e000293.jpg,right,centre,right,0.006593272089958191,0.9934067726135254,True
D:\GRIP_Dataset\New_model\Chirality_Crops\aug27_final_v2_bbox\val\right\13-49-49\images\right\right__GRIP_2026-08-27_13-49-49_fixed__e000293.jpg,right,top_background,right,5.4372838349081576e-05,0.9999456405639648,True
D:\GRIP_Dataset\New_model\Chirality_Crops\aug27_final_v2_bbox\val\right\13-49-49\images\right\right__GRIP_2026-08-27_13-49-49_fixed__e000293.jpg,right,bottom_background,right,5.4372838349081576e-05,0.9999456405639648,True
D:\GRIP_Dataset\New_model\Chirality_Crops\aug27_final_v2_bbox\val\right\13-49-49\images\right\right__GRIP_2026-08-27_13-49-49_fixed__e000294.jpg,right,original,right,2.499817810530658e-06,0.9999974966049194,True
D:\GRIP_Dataset\New_model\Chirality_Crops\aug27_final_v2_bbox\val\right\13-49-49\images\right\right__GRIP_2026-08-27_13-49-49_fixed__e000294.jpg,right,finger_side,right,0.0011364786187186837,0.9988635778427124,True
D:\GRIP_Dataset\New_model\Chirality_Crops\aug27_final_v2_bbox\val\right\13-49-49\images\right\right__GRIP_2026-08-27_13-49-49_fixed__e000294.jpg,right,cuff_side,right,2.907739508373197e-05,0.9999709129333496,True
D:\GRIP_Dataset\New_model\Chirality_Crops\aug27_final_v2_bbox\val\right\13-49-49\images\right\right__GRIP_2026-08-27_13-49-49_fixed__e000294.jpg,right,centre,right,0.0025102265644818544,0.9974898099899292,True
D:\GRIP_Dataset\New_model\Chirality_Crops\aug27_final_v2_bbox\val\right\13-49-49\images\right\right__GRIP_2026-08-27_13-49-49_fixed__e000294.jpg,right,top_background,right,2.499817810530658e-06,0.9999974966049194,True
D:\GRIP_Dataset\New_model\Chirality_Crops\aug27_final_v2_bbox\val\right\13-49-49\images\right\right__GRIP_2026-08-27_13-49-49_fixed__e000294.jpg,right,bottom_background,right,2.499817810530658e-06,0.9999974966049194,True
D:\GRIP_Dataset\New_model\Chirality_Crops\aug27_final_v2_bbox\val\right\13-49-49\images\right\right__GRIP_2026-08-27_13-49-49_fixed__e000295.jpg,right,original,right,1.5279842955351342e-06,0.9999984502792358,True
D:\GRIP_Dataset\New_model\Chirality_Crops\aug27_final_v2_bbox\val\right\13-49-49\images\right\right__GRIP_2026-08-27_13-49-49_fixed__e000295.jpg,right,finger_side,right,0.0005872636684216559,0.9994127750396729,True
D:\GRIP_Dataset\New_model\Chirality_Crops\aug27_final_v2_bbox\val\right\13-49-49\images\right\right__GRIP_2026-08-27_13-49-49_fixed__e000295.jpg,right,cuff_side,right,1.4114633813733235e-05,0.999985933303833,True
D:\GRIP_Dataset\New_model\Chirality_Crops\aug27_final_v2_bbox\val\right\13-49-49\images\right\right__GRIP_2026-08-27_13-49-49_fixed__e000295.jpg,right,centre,right,0.0017183657037094235,0.9982815980911255,True
D:\GRIP_Dataset\New_model\Chirality_Crops\aug27_final_v2_bbox\val\right\13-49-49\images\right\right__GRIP_2026-08-27_13-49-49_fixed__e000295.jpg,right,top_background,right,1.5279842955351342e-06,0.9999984502792358,True
D:\GRIP_Dataset\New_model\Chirality_Crops\aug27_final_v2_bbox\val\right\13-49-49\images\right\right__GRIP_2026-08-27_13-49-49_fixed__e000295.jpg,right,bottom_background,right,1.5279842955351342e-06,0.9999984502792358,True
D:\GRIP_Dataset\New_model\Chirality_Crops\aug27_final_v2_bbox\val\right\13-49-49\images\right\right__GRIP_2026-08-27_13-49-49_fixed__e000296.jpg,right,original,right,0.0004483277734834701,0.9995515942573547,True
D:\GRIP_Dataset\New_model\Chirality_Crops\aug27_final_v2_bbox\val\right\13-49-49\images\right\right__GRIP_2026-08-27_13-49-49_fixed__e000296.jpg,right,finger_side,left,0.9608940482139587,0.03910591080784798,False
D:\GRIP_Dataset\New_model\Chirality_Crops\aug27_final_v2_bbox\val\right\13-49-49\images\right\right__GRIP_2026-08-27_13-49-49_fixed__e000296.jpg,right,cuff_side,right,0.00020802307699341327,0.9997920393943787,True
D:\GRIP_Dataset\New_model\Chirality_Crops\aug27_final_v2_bbox\val\right\13-49-49\images\right\right__GRIP_2026-08-27_13-49-49_fixed__e000296.jpg,right,centre,right,0.015689874067902565,0.9843101501464844,True
D:\GRIP_Dataset\New_model\Chirality_Crops\aug27_final_v2_bbox\val\right\13-49-49\images\right\right__GRIP_2026-08-27_13-49-49_fixed__e000296.jpg,right,top_background,right,0.0004483277734834701,0.9995515942573547,True
D:\GRIP_Dataset\New_model\Chirality_Crops\aug27_final_v2_bbox\val\right\13-49-49\images\right\right__GRIP_2026-08-27_13-49-49_fixed__e000296.jpg,right,bottom_background,right,0.0004483277734834701,0.9995515942573547,True
D:\GRIP_Dataset\New_model\Chirality_Crops\aug27_final_v2_bbox\val\right\13-49-49\images\right\right__GRIP_2026-08-27_13-49-49_fixed__e000297.jpg,right,original,right,1.0126378583663609e-05,0.9999898672103882,True
D:\GRIP_Dataset\New_model\Chirality_Crops\aug27_final_v2_bbox\val\right\13-49-49\images\right\right__GRIP_2026-08-27_13-49-49_fixed__e000297.jpg,right,finger_side,right,0.0017626339104026556,0.9982373714447021,True
D:\GRIP_Dataset\New_model\Chirality_Crops\aug27_final_v2_bbox\val\right\13-49-49\images\right\right__GRIP_2026-08-27_13-49-49_fixed__e000297.jpg,right,cuff_side,right,1.8549340893514454e-05,0.9999814033508301,True
D:\GRIP_Dataset\New_model\Chirality_Crops\aug27_final_v2_bbox\val\right\13-49-49\images\right\right__GRIP_2026-08-27_13-49-49_fixed__e000297.jpg,right,centre,right,0.0005341945798136294,0.9994657635688782,True
D:\GRIP_Dataset\New_model\Chirality_Crops\aug27_final_v2_bbox\val\right\13-49-49\images\right\right__GRIP_2026-08-27_13-49-49_fixed__e000297.jpg,right,top_background,right,1.160138981504133e-05,0.9999884366989136,True
D:\GRIP_Dataset\New_model\Chirality_Crops\aug27_final_v2_bbox\val\right\13-49-49\images\right\right__GRIP_2026-08-27_13-49-49_fixed__e000297.jpg,right,bottom_background,right,1.2187874744995497e-05,0.9999878406524658,True
D:\GRIP_Dataset\New_model\Chirality_Crops\aug27_final_v2_bbox\val\right\13-49-49\images\right\right__GRIP_2026-08-27_13-49-49_fixed__e000298.jpg,right,original,right,2.385425204920466e-06,0.999997615814209,True
D:\GRIP_Dataset\New_model\Chirality_Crops\aug27_final_v2_bbox\val\right\13-49-49\images\right\right__GRIP_2026-08-27_13-49-49_fixed__e000298.jpg,right,finger_side,right,0.0024728996213525534,0.9975270628929138,True
D:\GRIP_Dataset\New_model\Chirality_Crops\aug27_final_v2_bbox\val\right\13-49-49\images\right\right__GRIP_2026-08-27_13-49-49_fixed__e000298.jpg,right,cuff_side,right,4.413011538417777e-06,0.9999955892562866,True
D:\GRIP_Dataset\New_model\Chirality_Crops\aug27_final_v2_bbox\val\right\13-49-49\images\right\right__GRIP_2026-08-27_13-49-49_fixed__e000298.jpg,right,centre,right,0.027555212378501892,0.9724447727203369,True
D:\GRIP_Dataset\New_model\Chirality_Crops\aug27_final_v2_bbox\val\right\13-49-49\images\right\right__GRIP_2026-08-27_13-49-49_fixed__e000298.jpg,right,top_background,right,2.385425204920466e-06,0.999997615814209,True
D:\GRIP_Dataset\New_model\Chirality_Crops\aug27_final_v2_bbox\val\right\13-49-49\images\right\right__GRIP_2026-08-27_13-49-49_fixed__e000298.jpg,right,bottom_background,right,2.385425204920466e-06,0.999997615814209,True
D:\GRIP_Dataset\New_model\Chirality_Crops\aug27_final_v2_bbox\val\right\13-49-49\images\right\right__GRIP_2026-08-27_13-49-49_fixed__e000299.jpg,right,original,right,2.4643026108606136e-07,0.9999997615814209,True
D:\GRIP_Dataset\New_model\Chirality_Crops\aug27_final_v2_bbox\val\right\13-49-49\images\right\right__GRIP_2026-08-27_13-49-49_fixed__e000299.jpg,right,finger_side,right,0.0046053738333284855,0.9953946471214294,True
D:\GRIP_Dataset\New_model\Chirality_Crops\aug27_final_v2_bbox\val\right\13-49-49\images\right\right__GRIP_2026-08-27_13-49-49_fixed__e000299.jpg,right,cuff_side,right,3.9470987758249976e-06,0.9999960660934448,True
D:\GRIP_Dataset\New_model\Chirality_Crops\aug27_final_v2_bbox\val\right\13-49-49\images\right\right__GRIP_2026-08-27_13-49-49_fixed__e000299.jpg,right,centre,right,0.011552092619240284,0.9884478449821472,True
D:\GRIP_Dataset\New_model\Chirality_Crops\aug27_final_v2_bbox\val\right\13-49-49\images\right\right__GRIP_2026-08-27_13-49-49_fixed__e000299.jpg,right,top_background,right,2.4643026108606136e-07,0.9999997615814209,True
D:\GRIP_Dataset\New_model\Chirality_Crops\aug27_final_v2_bbox\val\right\13-49-49\images\right\right__GRIP_2026-08-27_13-49-49_fixed__e000299.jpg,right,bottom_background,right,2.4643026108606136e-07,0.9999997615814209,True
D:\GRIP_Dataset\New_model\Chirality_Crops\aug27_final_v2_bbox\val\right\13-49-49\images\right\right__GRIP_2026-08-27_13-49-49_fixed__e000300.jpg,right,original,right,0.00013312163355294615,0.9998668432235718,True
D:\GRIP_Dataset\New_model\Chirality_Crops\aug27_final_v2_bbox\val\right\13-49-49\images\right\right__GRIP_2026-08-27_13-49-49_fixed__e000300.jpg,right,finger_side,right,0.10889219492673874,0.8911077976226807,True
D:\GRIP_Dataset\New_model\Chirality_Crops\aug27_final_v2_bbox\val\right\13-49-49\images\right\right__GRIP_2026-08-27_13-49-49_fixed__e000300.jpg,right,cuff_side,right,8.30069329822436e-05,0.9999170303344727,True
D:\GRIP_Dataset\New_model\Chirality_Crops\aug27_final_v2_bbox\val\right\13-49-49\images\right\right__GRIP_2026-08-27_13-49-49_fixed__e000300.jpg,right,centre,left,0.6848099231719971,0.31519007682800293,False
D:\GRIP_Dataset\New_model\Chirality_Crops\aug27_final_v2_bbox\val\right\13-49-49\images\right\right__GRIP_2026-08-27_13-49-49_fixed__e000300.jpg,right,top_background,right,0.00013312163355294615,0.9998668432235718,True
D:\GRIP_Dataset\New_model\Chirality_Crops\aug27_final_v2_bbox\val\right\13-49-49\images\right\right__GRIP_2026-08-27_13-49-49_fixed__e000300.jpg,right,bottom_background,right,0.00013312163355294615,0.9998668432235718,True
D:\GRIP_Dataset\New_model\Chirality_Crops\aug27_final_v2_bbox\val\right\13-49-49\images\right\right__GRIP_2026-08-27_13-49-49_fixed__e000301.jpg,right,original,right,2.2608955987379886e-06,0.9999977350234985,True
D:\GRIP_Dataset\New_model\Chirality_Crops\aug27_final_v2_bbox\val\right\13-49-49\images\right\right__GRIP_2026-08-27_13-49-49_fixed__e000301.jpg,right,finger_side,right,0.001586246769875288,0.9984136819839478,True
D:\GRIP_Dataset\New_model\Chirality_Crops\aug27_final_v2_bbox\val\right\13-49-49\images\right\right__GRIP_2026-08-27_13-49-49_fixed__e000301.jpg,right,cuff_side,right,3.293304689577781e-05,0.999967098236084,True
D:\GRIP_Dataset\New_model\Chirality_Crops\aug27_final_v2_bbox\val\right\13-49-49\images\right\right__GRIP_2026-08-27_13-49-49_fixed__e000301.jpg,right,centre,right,0.0006680271471850574,0.9993318915367126,True
D:\GRIP_Dataset\New_model\Chirality_Crops\aug27_final_v2_bbox\val\right\13-49-49\images\right\right__GRIP_2026-08-27_13-49-49_fixed__e000301.jpg,right,top_background,right,2.1611529064102797e-06,0.9999978542327881,True
D:\GRIP_Dataset\New_model\Chirality_Crops\aug27_final_v2_bbox\val\right\13-49-49\images\right\right__GRIP_2026-08-27_13-49-49_fixed__e000301.jpg,right,bottom_background,right,2.2911726773600094e-06,0.9999977350234985,True
D:\GRIP_Dataset\New_model\Chirality_Crops\aug27_final_v2_bbox\val\right\13-49-49\images\right\right__GRIP_2026-08-27_13-49-49_fixed__e000302.jpg,right,original,right,0.0001162567496066913,0.999883770942688,True
D:\GRIP_Dataset\New_model\Chirality_Crops\aug27_final_v2_bbox\val\right\13-49-49\images\right\right__GRIP_2026-08-27_13-49-49_fixed__e000302.jpg,right,finger_side,right,0.2247752994298935,0.7752246856689453,True
D:\GRIP_Dataset\New_model\Chirality_Crops\aug27_final_v2_bbox\val\right\13-49-49\images\right\right__GRIP_2026-08-27_13-49-49_fixed__e000302.jpg,right,cuff_side,right,0.000367040338460356,0.9996329545974731,True
D:\GRIP_Dataset\New_model\Chirality_Crops\aug27_final_v2_bbox\val\right\13-49-49\images\right\right__GRIP_2026-08-27_13-49-49_fixed__e000302.jpg,right,centre,right,0.04211235046386719,0.9578876495361328,True
D:\GRIP_Dataset\New_model\Chirality_Crops\aug27_final_v2_bbox\val\right\13-49-49\images\right\right__GRIP_2026-08-27_13-49-49_fixed__e000302.jpg,right,top_background,right,0.0001162567496066913,0.999883770942688,True
D:\GRIP_Dataset\New_model\Chirality_Crops\aug27_final_v2_bbox\val\right\13-49-49\images\right\right__GRIP_2026-08-27_13-49-49_fixed__e000302.jpg,right,bottom_background,right,0.0001162567496066913,0.999883770942688,True
D:\GRIP_Dataset\New_model\Chirality_Crops\aug27_final_v2_bbox\val\right\13-49-49\images\right\right__GRIP_2026-08-27_13-49-49_fixed__e000303.jpg,right,original,right,4.145479579165112e-06,0.9999958276748657,True
D:\GRIP_Dataset\New_model\Chirality_Crops\aug27_final_v2_bbox\val\right\13-49-49\images\right\right__GRIP_2026-08-27_13-49-49_fixed__e000303.jpg,right,finger_side,right,0.019963474944233894,0.9800365567207336,True
D:\GRIP_Dataset\New_model\Chirality_Crops\aug27_final_v2_bbox\val\right\13-49-49\images\right\right__GRIP_2026-08-27_13-49-49_fixed__e000303.jpg,right,cuff_side,right,5.896597576793283e-05,0.9999409914016724,True
D:\GRIP_Dataset\New_model\Chirality_Crops\aug27_final_v2_bbox\val\right\13-49-49\images\right\right__GRIP_2026-08-27_13-49-49_fixed__e000303.jpg,right,centre,right,0.02721881866455078,0.9727811217308044,True
D:\GRIP_Dataset\New_model\Chirality_Crops\aug27_final_v2_bbox\val\right\13-49-49\images\right\right__GRIP_2026-08-27_13-49-49_fixed__e000303.jpg,right,top_background,right,4.111250746063888e-06,0.9999959468841553,True
D:\GRIP_Dataset\New_model\Chirality_Crops\aug27_final_v2_bbox\val\right\13-49-49\images\right\right__GRIP_2026-08-27_13-49-49_fixed__e000303.jpg,right,bottom_background,right,4.092224571650149e-06,0.9999959468841553,True
D:\GRIP_Dataset\New_model\Chirality_Crops\aug27_final_v2_bbox\val\right\13-49-49\images\right\right__GRIP_2026-08-27_13-49-49_fixed__e000305.jpg,right,original,right,1.1447275483078556e-06,0.9999988079071045,True
D:\GRIP_Dataset\New_model\Chirality_Crops\aug27_final_v2_bbox\val\right\13-49-49\images\right\right__GRIP_2026-08-27_13-49-49_fixed__e000305.jpg,right,finger_side,right,0.005193524993956089,0.9948064684867859,True
D:\GRIP_Dataset\New_model\Chirality_Crops\aug27_final_v2_bbox\val\right\13-49-49\images\right\right__GRIP_2026-08-27_13-49-49_fixed__e000305.jpg,right,cuff_side,right,2.360690268687904e-05,0.999976396560669,True
D:\GRIP_Dataset\New_model\Chirality_Crops\aug27_final_v2_bbox\val\right\13-49-49\images\right\right__GRIP_2026-08-27_13-49-49_fixed__e000305.jpg,right,centre,right,0.00801805965602398,0.9919819235801697,True
D:\GRIP_Dataset\New_model\Chirality_Crops\aug27_final_v2_bbox\val\right\13-49-49\images\right\right__GRIP_2026-08-27_13-49-49_fixed__e000305.jpg,right,top_background,right,1.0838570005944348e-06,0.999998927116394,True
D:\GRIP_Dataset\New_model\Chirality_Crops\aug27_final_v2_bbox\val\right\13-49-49\images\right\right__GRIP_2026-08-27_13-49-49_fixed__e000305.jpg,right,bottom_background,right,1.0961784937535413e-06,0.999998927116394,True
D:\GRIP_Dataset\New_model\Chirality_Crops\aug27_final_v2_bbox\val\right\13-49-49\images\right\right__GRIP_2026-08-27_13-49-49_fixed__e000306.jpg,right,original,right,0.0012680290965363383,0.9987319111824036,True
D:\GRIP_Dataset\New_model\Chirality_Crops\aug27_final_v2_bbox\val\right\13-49-49\images\right\right__GRIP_2026-08-27_13-49-49_fixed__e000306.jpg,right,finger_side,right,0.052557989954948425,0.9474419951438904,True
D:\GRIP_Dataset\New_model\Chirality_Crops\aug27_final_v2_bbox\val\right\13-49-49\images\right\right__GRIP_2026-08-27_13-49-49_fixed__e000306.jpg,right,cuff_side,right,0.001369277946650982,0.998630702495575,True
D:\GRIP_Dataset\New_model\Chirality_Crops\aug27_final_v2_bbox\val\right\13-49-49\images\right\right__GRIP_2026-08-27_13-49-49_fixed__e000306.jpg,right,centre,right,0.07092063128948212,0.9290793538093567,True
D:\GRIP_Dataset\New_model\Chirality_Crops\aug27_final_v2_bbox\val\right\13-49-49\images\right\right__GRIP_2026-08-27_13-49-49_fixed__e000306.jpg,right,top_background,right,0.0012680290965363383,0.9987319111824036,True
D:\GRIP_Dataset\New_model\Chirality_Crops\aug27_final_v2_bbox\val\right\13-49-49\images\right\right__GRIP_2026-08-27_13-49-49_fixed__e000306.jpg,right,bottom_background,right,0.0012680290965363383,0.9987319111824036,True
D:\GRIP_Dataset\New_model\Chirality_Crops\aug27_final_v2_bbox\val\right\13-49-49\images\right\right__GRIP_2026-08-27_13-49-49_fixed__e000307.jpg,right,original,right,2.7328998839948326e-05,0.9999727010726929,True
D:\GRIP_Dataset\New_model\Chirality_Crops\aug27_final_v2_bbox\val\right\13-49-49\images\right\right__GRIP_2026-08-27_13-49-49_fixed__e000307.jpg,right,finger_side,right,0.009170918725430965,0.9908291101455688,True
D:\GRIP_Dataset\New_model\Chirality_Crops\aug27_final_v2_bbox\val\right\13-49-49\images\right\right__GRIP_2026-08-27_13-49-49_fixed__e000307.jpg,right,cuff_side,right,0.0015024550957605243,0.9984976053237915,True
D:\GRIP_Dataset\New_model\Chirality_Crops\aug27_final_v2_bbox\val\right\13-49-49\images\right\right__GRIP_2026-08-27_13-49-49_fixed__e000307.jpg,right,centre,right,0.037522315979003906,0.9624776840209961,True
D:\GRIP_Dataset\New_model\Chirality_Crops\aug27_final_v2_bbox\val\right\13-49-49\images\right\right__GRIP_2026-08-27_13-49-49_fixed__e000307.jpg,right,top_background,right,2.504774420231115e-05,0.9999749660491943,True
D:\GRIP_Dataset\New_model\Chirality_Crops\aug27_final_v2_bbox\val\right\13-49-49\images\right\right__GRIP_2026-08-27_13-49-49_fixed__e000307.jpg,right,bottom_background,right,2.574875543359667e-05,0.999974250793457,True
D:\GRIP_Dataset\New_model\Chirality_Crops\aug27_final_v2_bbox\val\right\13-49-49\images\right\right__GRIP_2026-08-27_13-49-49_fixed__e000308.jpg,right,original,right,3.692316386150196e-05,0.9999630451202393,True
D:\GRIP_Dataset\New_model\Chirality_Crops\aug27_final_v2_bbox\val\right\13-49-49\images\right\right__GRIP_2026-08-27_13-49-49_fixed__e000308.jpg,right,finger_side,right,0.0048226225189864635,0.9951773881912231,True
D:\GRIP_Dataset\New_model\Chirality_Crops\aug27_final_v2_bbox\val\right\13-49-49\images\right\right__GRIP_2026-08-27_13-49-49_fixed__e000308.jpg,right,cuff_side,right,3.9180686144391075e-05,0.9999607801437378,True
D:\GRIP_Dataset\New_model\Chirality_Crops\aug27_final_v2_bbox\val\right\13-49-49\images\right\right__GRIP_2026-08-27_13-49-49_fixed__e000308.jpg,right,centre,right,0.0008406742126680911,0.9991593360900879,True
D:\GRIP_Dataset\New_model\Chirality_Crops\aug27_final_v2_bbox\val\right\13-49-49\images\right\right__GRIP_2026-08-27_13-49-49_fixed__e000308.jpg,right,top_background,right,2.7606260118773207e-05,0.9999723434448242,True
D:\GRIP_Dataset\New_model\Chirality_Crops\aug27_final_v2_bbox\val\right\13-49-49\images\right\right__GRIP_2026-08-27_13-49-49_fixed__e000308.jpg,right,bottom_background,right,6.187659892020747e-05,0.9999381303787231,True
D:\GRIP_Dataset\New_model\Chirality_Crops\aug27_final_v2_bbox\val\right\13-49-49\images\right\right__GRIP_2026-08-27_13-49-49_fixed__e000309.jpg,right,original,right,9.218942977895495e-07,0.9999990463256836,True
D:\GRIP_Dataset\New_model\Chirality_Crops\aug27_final_v2_bbox\val\right\13-49-49\images\right\right__GRIP_2026-08-27_13-49-49_fixed__e000309.jpg,right,finger_side,right,0.005215541925281286,0.994784414768219,True
D:\GRIP_Dataset\New_model\Chirality_Crops\aug27_final_v2_bbox\val\right\13-49-49\images\right\right__GRIP_2026-08-27_13-49-49_fixed__e000309.jpg,right,cuff_side,right,4.983362669008784e-05,0.9999501705169678,True
D:\GRIP_Dataset\New_model\Chirality_Crops\aug27_final_v2_bbox\val\right\13-49-49\images\right\right__GRIP_2026-08-27_13-49-49_fixed__e000309.jpg,right,centre,right,0.04981665313243866,0.9501833319664001,True
D:\GRIP_Dataset\New_model\Chirality_Crops\aug27_final_v2_bbox\val\right\13-49-49\images\right\right__GRIP_2026-08-27_13-49-49_fixed__e000309.jpg,right,top_background,right,9.218942977895495e-07,0.9999990463256836,True
D:\GRIP_Dataset\New_model\Chirality_Crops\aug27_final_v2_bbox\val\right\13-49-49\images\right\right__GRIP_2026-08-27_13-49-49_fixed__e000309.jpg,right,bottom_background,right,9.218942977895495e-07,0.9999990463256836,True
D:\GRIP_Dataset\New_model\Chirality_Crops\aug27_final_v2_bbox\val\right\13-49-49\images\right\right__GRIP_2026-08-27_13-49-49_fixed__e000310.jpg,right,original,right,0.00013523330562748015,0.9998646974563599,True
D:\GRIP_Dataset\New_model\Chirality_Crops\aug27_final_v2_bbox\val\right\13-49-49\images\right\right__GRIP_2026-08-27_13-49-49_fixed__e000310.jpg,right,finger_side,right,0.0024272764567285776,0.9975727200508118,True
D:\GRIP_Dataset\New_model\Chirality_Crops\aug27_final_v2_bbox\val\right\13-49-49\images\right\right__GRIP_2026-08-27_13-49-49_fixed__e000310.jpg,right,cuff_side,right,0.00034758809488266706,0.9996523857116699,True
D:\GRIP_Dataset\New_model\Chirality_Crops\aug27_final_v2_bbox\val\right\13-49-49\images\right\right__GRIP_2026-08-27_13-49-49_fixed__e000310.jpg,right,centre,right,0.22412821650505066,0.7758718132972717,True
D:\GRIP_Dataset\New_model\Chirality_Crops\aug27_final_v2_bbox\val\right\13-49-49\images\right\right__GRIP_2026-08-27_13-49-49_fixed__e000310.jpg,right,top_background,right,0.00013523330562748015,0.9998646974563599,True
D:\GRIP_Dataset\New_model\Chirality_Crops\aug27_final_v2_bbox\val\right\13-49-49\images\right\right__GRIP_2026-08-27_13-49-49_fixed__e000310.jpg,right,bottom_background,right,0.00013523330562748015,0.9998646974563599,True
D:\GRIP_Dataset\New_model\Chirality_Crops\aug27_final_v2_bbox\val\right\13-49-49\images\right\right__GRIP_2026-08-27_13-49-49_fixed__e000311.jpg,right,original,right,2.5808338932620245e-07,0.9999997615814209,True
D:\GRIP_Dataset\New_model\Chirality_Crops\aug27_final_v2_bbox\val\right\13-49-49\images\right\right__GRIP_2026-08-27_13-49-49_fixed__e000311.jpg,right,finger_side,right,0.00018411219934932888,0.9998158812522888,True
D:\GRIP_Dataset\New_model\Chirality_Crops\aug27_final_v2_bbox\val\right\13-49-49\images\right\right__GRIP_2026-08-27_13-49-49_fixed__e000311.jpg,right,cuff_side,right,1.2208651014589122e-06,0.9999988079071045,True
D:\GRIP_Dataset\New_model\Chirality_Crops\aug27_final_v2_bbox\val\right\13-49-49\images\right\right__GRIP_2026-08-27_13-49-49_fixed__e000311.jpg,right,centre,right,0.001576086739078164,0.9984239339828491,True
D:\GRIP_Dataset\New_model\Chirality_Crops\aug27_final_v2_bbox\val\right\13-49-49\images\right\right__GRIP_2026-08-27_13-49-49_fixed__e000311.jpg,right,top_background,right,2.5808338932620245e-07,0.9999997615814209,True
D:\GRIP_Dataset\New_model\Chirality_Crops\aug27_final_v2_bbox\val\right\13-49-49\images\right\right__GRIP_2026-08-27_13-49-49_fixed__e000311.jpg,right,bottom_background,right,2.5808338932620245e-07,0.9999997615814209,True
D:\GRIP_Dataset\New_model\Chirality_Crops\aug27_final_v2_bbox\val\right\13-49-49\images\right\right__GRIP_2026-08-27_13-49-49_fixed__e000312.jpg,right,original,right,4.351025836513145e-06,0.9999957084655762,True
D:\GRIP_Dataset\New_model\Chirality_Crops\aug27_final_v2_bbox\val\right\13-49-49\images\right\right__GRIP_2026-08-27_13-49-49_fixed__e000312.jpg,right,finger_side,right,0.00022756656107958406,0.9997724890708923,True
D:\GRIP_Dataset\New_model\Chirality_Crops\aug27_final_v2_bbox\val\right\13-49-49\images\right\right__GRIP_2026-08-27_13-49-49_fixed__e000312.jpg,right,cuff_side,right,0.00011354252637829632,0.9998863935470581,True
D:\GRIP_Dataset\New_model\Chirality_Crops\aug27_final_v2_bbox\val\right\13-49-49\images\right\right__GRIP_2026-08-27_13-49-49_fixed__e000312.jpg,right,centre,right,0.01246170699596405,0.98753821849823,True
D:\GRIP_Dataset\New_model\Chirality_Crops\aug27_final_v2_bbox\val\right\13-49-49\images\right\right__GRIP_2026-08-27_13-49-49_fixed__e000312.jpg,right,top_background,right,4.351025836513145e-06,0.9999957084655762,True
D:\GRIP_Dataset\New_model\Chirality_Crops\aug27_final_v2_bbox\val\right\13-49-49\images\right\right__GRIP_2026-08-27_13-49-49_fixed__e000312.jpg,right,bottom_background,right,4.351025836513145e-06,0.9999957084655762,True
D:\GRIP_Dataset\New_model\Chirality_Crops\aug27_final_v2_bbox\val\right\13-49-49\images\right\right__GRIP_2026-08-27_13-49-49_fixed__e000313.jpg,right,original,right,3.0790353378051805e-08,1.0,True
D:\GRIP_Dataset\New_model\Chirality_Crops\aug27_final_v2_bbox\val\right\13-49-49\images\right\right__GRIP_2026-08-27_13-49-49_fixed__e000313.jpg,right,finger_side,right,0.0011910178000107408,0.9988089799880981,True
D:\GRIP_Dataset\New_model\Chirality_Crops\aug27_final_v2_bbox\val\right\13-49-49\images\right\right__GRIP_2026-08-27_13-49-49_fixed__e000313.jpg,right,cuff_side,right,4.7453579554712633e-07,0.9999995231628418,True
D:\GRIP_Dataset\New_model\Chirality_Crops\aug27_final_v2_bbox\val\right\13-49-49\images\right\right__GRIP_2026-08-27_13-49-49_fixed__e000313.jpg,right,centre,right,0.0011009647278115153,0.998898983001709,True
D:\GRIP_Dataset\New_model\Chirality_Crops\aug27_final_v2_bbox\val\right\13-49-49\images\right\right__GRIP_2026-08-27_13-49-49_fixed__e000313.jpg,right,top_background,right,3.0790353378051805e-08,1.0,True
D:\GRIP_Dataset\New_model\Chirality_Crops\aug27_final_v2_bbox\val\right\13-49-49\images\right\right__GRIP_2026-08-27_13-49-49_fixed__e000313.jpg,right,bottom_background,right,3.0790353378051805e-08,1.0,True
D:\GRIP_Dataset\New_model\Chirality_Crops\aug27_final_v2_bbox\val\right\13-49-49\images\right\right__GRIP_2026-08-27_13-49-49_fixed__e000314.jpg,right,original,right,7.434073722834e-06,0.9999926090240479,True
D:\GRIP_Dataset\New_model\Chirality_Crops\aug27_final_v2_bbox\val\right\13-49-49\images\right\right__GRIP_2026-08-27_13-49-49_fixed__e000314.jpg,right,finger_side,right,0.0013928343541920185,0.9986072182655334,True
D:\GRIP_Dataset\New_model\Chirality_Crops\aug27_final_v2_bbox\val\right\13-49-49\images\right\right__GRIP_2026-08-27_13-49-49_fixed__e000314.jpg,right,cuff_side,right,0.0002828111464623362,0.9997171759605408,True
D:\GRIP_Dataset\New_model\Chirality_Crops\aug27_final_v2_bbox\val\right\13-49-49\images\right\right__GRIP_2026-08-27_13-49-49_fixed__e000314.jpg,right,centre,right,0.004257836379110813,0.99574214220047,True
D:\GRIP_Dataset\New_model\Chirality_Crops\aug27_final_v2_bbox\val\right\13-49-49\images\right\right__GRIP_2026-08-27_13-49-49_fixed__e000314.jpg,right,top_background,right,7.434073722834e-06,0.9999926090240479,True
D:\GRIP_Dataset\New_model\Chirality_Crops\aug27_final_v2_bbox\val\right\13-49-49\images\right\right__GRIP_2026-08-27_13-49-49_fixed__e000314.jpg,right,bottom_background,right,7.434073722834e-06,0.9999926090240479,True
D:\GRIP_Dataset\New_model\Chirality_Crops\aug27_final_v2_bbox\val\right\13-49-49\images\right\right__GRIP_2026-08-27_13-49-49_fixed__e000315.jpg,right,original,right,2.506583030026377e-07,0.9999997615814209,True
D:\GRIP_Dataset\New_model\Chirality_Crops\aug27_final_v2_bbox\val\right\13-49-49\images\right\right__GRIP_2026-08-27_13-49-49_fixed__e000315.jpg,right,finger_side,right,0.0036833982449024916,0.9963165521621704,True
D:\GRIP_Dataset\New_model\Chirality_Crops\aug27_final_v2_bbox\val\right\13-49-49\images\right\right__GRIP_2026-08-27_13-49-49_fixed__e000315.jpg,right,cuff_side,right,1.2908536746181198e-06,0.9999986886978149,True
D:\GRIP_Dataset\New_model\Chirality_Crops\aug27_final_v2_bbox\val\right\13-49-49\images\right\right__GRIP_2026-08-27_13-49-49_fixed__e000315.jpg,right,centre,right,0.0009609262342564762,0.9990390539169312,True
D:\GRIP_Dataset\New_model\Chirality_Crops\aug27_final_v2_bbox\val\right\13-49-49\images\right\right__GRIP_2026-08-27_13-49-49_fixed__e000315.jpg,right,top_background,right,2.506583030026377e-07,0.9999997615814209,True
D:\GRIP_Dataset\New_model\Chirality_Crops\aug27_final_v2_bbox\val\right\13-49-49\images\right\right__GRIP_2026-08-27_13-49-49_fixed__e000315.jpg,right,bottom_background,right,2.506583030026377e-07,0.9999997615814209,True
D:\GRIP_Dataset\New_model\Chirality_Crops\aug27_final_v2_bbox\val\right\13-49-49\images\right\right__GRIP_2026-08-27_13-49-49_fixed__e000316.jpg,right,original,right,9.375063382321969e-05,0.9999061822891235,True
D:\GRIP_Dataset\New_model\Chirality_Crops\aug27_final_v2_bbox\val\right\13-49-49\images\right\right__GRIP_2026-08-27_13-49-49_fixed__e000316.jpg,right,finger_side,right,0.004712515044957399,0.9952874183654785,True
D:\GRIP_Dataset\New_model\Chirality_Crops\aug27_final_v2_bbox\val\right\13-49-49\images\right\right__GRIP_2026-08-27_13-49-49_fixed__e000316.jpg,right,cuff_side,right,0.0007913325098343194,0.9992087483406067,True
D:\GRIP_Dataset\New_model\Chirality_Crops\aug27_final_v2_bbox\val\right\13-49-49\images\right\right__GRIP_2026-08-27_13-49-49_fixed__e000316.jpg,right,centre,right,0.037565771490335464,0.9624342918395996,True
D:\GRIP_Dataset\New_model\Chirality_Crops\aug27_final_v2_bbox\val\right\13-49-49\images\right\right__GRIP_2026-08-27_13-49-49_fixed__e000316.jpg,right,top_background,right,9.375063382321969e-05,0.9999061822891235,True
D:\GRIP_Dataset\New_model\Chirality_Crops\aug27_final_v2_bbox\val\right\13-49-49\images\right\right__GRIP_2026-08-27_13-49-49_fixed__e000316.jpg,right,bottom_background,right,9.375063382321969e-05,0.9999061822891235,True
D:\GRIP_Dataset\New_model\Chirality_Crops\aug27_final_v2_bbox\val\right\13-49-49\images\right\right__GRIP_2026-08-27_13-49-49_fixed__e000319.jpg,right,original,right,2.6134879590244964e-05,0.9999738931655884,True
D:\GRIP_Dataset\New_model\Chirality_Crops\aug27_final_v2_bbox\val\right\13-49-49\images\right\right__GRIP_2026-08-27_13-49-49_fixed__e000319.jpg,right,finger_side,right,0.002825717441737652,0.9971742630004883,True
D:\GRIP_Dataset\New_model\Chirality_Crops\aug27_final_v2_bbox\val\right\13-49-49\images\right\right__GRIP_2026-08-27_13-49-49_fixed__e000319.jpg,right,cuff_side,right,7.658814138267189e-05,0.9999233484268188,True
D:\GRIP_Dataset\New_model\Chirality_Crops\aug27_final_v2_bbox\val\right\13-49-49\images\right\right__GRIP_2026-08-27_13-49-49_fixed__e000319.jpg,right,centre,right,0.2163945585489273,0.7836053967475891,True
D:\GRIP_Dataset\New_model\Chirality_Crops\aug27_final_v2_bbox\val\right\13-49-49\images\right\right__GRIP_2026-08-27_13-49-49_fixed__e000319.jpg,right,top_background,right,3.380627458682284e-05,0.9999661445617676,True
D:\GRIP_Dataset\New_model\Chirality_Crops\aug27_final_v2_bbox\val\right\13-49-49\images\right\right__GRIP_2026-08-27_13-49-49_fixed__e000319.jpg,right,bottom_background,right,2.669489367690403e-05,0.9999732971191406,True
D:\GRIP_Dataset\New_model\Chirality_Crops\aug27_final_v2_bbox\val\right\13-49-49\images\right\right__GRIP_2026-08-27_13-49-49_fixed__e000320.jpg,right,original,right,8.47270541726175e-07,0.9999991655349731,True
D:\GRIP_Dataset\New_model\Chirality_Crops\aug27_final_v2_bbox\val\right\13-49-49\images\right\right__GRIP_2026-08-27_13-49-49_fixed__e000320.jpg,right,finger_side,right,0.0008836059714667499,0.9991163611412048,True
D:\GRIP_Dataset\New_model\Chirality_Crops\aug27_final_v2_bbox\val\right\13-49-49\images\right\right__GRIP_2026-08-27_13-49-49_fixed__e000320.jpg,right,cuff_side,right,4.152610017627012e-06,0.9999958276748657,True
D:\GRIP_Dataset\New_model\Chirality_Crops\aug27_final_v2_bbox\val\right\13-49-49\images\right\right__GRIP_2026-08-27_13-49-49_fixed__e000320.jpg,right,centre,right,0.0029183407314121723,0.9970816969871521,True
D:\GRIP_Dataset\New_model\Chirality_Crops\aug27_final_v2_bbox\val\right\13-49-49\images\right\right__GRIP_2026-08-27_13-49-49_fixed__e000320.jpg,right,top_background,right,8.179534916052944e-07,0.9999991655349731,True
D:\GRIP_Dataset\New_model\Chirality_Crops\aug27_final_v2_bbox\val\right\13-49-49\images\right\right__GRIP_2026-08-27_13-49-49_fixed__e000320.jpg,right,bottom_background,right,7.931681125228351e-07,0.9999991655349731,True
D:\GRIP_Dataset\New_model\Chirality_Crops\aug27_final_v2_bbox\val\right\13-49-49\images\right\right__GRIP_2026-08-27_13-49-49_fixed__e000321.jpg,right,original,right,2.525112358853221e-05,0.9999747276306152,True
D:\GRIP_Dataset\New_model\Chirality_Crops\aug27_final_v2_bbox\val\right\13-49-49\images\right\right__GRIP_2026-08-27_13-49-49_fixed__e000321.jpg,right,finger_side,right,0.005900270771235228,0.9940997362136841,True
D:\GRIP_Dataset\New_model\Chirality_Crops\aug27_final_v2_bbox\val\right\13-49-49\images\right\right__GRIP_2026-08-27_13-49-49_fixed__e000321.jpg,right,cuff_side,right,6.272951577557251e-05,0.9999372959136963,True
D:\GRIP_Dataset\New_model\Chirality_Crops\aug27_final_v2_bbox\val\right\13-49-49\images\right\right__GRIP_2026-08-27_13-49-49_fixed__e000321.jpg,right,centre,right,0.007819524966180325,0.9921804666519165,True
D:\GRIP_Dataset\New_model\Chirality_Crops\aug27_final_v2_bbox\val\right\13-49-49\images\right\right__GRIP_2026-08-27_13-49-49_fixed__e000321.jpg,right,top_background,right,2.525112358853221e-05,0.9999747276306152,True
D:\GRIP_Dataset\New_model\Chirality_Crops\aug27_final_v2_bbox\val\right\13-49-49\images\right\right__GRIP_2026-08-27_13-49-49_fixed__e000321.jpg,right,bottom_background,right,2.525112358853221e-05,0.9999747276306152,True
D:\GRIP_Dataset\New_model\Chirality_Crops\aug27_final_v2_bbox\val\right\13-49-49\images\right\right__GRIP_2026-08-27_13-49-49_fixed__e000322.jpg,right,original,right,6.19124989498232e-07,0.9999994039535522,True
D:\GRIP_Dataset\New_model\Chirality_Crops\aug27_final_v2_bbox\val\right\13-49-49\images\right\right__GRIP_2026-08-27_13-49-49_fixed__e000322.jpg,right,finger_side,right,0.004132492002099752,0.9958674907684326,True
D:\GRIP_Dataset\New_model\Chirality_Crops\aug27_final_v2_bbox\val\right\13-49-49\images\right\right__GRIP_2026-08-27_13-49-49_fixed__e000322.jpg,right,cuff_side,right,6.162970748846419e-06,0.9999938011169434,True
D:\GRIP_Dataset\New_model\Chirality_Crops\aug27_final_v2_bbox\val\right\13-49-49\images\right\right__GRIP_2026-08-27_13-49-49_fixed__e000322.jpg,right,centre,right,0.0010815523564815521,0.9989184141159058,True
D:\GRIP_Dataset\New_model\Chirality_Crops\aug27_final_v2_bbox\val\right\13-49-49\images\right\right__GRIP_2026-08-27_13-49-49_fixed__e000322.jpg,right,top_background,right,6.19124989498232e-07,0.9999994039535522,True
D:\GRIP_Dataset\New_model\Chirality_Crops\aug27_final_v2_bbox\val\right\13-49-49\images\right\right__GRIP_2026-08-27_13-49-49_fixed__e000322.jpg,right,bottom_background,right,6.19124989498232e-07,0.9999994039535522,True
D:\GRIP_Dataset\New_model\Chirality_Crops\aug27_final_v2_bbox\val\right\13-49-49\images\right\right__GRIP_2026-08-27_13-49-49_fixed__e000323.jpg,right,original,right,7.812944204488304e-06,0.9999921321868896,True
D:\GRIP_Dataset\New_model\Chirality_Crops\aug27_final_v2_bbox\val\right\13-49-49\images\right\right__GRIP_2026-08-27_13-49-49_fixed__e000323.jpg,right,finger_side,right,0.02064688690006733,0.979353129863739,True
D:\GRIP_Dataset\New_model\Chirality_Crops\aug27_final_v2_bbox\val\right\13-49-49\images\right\right__GRIP_2026-08-27_13-49-49_fixed__e000323.jpg,right,cuff_side,right,9.159657201962546e-05,0.999908447265625,True
D:\GRIP_Dataset\New_model\Chirality_Crops\aug27_final_v2_bbox\val\right\13-49-49\images\right\right__GRIP_2026-08-27_13-49-49_fixed__e000323.jpg,right,centre,right,0.13304047286510468,0.8669594526290894,True
D:\GRIP_Dataset\New_model\Chirality_Crops\aug27_final_v2_bbox\val\right\13-49-49\images\right\right__GRIP_2026-08-27_13-49-49_fixed__e000323.jpg,right,top_background,right,7.812944204488304e-06,0.9999921321868896,True
D:\GRIP_Dataset\New_model\Chirality_Crops\aug27_final_v2_bbox\val\right\13-49-49\images\right\right__GRIP_2026-08-27_13-49-49_fixed__e000323.jpg,right,bottom_background,right,7.812944204488304e-06,0.9999921321868896,True
D:\GRIP_Dataset\New_model\Chirality_Crops\aug27_final_v2_bbox\val\right\13-49-49\images\right\right__GRIP_2026-08-27_13-49-49_fixed__e000324.jpg,right,original,right,5.029045496485196e-06,0.9999949932098389,True
D:\GRIP_Dataset\New_model\Chirality_Crops\aug27_final_v2_bbox\val\right\13-49-49\images\right\right__GRIP_2026-08-27_13-49-49_fixed__e000324.jpg,right,finger_side,right,0.04925050586462021,0.9507494568824768,True
D:\GRIP_Dataset\New_model\Chirality_Crops\aug27_final_v2_bbox\val\right\13-49-49\images\right\right__GRIP_2026-08-27_13-49-49_fixed__e000324.jpg,right,cuff_side,right,4.9457110435469076e-05,0.9999505281448364,True
D:\GRIP_Dataset\New_model\Chirality_Crops\aug27_final_v2_bbox\val\right\13-49-49\images\right\right__GRIP_2026-08-27_13-49-49_fixed__e000324.jpg,right,centre,right,0.012175790965557098,0.9878242015838623,True
D:\GRIP_Dataset\New_model\Chirality_Crops\aug27_final_v2_bbox\val\right\13-49-49\images\right\right__GRIP_2026-08-27_13-49-49_fixed__e000324.jpg,right,top_background,right,5.029045496485196e-06,0.9999949932098389,True
D:\GRIP_Dataset\New_model\Chirality_Crops\aug27_final_v2_bbox\val\right\13-49-49\images\right\right__GRIP_2026-08-27_13-49-49_fixed__e000324.jpg,right,bottom_background,right,5.029045496485196e-06,0.9999949932098389,True
D:\GRIP_Dataset\New_model\Chirality_Crops\aug27_final_v2_bbox\val\right\13-49-49\images\right\right__GRIP_2026-08-27_13-49-49_fixed__e000325.jpg,right,original,right,5.964091656096571e-07,0.9999994039535522,True
D:\GRIP_Dataset\New_model\Chirality_Crops\aug27_final_v2_bbox\val\right\13-49-49\images\right\right__GRIP_2026-08-27_13-49-49_fixed__e000325.jpg,right,finger_side,right,0.008588639087975025,0.9914113283157349,True
D:\GRIP_Dataset\New_model\Chirality_Crops\aug27_final_v2_bbox\val\right\13-49-49\images\right\right__GRIP_2026-08-27_13-49-49_fixed__e000325.jpg,right,cuff_side,right,6.921277872606879e-06,0.999993085861206,True
D:\GRIP_Dataset\New_model\Chirality_Crops\aug27_final_v2_bbox\val\right\13-49-49\images\right\right__GRIP_2026-08-27_13-49-49_fixed__e000325.jpg,right,centre,right,0.00258430908434093,0.9974156618118286,True
D:\GRIP_Dataset\New_model\Chirality_Crops\aug27_final_v2_bbox\val\right\13-49-49\images\right\right__GRIP_2026-08-27_13-49-49_fixed__e000325.jpg,right,top_background,right,5.964091656096571e-07,0.9999994039535522,True
D:\GRIP_Dataset\New_model\Chirality_Crops\aug27_final_v2_bbox\val\right\13-49-49\images\right\right__GRIP_2026-08-27_13-49-49_fixed__e000325.jpg,right,bottom_background,right,5.964091656096571e-07,0.9999994039535522,True
D:\GRIP_Dataset\New_model\Chirality_Crops\aug27_final_v2_bbox\val\right\13-49-49\images\right\right__GRIP_2026-08-27_13-49-49_fixed__e000326.jpg,right,original,right,0.00016688191681168973,0.9998331069946289,True
D:\GRIP_Dataset\New_model\Chirality_Crops\aug27_final_v2_bbox\val\right\13-49-49\images\right\right__GRIP_2026-08-27_13-49-49_fixed__e000326.jpg,right,finger_side,right,0.1465512067079544,0.8534488081932068,True
D:\GRIP_Dataset\New_model\Chirality_Crops\aug27_final_v2_bbox\val\right\13-49-49\images\right\right__GRIP_2026-08-27_13-49-49_fixed__e000326.jpg,right,cuff_side,right,0.00027500942815095186,0.9997249245643616,True
D:\GRIP_Dataset\New_model\Chirality_Crops\aug27_final_v2_bbox\val\right\13-49-49\images\right\right__GRIP_2026-08-27_13-49-49_fixed__e000326.jpg,right,centre,right,0.0679493099451065,0.9320506453514099,True
D:\GRIP_Dataset\New_model\Chirality_Crops\aug27_final_v2_bbox\val\right\13-49-49\images\right\right__GRIP_2026-08-27_13-49-49_fixed__e000326.jpg,right,top_background,right,0.00016688191681168973,0.9998331069946289,True
D:\GRIP_Dataset\New_model\Chirality_Crops\aug27_final_v2_bbox\val\right\13-49-49\images\right\right__GRIP_2026-08-27_13-49-49_fixed__e000326.jpg,right,bottom_background,right,0.00016688191681168973,0.9998331069946289,True
D:\GRIP_Dataset\New_model\Chirality_Crops\aug27_final_v2_bbox\val\right\13-49-49\images\right\right__GRIP_2026-08-27_13-49-49_fixed__e000327.jpg,right,original,right,1.447525050934928e-06,0.9999985694885254,True
D:\GRIP_Dataset\New_model\Chirality_Crops\aug27_final_v2_bbox\val\right\13-49-49\images\right\right__GRIP_2026-08-27_13-49-49_fixed__e000327.jpg,right,finger_side,right,0.028905125334858894,0.9710949063301086,True
D:\GRIP_Dataset\New_model\Chirality_Crops\aug27_final_v2_bbox\val\right\13-49-49\images\right\right__GRIP_2026-08-27_13-49-49_fixed__e000327.jpg,right,cuff_side,right,3.6135818390903296e-06,0.9999964237213135,True
D:\GRIP_Dataset\New_model\Chirality_Crops\aug27_final_v2_bbox\val\right\13-49-49\images\right\right__GRIP_2026-08-27_13-49-49_fixed__e000327.jpg,right,centre,right,0.0026761896442621946,0.997323751449585,True
D:\GRIP_Dataset\New_model\Chirality_Crops\aug27_final_v2_bbox\val\right\13-49-49\images\right\right__GRIP_2026-08-27_13-49-49_fixed__e000327.jpg,right,top_background,right,1.447525050934928e-06,0.9999985694885254,True
D:\GRIP_Dataset\New_model\Chirality_Crops\aug27_final_v2_bbox\val\right\13-49-49\images\right\right__GRIP_2026-08-27_13-49-49_fixed__e000327.jpg,right,bottom_background,right,1.447525050934928e-06,0.9999985694885254,True
D:\GRIP_Dataset\New_model\Chirality_Crops\aug27_final_v2_bbox\val\right\13-49-49\images\right\right__GRIP_2026-08-27_13-49-49_fixed__e000328.jpg,right,original,right,0.00011928854655707255,0.9998806715011597,True
D:\GRIP_Dataset\New_model\Chirality_Crops\aug27_final_v2_bbox\val\right\13-49-49\images\right\right__GRIP_2026-08-27_13-49-49_fixed__e000328.jpg,right,finger_side,right,0.019341766834259033,0.9806581735610962,True
D:\GRIP_Dataset\New_model\Chirality_Crops\aug27_final_v2_bbox\val\right\13-49-49\images\right\right__GRIP_2026-08-27_13-49-49_fixed__e000328.jpg,right,cuff_side,right,0.0009534286218695343,0.9990465044975281,True
D:\GRIP_Dataset\New_model\Chirality_Crops\aug27_final_v2_bbox\val\right\13-49-49\images\right\right__GRIP_2026-08-27_13-49-49_fixed__e000328.jpg,right,centre,right,0.03020496293902397,0.9697950482368469,True
D:\GRIP_Dataset\New_model\Chirality_Crops\aug27_final_v2_bbox\val\right\13-49-49\images\right\right__GRIP_2026-08-27_13-49-49_fixed__e000328.jpg,right,top_background,right,0.00011928854655707255,0.9998806715011597,True
D:\GRIP_Dataset\New_model\Chirality_Crops\aug27_final_v2_bbox\val\right\13-49-49\images\right\right__GRIP_2026-08-27_13-49-49_fixed__e000328.jpg,right,bottom_background,right,0.00011928854655707255,0.9998806715011597,True
D:\GRIP_Dataset\New_model\Chirality_Crops\aug27_final_v2_bbox\val\right\13-49-49\images\right\right__GRIP_2026-08-27_13-49-49_fixed__e000330.jpg,right,original,right,5.253892140899552e-06,0.9999947547912598,True
D:\GRIP_Dataset\New_model\Chirality_Crops\aug27_final_v2_bbox\val\right\13-49-49\images\right\right__GRIP_2026-08-27_13-49-49_fixed__e000330.jpg,right,finger_side,right,0.01159723661839962,0.988402783870697,True
D:\GRIP_Dataset\New_model\Chirality_Crops\aug27_final_v2_bbox\val\right\13-49-49\images\right\right__GRIP_2026-08-27_13-49-49_fixed__e000330.jpg,right,cuff_side,right,4.116679701837711e-05,0.999958872795105,True
D:\GRIP_Dataset\New_model\Chirality_Crops\aug27_final_v2_bbox\val\right\13-49-49\images\right\right__GRIP_2026-08-27_13-49-49_fixed__e000330.jpg,right,centre,right,0.003608892671763897,0.9963911175727844,True
D:\GRIP_Dataset\New_model\Chirality_Crops\aug27_final_v2_bbox\val\right\13-49-49\images\right\right__GRIP_2026-08-27_13-49-49_fixed__e000330.jpg,right,top_background,right,5.253892140899552e-06,0.9999947547912598,True
D:\GRIP_Dataset\New_model\Chirality_Crops\aug27_final_v2_bbox\val\right\13-49-49\images\right\right__GRIP_2026-08-27_13-49-49_fixed__e000330.jpg,right,bottom_background,right,5.253892140899552e-06,0.9999947547912598,True
D:\GRIP_Dataset\New_model\Chirality_Crops\aug27_final_v2_bbox\val\right\13-49-49\images\right\right__GRIP_2026-08-27_13-49-49_fixed__e000331.jpg,right,original,right,1.5844421795918606e-05,0.9999841451644897,True
D:\GRIP_Dataset\New_model\Chirality_Crops\aug27_final_v2_bbox\val\right\13-49-49\images\right\right__GRIP_2026-08-27_13-49-49_fixed__e000331.jpg,right,finger_side,right,0.0007070743595249951,0.9992928504943848,True
D:\GRIP_Dataset\New_model\Chirality_Crops\aug27_final_v2_bbox\val\right\13-49-49\images\right\right__GRIP_2026-08-27_13-49-49_fixed__e000331.jpg,right,cuff_side,right,0.00014393325545825064,0.9998559951782227,True
D:\GRIP_Dataset\New_model\Chirality_Crops\aug27_final_v2_bbox\val\right\13-49-49\images\right\right__GRIP_2026-08-27_13-49-49_fixed__e000331.jpg,right,centre,right,0.04850571230053902,0.9514943361282349,True
D:\GRIP_Dataset\New_model\Chirality_Crops\aug27_final_v2_bbox\val\right\13-49-49\images\right\right__GRIP_2026-08-27_13-49-49_fixed__e000331.jpg,right,top_background,right,1.5844421795918606e-05,0.9999841451644897,True
D:\GRIP_Dataset\New_model\Chirality_Crops\aug27_final_v2_bbox\val\right\13-49-49\images\right\right__GRIP_2026-08-27_13-49-49_fixed__e000331.jpg,right,bottom_background,right,1.5844421795918606e-05,0.9999841451644897,True
D:\GRIP_Dataset\New_model\Chirality_Crops\aug27_final_v2_bbox\val\right\13-49-49\images\right\right__GRIP_2026-08-27_13-49-49_fixed__e000332.jpg,right,original,right,3.6709072901430773e-06,0.9999963045120239,True
D:\GRIP_Dataset\New_model\Chirality_Crops\aug27_final_v2_bbox\val\right\13-49-49\images\right\right__GRIP_2026-08-27_13-49-49_fixed__e000332.jpg,right,finger_side,right,0.0021587980445474386,0.9978412389755249,True
D:\GRIP_Dataset\New_model\Chirality_Crops\aug27_final_v2_bbox\val\right\13-49-49\images\right\right__GRIP_2026-08-27_13-49-49_fixed__e000332.jpg,right,cuff_side,right,7.301402365555987e-05,0.9999269247055054,True
D:\GRIP_Dataset\New_model\Chirality_Crops\aug27_final_v2_bbox\val\right\13-49-49\images\right\right__GRIP_2026-08-27_13-49-49_fixed__e000332.jpg,right,centre,right,0.0043701911345124245,0.9956297874450684,True
D:\GRIP_Dataset\New_model\Chirality_Crops\aug27_final_v2_bbox\val\right\13-49-49\images\right\right__GRIP_2026-08-27_13-49-49_fixed__e000332.jpg,right,top_background,right,3.6709072901430773e-06,0.9999963045120239,True
D:\GRIP_Dataset\New_model\Chirality_Crops\aug27_final_v2_bbox\val\right\13-49-49\images\right\right__GRIP_2026-08-27_13-49-49_fixed__e000332.jpg,right,bottom_background,right,3.6709072901430773e-06,0.9999963045120239,True
D:\GRIP_Dataset\New_model\Chirality_Crops\aug27_final_v2_bbox\val\right\13-49-49\images\right\right__GRIP_2026-08-27_13-49-49_fixed__e000333.jpg,right,original,right,3.096727596130222e-06,0.9999969005584717,True
D:\GRIP_Dataset\New_model\Chirality_Crops\aug27_final_v2_bbox\val\right\13-49-49\images\right\right__GRIP_2026-08-27_13-49-49_fixed__e000333.jpg,right,finger_side,right,0.0038764257915318012,0.9961236119270325,True
D:\GRIP_Dataset\New_model\Chirality_Crops\aug27_final_v2_bbox\val\right\13-49-49\images\right\right__GRIP_2026-08-27_13-49-49_fixed__e000333.jpg,right,cuff_side,right,3.313746447020094e-06,0.9999966621398926,True
D:\GRIP_Dataset\New_model\Chirality_Crops\aug27_final_v2_bbox\val\right\13-49-49\images\right\right__GRIP_2026-08-27_13-49-49_fixed__e000333.jpg,right,centre,right,0.018304403871297836,0.9816956520080566,True
D:\GRIP_Dataset\New_model\Chirality_Crops\aug27_final_v2_bbox\val\right\13-49-49\images\right\right__GRIP_2026-08-27_13-49-49_fixed__e000333.jpg,right,top_background,right,2.8270369512028992e-06,0.9999971389770508,True
D:\GRIP_Dataset\New_model\Chirality_Crops\aug27_final_v2_bbox\val\right\13-49-49\images\right\right__GRIP_2026-08-27_13-49-49_fixed__e000333.jpg,right,bottom_background,right,2.9653522233275e-06,0.9999970197677612,True
D:\GRIP_Dataset\New_model\Chirality_Crops\aug27_final_v2_bbox\val\right\13-49-49\images\right\right__GRIP_2026-08-27_13-49-49_fixed__e000334.jpg,right,original,right,0.00018638082838151604,0.9998136162757874,True
D:\GRIP_Dataset\New_model\Chirality_Crops\aug27_final_v2_bbox\val\right\13-49-49\images\right\right__GRIP_2026-08-27_13-49-49_fixed__e000334.jpg,right,finger_side,right,0.007355842739343643,0.9926441311836243,True
D:\GRIP_Dataset\New_model\Chirality_Crops\aug27_final_v2_bbox\val\right\13-49-49\images\right\right__GRIP_2026-08-27_13-49-49_fixed__e000334.jpg,right,cuff_side,right,0.0008688423549756408,0.9991311430931091,True
D:\GRIP_Dataset\New_model\Chirality_Crops\aug27_final_v2_bbox\val\right\13-49-49\images\right\right__GRIP_2026-08-27_13-49-49_fixed__e000334.jpg,right,centre,right,0.00017104475409723818,0.9998289346694946,True
D:\GRIP_Dataset\New_model\Chirality_Crops\aug27_final_v2_bbox\val\right\13-49-49\images\right\right__GRIP_2026-08-27_13-49-49_fixed__e000334.jpg,right,top_background,right,0.00021229020785540342,0.9997877478599548,True
D:\GRIP_Dataset\New_model\Chirality_Crops\aug27_final_v2_bbox\val\right\13-49-49\images\right\right__GRIP_2026-08-27_13-49-49_fixed__e000334.jpg,right,bottom_background,right,0.00037882057949900627,0.9996211528778076,True
D:\GRIP_Dataset\New_model\Chirality_Crops\aug27_final_v2_bbox\val\right\13-49-49\images\right\right__GRIP_2026-08-27_13-49-49_fixed__e000335.jpg,right,original,right,1.0873672806610557e-07,0.9999998807907104,True
D:\GRIP_Dataset\New_model\Chirality_Crops\aug27_final_v2_bbox\val\right\13-49-49\images\right\right__GRIP_2026-08-27_13-49-49_fixed__e000335.jpg,right,finger_side,right,0.0003342454438097775,0.9996657371520996,True
D:\GRIP_Dataset\New_model\Chirality_Crops\aug27_final_v2_bbox\val\right\13-49-49\images\right\right__GRIP_2026-08-27_13-49-49_fixed__e000335.jpg,right,cuff_side,right,1.1141936511194217e-06,0.999998927116394,True
D:\GRIP_Dataset\New_model\Chirality_Crops\aug27_final_v2_bbox\val\right\13-49-49\images\right\right__GRIP_2026-08-27_13-49-49_fixed__e000335.jpg,right,centre,right,0.00018156693840865046,0.9998185038566589,True
D:\GRIP_Dataset\New_model\Chirality_Crops\aug27_final_v2_bbox\val\right\13-49-49\images\right\right__GRIP_2026-08-27_13-49-49_fixed__e000335.jpg,right,top_background,right,1.0989742804667912e-06,0.999998927116394,True
D:\GRIP_Dataset\New_model\Chirality_Crops\aug27_final_v2_bbox\val\right\13-49-49\images\right\right__GRIP_2026-08-27_13-49-49_fixed__e000335.jpg,right,bottom_background,right,1.3891600758597633e-07,0.9999998807907104,True
D:\GRIP_Dataset\New_model\Chirality_Crops\aug27_final_v2_bbox\val\right\13-49-49\images\right\right__GRIP_2026-08-27_13-49-49_fixed__e000336.jpg,right,original,right,3.3400422125851037e-06,0.9999966621398926,True
D:\GRIP_Dataset\New_model\Chirality_Crops\aug27_final_v2_bbox\val\right\13-49-49\images\right\right__GRIP_2026-08-27_13-49-49_fixed__e000336.jpg,right,finger_side,right,0.0014273877022787929,0.998572587966919,True
D:\GRIP_Dataset\New_model\Chirality_Crops\aug27_final_v2_bbox\val\right\13-49-49\images\right\right__GRIP_2026-08-27_13-49-49_fixed__e000336.jpg,right,cuff_side,right,1.8330685634282418e-05,0.9999816417694092,True
D:\GRIP_Dataset\New_model\Chirality_Crops\aug27_final_v2_bbox\val\right\13-49-49\images\right\right__GRIP_2026-08-27_13-49-49_fixed__e000336.jpg,right,centre,left,0.8700554370880127,0.12994453310966492,False
D:\GRIP_Dataset\New_model\Chirality_Crops\aug27_final_v2_bbox\val\right\13-49-49\images\right\right__GRIP_2026-08-27_13-49-49_fixed__e000336.jpg,right,top_background,right,3.3400422125851037e-06,0.9999966621398926,True
D:\GRIP_Dataset\New_model\Chirality_Crops\aug27_final_v2_bbox\val\right\13-49-49\images\right\right__GRIP_2026-08-27_13-49-49_fixed__e000336.jpg,right,bottom_background,right,3.3400422125851037e-06,0.9999966621398926,True
D:\GRIP_Dataset\New_model\Chirality_Crops\aug27_final_v2_bbox\val\right\13-49-49\images\right\right__GRIP_2026-08-27_13-49-49_fixed__e000338.jpg,right,original,right,1.5818762904018513e-06,0.9999984502792358,True
D:\GRIP_Dataset\New_model\Chirality_Crops\aug27_final_v2_bbox\val\right\13-49-49\images\right\right__GRIP_2026-08-27_13-49-49_fixed__e000338.jpg,right,finger_side,right,0.0014037671498954296,0.9985962510108948,True
D:\GRIP_Dataset\New_model\Chirality_Crops\aug27_final_v2_bbox\val\right\13-49-49\images\right\right__GRIP_2026-08-27_13-49-49_fixed__e000338.jpg,right,cuff_side,right,7.18468363629654e-05,0.9999281167984009,True
D:\GRIP_Dataset\New_model\Chirality_Crops\aug27_final_v2_bbox\val\right\13-49-49\images\right\right__GRIP_2026-08-27_13-49-49_fixed__e000338.jpg,right,centre,right,0.002556025516241789,0.9974440336227417,True
D:\GRIP_Dataset\New_model\Chirality_Crops\aug27_final_v2_bbox\val\right\13-49-49\images\right\right__GRIP_2026-08-27_13-49-49_fixed__e000338.jpg,right,top_background,right,4.478595656109974e-06,0.9999954700469971,True
D:\GRIP_Dataset\New_model\Chirality_Crops\aug27_final_v2_bbox\val\right\13-49-49\images\right\right__GRIP_2026-08-27_13-49-49_fixed__e000338.jpg,right,bottom_background,right,3.351142368046567e-06,0.9999966621398926,True
D:\GRIP_Dataset\New_model\Chirality_Crops\aug27_final_v2_bbox\val\right\13-49-49\images\right\right__GRIP_2026-08-27_13-49-49_fixed__e000339.jpg,right,original,right,4.954826727043837e-05,0.9999504089355469,True
D:\GRIP_Dataset\New_model\Chirality_Crops\aug27_final_v2_bbox\val\right\13-49-49\images\right\right__GRIP_2026-08-27_13-49-49_fixed__e000339.jpg,right,finger_side,right,0.43621107935905457,0.5637889504432678,True
D:\GRIP_Dataset\New_model\Chirality_Crops\aug27_final_v2_bbox\val\right\13-49-49\images\right\right__GRIP_2026-08-27_13-49-49_fixed__e000339.jpg,right,cuff_side,right,4.0055441786535084e-05,0.9999599456787109,True
D:\GRIP_Dataset\New_model\Chirality_Crops\aug27_final_v2_bbox\val\right\13-49-49\images\right\right__GRIP_2026-08-27_13-49-49_fixed__e000339.jpg,right,centre,right,0.3989412784576416,0.6010587215423584,True
D:\GRIP_Dataset\New_model\Chirality_Crops\aug27_final_v2_bbox\val\right\13-49-49\images\right\right__GRIP_2026-08-27_13-49-49_fixed__e000339.jpg,right,top_background,right,4.5830423914594576e-05,0.9999542236328125,True
D:\GRIP_Dataset\New_model\Chirality_Crops\aug27_final_v2_bbox\val\right\13-49-49\images\right\right__GRIP_2026-08-27_13-49-49_fixed__e000339.jpg,right,bottom_background,right,4.495533721637912e-05,0.9999550580978394,True
